protein1	protein2	locs1	locs2	sizes	category
P51668	Q96EQ8	Cytoplasm	Golgi apparatus,Membrane	1|2	oneMulti
Q9H3H1	Q9UBS3	Cytoplasm,Mitochondrion	Endoplasmic reticulum	2|1	oneMulti
O60260	Q9Y2X8	Cell projection,Cytoplasm,Endoplasmic reticulum,Membrane,Mitochondrion,Mitochondrion outer membrane,Nucleus,Synapse	none	8|1	oneMulti
P40222	Q16623	none	Cell membrane,Cytoplasmic vesicle,Membrane,Secreted,Synapse,Synaptosome	1|6	oneMulti
P62424	Q8TD47	Cytoplasm	none	1|1	bothSingle
A0A2R8Y422	P25398	none	Cytoplasm,Nucleus	1|2	oneMulti
O15212	Q9UHV9	none	Cytoplasm,Mitochondrion,Nucleus	1|3	oneMulti
Q68DI1	Q96CB9	Nucleus	Mitochondrion	1|1	bothSingle
Q5QJE6	Q6DKK2	Nucleus	Membrane,Mitochondrion,Mitochondrion inner membrane	1|3	oneMulti
O95757	P34931	Cytoplasm,Nucleus	none	2|1	oneMulti
P49798	P50148	none	Cell membrane,Golgi apparatus,Membrane,Nucleus	1|4	oneMulti
Q8NEK8	Q9Y6J0	none	Nucleus	1|1	bothSingle
P22612	Q9P0M2	none	Cytoplasm,Nucleus	1|2	oneMulti
P11234	Q3MIN7	Cell membrane,Membrane	none	2|1	oneMulti
P05386	Q9Y2L1	none	Cytoplasm,Exosome,Nucleus	1|3	oneMulti
P11686	Q96G97	Secreted,Surface film	Endoplasmic reticulum,Lipid droplet,Membrane	2|3	bothMulti
O00418	Q9NRX2	none	Mitochondrion	1|1	bothSingle
P32243	P53701	Nucleus	Membrane,Mitochondrion,Mitochondrion inner membrane	1|3	oneMulti
P49862	Q9UBC9	Secreted	Cytoplasm	1|1	bothSingle
Q5T0J7	Q9BQD3	none	Lysosome,Membrane	1|2	oneMulti
Q66K74	Q92611	Cytoplasm,Cytoskeleton,Microtubule,Nucleus	Endoplasmic reticulum,Membrane	4|2	bothMulti
Q6P3W2	Q9BQ48	Cytoplasm,Cytoskeleton	Mitochondrion	2|1	oneMulti
O75354	P54253	Cell membrane,Golgi apparatus,Membrane,Secreted	Cytoplasm,Nucleus	4|2	bothMulti
P01106	P40939	Cytoplasm,Nucleus	Membrane,Mitochondrion,Mitochondrion inner membrane	2|3	bothMulti
Q16650	Q8IWL3	Nucleus	Cytoplasm,Mitochondrion	1|2	oneMulti
Q9NP77	Q9ULW5	Cytoplasm,Nucleus	Cytoplasmic vesicle,Golgi apparatus,Membrane	2|3	bothMulti
P45974	P62979	none	Cytoplasm,Nucleus	1|2	oneMulti
P15814	Q9UKI3	Endoplasmic reticulum,Secreted	none	2|1	oneMulti
Q13042	Q9UPN9	Cytoplasm,Cytoskeleton	Nucleus	2|1	oneMulti
Q04917	Q96NE9	none	Cell membrane,Cytoplasm,Membrane	1|3	oneMulti
Q7Z3J3	Q9UBU9	none	Cytoplasm,Nuclear pore complex,Nucleus	1|3	oneMulti
Q92901	Q9BZE4	none	Nucleus	1|1	bothSingle
Q13308	Q8N474	Cell junction,Membrane	Secreted	2|1	oneMulti
Q969E8	Q9BXW4	none	Cytoplasm,Cytoplasmic vesicle,Cytoskeleton,Membrane,Microtubule	1|5	oneMulti
Q9H967	Q9NRZ9	none	Nucleus	1|1	bothSingle
P62736	Q8TCA0	Cytoplasm,Cytoskeleton	none	2|1	oneMulti
P15498	P21860	none	Cell membrane,Membrane,Secreted	1|3	oneMulti
P21796	Q13501	Cell membrane,Membrane,Mitochondrion,Mitochondrion outer membrane	Cytoplasm,Cytoplasmic vesicle,Endoplasmic reticulum,Endosome,Lysosome,Nucleus	4|6	bothMulti
Q969T4	Q9P0P0	Cytoplasm,Nucleus	none	2|1	oneMulti
Q53GG5	Q5M775	Cytoplasm	Membrane,Nucleus	1|2	oneMulti
Q8N5M4	Q9NWB7	none	Cell projection,Cilium,Cytoplasm,Cytoskeleton	1|4	oneMulti
P79522	Q9Y3D3	none	Mitochondrion	1|1	bothSingle
Q9C0B7	Q9H6T3	Membrane	none	1|1	bothSingle
Q9BU89	Q9UMX2	none	Cytoplasm,Nucleus	1|2	oneMulti
Q7Z5U6	Q99680	none	Cell membrane,Membrane	1|2	oneMulti
Q6MZZ7	Q96L46	none	Cell membrane,Cytoplasm,Membrane	1|3	oneMulti
Q8NEF9	Q96P11	Cytoplasm	Nucleus	1|1	bothSingle
O75293	Q9H9A5	none	Cytoplasm,Nucleus	1|2	oneMulti
Q6ZSC3	Q8TDB6	none	Cytoplasm,Endosome,Lysosome,Membrane,Nucleus	1|5	oneMulti
A6NHC0	O14815	Cytoplasm,Golgi apparatus	none	2|1	oneMulti
Q68J44	Q96AT9	Cytoplasm,Nucleus	none	2|1	oneMulti
P60510	Q6ZMV5	Cytoplasm,Cytoskeleton,Nucleus	none	3|1	oneMulti
P19087	P49795	Cell projection	Membrane	1|1	bothSingle
O60293	Q9NZ42	Nucleus	Cell membrane,Endoplasmic reticulum,Golgi apparatus,Membrane	1|4	oneMulti
Q4V339	Q6ZRI6	Nucleus	none	1|1	bothSingle
Q6P5X5	Q9Y6H3	Secreted,Synapse	none	2|1	oneMulti
P42685	Q9NWQ8	Cytoplasm,Nucleus	Cell membrane,Membrane	2|2	bothMulti
P01137	P61073	Extracellular matrix,Secreted	Cell junction,Cell membrane,Endosome,Lysosome,Membrane	2|5	bothMulti
P54619	Q13131	none	Cytoplasm,Nucleus	1|2	oneMulti
P19429	Q8TD86	none	Cytoplasm,Nucleus	1|2	oneMulti
Q92619	Q9P107	Cell membrane,Cell projection,Cytoplasm,Membrane	none	4|1	oneMulti
Q6P3S6	Q86X27	none	Cell membrane,Cytoplasm,Membrane	1|3	oneMulti
Q6GMV2	Q96TC7	none	Cytoplasm,Cytoskeleton,Membrane,Microtubule,Mitochondrion,Mitochondrion outer membrane,Nucleus	1|7	oneMulti
P58557	P82912	Nucleus	Mitochondrion	1|1	bothSingle
A2PYH4	O60938	none	Extracellular matrix,Secreted	1|2	oneMulti
Q14166	Q9C0B5	Cytoplasm,Cytoskeleton,Nucleus	Cell membrane,Membrane,Synapse	3|3	bothMulti
P41743	Q5MJ08	Cytoplasm,Endosome,Membrane,Nucleus	none	4|1	oneMulti
P47224	Q99704	none	Cytoplasm,Nucleus	1|2	oneMulti
Q86VP3	Q9Y2I8	Endoplasmic reticulum,Mitochondrion	Cytoplasm,Nucleus	2|2	bothMulti
P62837	Q8WVD3	none	Chromosome	1|1	bothSingle
Q2I0M5	Q9BXB1	Secreted	Cell membrane,Membrane	1|2	oneMulti
P60002	Q49AR2	Nucleus	none	1|1	bothSingle
O76071	Q9H6Q4	Cytoplasm	none	1|1	bothSingle
Q8WWB3	Q96IM9	Cell projection,Cilium,Cytoplasm,Cytoskeleton,Flagellum	none	5|1	oneMulti
Q9BUA6	Q9Y623	none	Cytoplasm,Thick filament	1|2	oneMulti
P27338	Q14994	Membrane,Mitochondrion,Mitochondrion outer membrane	Cytoplasm,Cytoskeleton,Nucleus	3|3	bothMulti
Q5W0V3	Q96ED9	none	Cytoplasm,Cytoskeleton,Golgi apparatus,Microtubule	1|4	oneMulti
Q6P2H3	Q9NVH1	Cytoplasm,Cytoskeleton,Nucleus	Membrane,Mitochondrion,Mitochondrion outer membrane	3|3	bothMulti
Q96ES7	Q9BUH8	Nucleus	Cytoplasm,Membrane	1|2	oneMulti
P14598	P63151	Cytoplasm,Membrane	none	2|1	oneMulti
P10586	P14543	Membrane	Basement membrane,Extracellular matrix,Secreted	1|3	oneMulti
P49643	Q14181	Primosome	Nucleus	1|1	bothSingle
P25024	P80162	Cell membrane,Membrane	Secreted	2|1	oneMulti
P84098	Q8NHQ9	Cytoplasm	none	1|1	bothSingle
Q13501	Q7Z7M9	Cytoplasm,Cytoplasmic vesicle,Endoplasmic reticulum,Endosome,Lysosome,Nucleus	Golgi apparatus,Membrane	6|2	bothMulti
P55040	Q12933	Cell membrane,Membrane	Cytoplasm	2|1	oneMulti
O15131	O60942	Cytoplasm	Nucleus	1|1	bothSingle
Q96BP3	Q9NW82	Nucleus,Spliceosome	none	2|1	oneMulti
P19237	Q6P5Q4	none	Cytoplasm,Cytoskeleton	1|2	oneMulti
Q9NX40	Q9Y6C9	Endosome	Membrane,Mitochondrion,Mitochondrion outer membrane	1|3	oneMulti
Q13158	Q13546	none	Cell membrane,Cytoplasm,Membrane	1|3	oneMulti
Q05D32	Q86V81	none	Cytoplasm,Nucleus,Spliceosome	1|3	oneMulti
Q8N461	Q9P260	none	Endosome,Golgi apparatus	1|2	oneMulti
O00762	Q00534	none	Cell projection,Cytoplasm,Cytoskeleton,Nucleus	1|4	oneMulti
O43432	Q9BUB5	none	Cytoplasm,Nucleus	1|2	oneMulti
P43362	Q8WV22	none	Chromosome,Nucleus,Telomere	1|3	oneMulti
O60500	P24855	Cell membrane,Membrane	Cytoplasmic vesicle,Nucleus,Secreted	2|3	bothMulti
A0A5S8K742	P48167	none	Cell membrane,Cell projection,Cytoplasm,Membrane,Postsynaptic cell membrane,Synapse	1|6	oneMulti
Q8WXH5	Q9BXM7	none	Cytoplasm,Membrane,Mitochondrion,Mitochondrion inner membrane,Mitochondrion outer membrane	1|5	oneMulti
Q5W0V3	Q9NUY8	none	Cytoplasmic vesicle,Golgi apparatus	1|2	oneMulti
Q96MV1	Q9UBS3	Membrane	Endoplasmic reticulum	1|1	bothSingle
A5PLN9	Q8WVT3	none	Nucleus	1|1	bothSingle
O43930	P31323	none	Cell membrane,Cytoplasm,Membrane	1|3	oneMulti
P41221	Q9NPG1	Extracellular matrix,Secreted	Cell membrane,Membrane	2|2	bothMulti
P12830	P18621	Cell junction,Cell membrane,Endosome,Golgi apparatus,Membrane	Cytoplasm	5|1	oneMulti
Q68CZ1	Q96T37	Cell junction,Cell projection,Cilium,Cytoplasm,Cytoskeleton,Tight junction	Membrane,Nucleus	6|2	bothMulti
Q13838	Q96PV6	Cytoplasm,Nucleus,Spliceosome	none	3|1	oneMulti
P23526	Q9BV19	Cytoplasm,Endoplasmic reticulum,Nucleus	none	3|1	oneMulti
A6NMX2	Q9ULG1	none	Chromosome,Cytoplasm,Cytoskeleton,Microtubule,Nucleus	1|5	oneMulti
P29353	Q9Y316	Cell junction,Cytoplasm,Mitochondrion	none	3|1	oneMulti
O15455	O43187	Endoplasmic reticulum,Endosome,Membrane	none	3|1	oneMulti
Q12816	Q9NXX6	none	Chromosome,Nucleus,Telomere	1|3	oneMulti
Q3SY69	Q7L804	Mitochondrion	Cell membrane,Cell projection,Endosome,Membrane	1|4	oneMulti
Q86WX3	Q9BQ48	Nucleus	Mitochondrion	1|1	bothSingle
Q9H6Z9	Q9HD45	Cytoplasm,Nucleus	Membrane	2|1	oneMulti
Q16543	Q9H093	Cytoplasm	none	1|1	bothSingle
O00322	P35247	Membrane	Extracellular matrix,Secreted,Surface film	1|3	oneMulti
P56182	Q92623	Nucleus	none	1|1	bothSingle
P51668	Q9ULK6	Cytoplasm	Membrane	1|1	bothSingle
Q3B7S5	Q6ICB0	Membrane	Cytoplasm,Nucleus	1|2	oneMulti
O75122	P49840	Cell membrane,Cell projection,Centromere,Chromosome,Cytoplasm,Cytoskeleton,Golgi apparatus,Kinetochore,Membrane,Microtubule	none	10|1	oneMulti
Q13557	Q9NZT1	Cell membrane,Membrane,Sarcoplasmic reticulum	none	3|1	oneMulti
Q13686	Q9UIC8	Mitochondrion,Nucleus	none	2|1	oneMulti
Q96AW1	Q96G27	Cytoplasmic vesicle,Endosome,Lysosome,Membrane	none	4|1	oneMulti
P22455	Q9ULV8	Cell membrane,Endoplasmic reticulum,Endosome,Membrane,Secreted	none	5|1	oneMulti
Q96L50	Q9Y575	Nucleus	none	1|1	bothSingle
Q01449	Q9UKX3	none	Cytoplasm,Thick filament	1|2	oneMulti
P01116	Q13576	Cell membrane,Cytoplasm,Membrane	none	3|1	oneMulti
Q9NWK9	Q9Y2X3	none	Nucleus	1|1	bothSingle
A6NFK2	P47755	Cell projection	none	1|1	bothSingle
Q86YC2	Q8IXB1	Nucleus	Endoplasmic reticulum	1|1	bothSingle
P07492	Q4J6C6	Cell projection,Cytoplasmic vesicle,Secreted	Cytoplasm,Cytoskeleton,Golgi apparatus,Nucleus	3|4	bothMulti
O14561	Q15800	Mitochondrion	Endoplasmic reticulum,Membrane	1|2	oneMulti
P48539	Q96GE6	none	Cell projection	1|1	bothSingle
P15498	Q8N720	none	Nucleus	1|1	bothSingle
P60006	Q9BS18	none	Nucleus	1|1	bothSingle
O43639	P37173	Cytoplasm,Endoplasmic reticulum	Cell membrane,Membrane,Secreted	2|3	bothMulti
Q13601	Q8TD47	Cytoplasm,Nucleus	none	2|1	oneMulti
Q2VWP7	Q9Y2D4	Membrane	none	1|1	bothSingle
P15374	Q15843	Cytoplasm	Nucleus	1|1	bothSingle
O95067	P24941	none	Cytoplasm,Cytoskeleton,Endosome,Nucleus	1|4	oneMulti
P57054	Q14442	Membrane	Cytoplasm	1|1	bothSingle
O43482	Q5JVL4	Centromere,Chromosome,Nucleus	Cell projection,Cytoplasm,Cytoskeleton	3|3	bothMulti
O75581	P56704	Cell membrane,Endoplasmic reticulum,Membrane	Extracellular matrix,Secreted	3|2	bothMulti
Q6DHV5	Q9UPM9	none	Cell projection,Cytoplasm,Cytoskeleton	1|3	oneMulti
P80188	Q5H9R7	Cytoplasmic vesicle,Secreted	Cytoplasm,Nucleus	2|2	bothMulti
P31947	Q04917	Cytoplasm,Nucleus,Secreted	none	3|1	oneMulti
Q96KN7	Q9UGI9	Cell projection,Cilium	none	2|1	oneMulti
Q7Z6Z6	Q8WTS1	none	Cytoplasm,Lipid droplet	1|2	oneMulti
Q86YV9	Q9NQG7	Cytoplasm,Endoplasmic reticulum,Endosome,Lysosome,Membrane,Microsome	none	6|1	oneMulti
P10398	P31947	none	Cytoplasm,Nucleus,Secreted	1|3	oneMulti
P11047	Q9HCN8	Basement membrane,Extracellular matrix,Secreted	Endoplasmic reticulum	3|1	oneMulti
P27348	Q00537	Cytoplasm	none	1|1	bothSingle
Q66GS9	Q9NWH7	Cytoplasm,Cytoskeleton	Cell projection,Cilium,Flagellum,Secreted	2|4	bothMulti
Q5JVG2	Q6WRX3	Nucleus	none	1|1	bothSingle
A0A087WTH5	Q8N8J7	none	Membrane	1|1	bothSingle
Q13496	Q9NXD2	Cell membrane,Cell projection,Cytoplasm,Endosome,Membrane	none	5|1	oneMulti
O60938	Q8N1F8	Extracellular matrix,Secreted	Cytoplasm	2|1	oneMulti
Q92901	Q9BQ67	none	Chromosome,Nucleus	1|2	oneMulti
Q05048	Q9H0E2	Nucleus	Cytoplasm,Endosome	1|2	oneMulti
P01111	Q96FG2	Cell membrane,Golgi apparatus,Membrane	Cell projection,Cilium,Cytoplasm,Cytoskeleton	3|4	bothMulti
P07237	Q9Y6H1	Cell membrane,Endoplasmic reticulum,Membrane	Mitochondrion,Nucleus	3|2	bothMulti
P63027	Q9NUW8	Cell membrane,Cytoplasmic vesicle,Membrane,Synapse	Cytoplasm,Nucleus	4|2	bothMulti
P62701	Q13206	Cytoplasm,Nucleus	none	2|1	oneMulti
Q96GY3	Q9Y4I5	none	Cytoplasm,Nucleus	1|2	oneMulti
Q14201	Q9UIV1	none	Cytoplasm,Nucleus	1|2	oneMulti
O14578	Q9UIG0	Cytoplasm	Nucleus	1|1	bothSingle
O14950	Q8NEV4	none	Cell projection,Cytoplasm,Cytoskeleton	1|3	oneMulti
Q86UT8	Q9NX01	Cytoplasm,Cytoskeleton	Nucleus	2|1	oneMulti
O14607	Q93073	Nucleus	none	1|1	bothSingle
O94761	Q9H9J2	Cytoplasm,Nucleus	Mitochondrion	2|1	oneMulti
P21246	Q12873	Secreted	Cytoplasm,Cytoskeleton,Nucleus	1|3	oneMulti
Q9BVV7	Q9H6Z9	Membrane,Mitochondrion	Cytoplasm,Nucleus	2|2	bothMulti
Q13188	Q9H2L5	Cytoplasm,Cytoskeleton,Nucleus	none	3|1	oneMulti
Q13342	Q9H930	Cytoplasm,Nucleus	none	2|1	oneMulti
Q06141	Q5T870	Secreted	none	1|1	bothSingle
Q8WV22	Q96M61	Chromosome,Nucleus,Telomere	Cytoplasm	3|1	oneMulti
Q15119	Q8NEF9	Mitochondrion	Cytoplasm	1|1	bothSingle
Q8IY63	Q9GZV5	Cell junction,Tight junction	Cell membrane,Cytoplasm,Membrane,Nucleus	2|4	bothMulti
Q6NSW7	Q86V86	Nucleus	Cytoplasm	1|1	bothSingle
Q969Q0	Q9NVU7	Cytoplasm	Nucleus	1|1	bothSingle
P0DKL9	Q15047	none	Chromosome,Cytoplasm,Nucleus	1|3	oneMulti
P29353	P54762	Cell junction,Cytoplasm,Mitochondrion	Cell membrane,Cell projection,Endosome,Membrane	3|4	bothMulti
P78413	Q8NDI1	Nucleus	Cytoplasm,Endosome,Membrane	1|3	oneMulti
Q14008	Q14C86	Centromere,Chromosome,Cytoplasm,Cytoskeleton,Kinetochore	Endosome,Membrane	5|2	bothMulti
O75051	O95428	Cell membrane,Membrane	Secreted	2|1	oneMulti
Q2WEN9	Q9H3S3	Secreted	Cell membrane,Membrane	1|2	oneMulti
Q16637	Q96EN9	Cell projection,Cytoplasm,Nucleus	none	3|1	oneMulti
Q8N957	Q96M69	none	Cell projection,Cytoplasm,Cytoplasmic vesicle,Cytoskeleton	1|4	oneMulti
Q08334	Q16552	Membrane	Secreted	1|1	bothSingle
O75808	P33151	none	Cell junction,Cell membrane,Membrane	1|3	oneMulti
O15539	P19087	Cytoplasm,Membrane	Cell projection	2|1	oneMulti
Q13163	Q16539	none	Cytoplasm,Nucleus	1|2	oneMulti
P55273	Q9BRT2	Cytoplasm,Nucleus	Membrane,Mitochondrion,Mitochondrion inner membrane,Mitochondrion nucleoid	2|4	bothMulti
Q71UM5	Q99613	none	Cytoplasm	1|1	bothSingle
A2A368	Q9NXX6	none	Chromosome,Nucleus,Telomere	1|3	oneMulti
O95631	Q8IZJ1	Cytoplasm,Secreted	Cell membrane,Membrane	2|2	bothMulti
O60504	Q8N4B1	Cell junction,Cytoplasm,Cytoskeleton,Nucleus	Cytoplasmic vesicle,Endosome,Golgi apparatus	4|3	bothMulti
Q15035	Q9UBC1	Membrane	Nucleus	1|1	bothSingle
Q16832	Q9H792	Cell membrane,Membrane	Cell junction,Cytoplasm,Cytoskeleton	2|3	bothMulti
P10398	Q02750	none	Cytoplasm,Cytoskeleton,Membrane,Nucleus	1|4	oneMulti
O75356	Q9HBL0	Endoplasmic reticulum,Secreted	Cell junction,Cytoplasm,Cytoskeleton	2|3	bothMulti
P49642	Q5TBB1	DNA-directed RNA polymerase,Primosome	Nucleus	2|1	oneMulti
Q9H6Y5	Q9UJX4	none	Cytoplasm,Cytoskeleton,Nucleus	1|3	oneMulti
P21281	Q8N573	Cell membrane,Cytoplasm,Cytoplasmic vesicle,Membrane,Synapse	Mitochondrion	5|1	oneMulti
P52951	Q86V86	Nucleus	Cytoplasm	1|1	bothSingle
Q00722	Q01970	none	Cytoplasm,Membrane,Nucleus	1|3	oneMulti
Q7Z699	Q9Y575	Cell membrane,Membrane,Nucleus	none	3|1	oneMulti
O95067	Q9BPX3	none	Chromosome,Cytoplasm,Nucleus	1|3	oneMulti
P51965	Q96FW1	Nucleus	Cytoplasm	1|1	bothSingle
P59190	Q8IV04	Cell membrane,Membrane	none	2|1	oneMulti
Q96MX6	Q9H6T3	Cytoplasm	none	1|1	bothSingle
O43295	O60341	none	Nucleus	1|1	bothSingle
O43676	P33552	Membrane,Mitochondrion,Mitochondrion inner membrane	none	3|1	oneMulti
Q07973	Q9NR83	Mitochondrion	Cytoplasm,Nucleus	1|2	oneMulti
Q07889	Q9UQC2	none	Cell membrane,Cytoplasm,Membrane	1|3	oneMulti
Q9ULW3	Q9UN86	Nucleus	Cytoplasm	1|1	bothSingle
Q96Q07	Q9UNN5	none	Nucleus	1|1	bothSingle
P23588	P62258	none	Cytoplasm,Nucleus	1|2	oneMulti
O00206	Q9BQ95	Cell membrane,Cell projection,Endosome,Membrane	Cytoplasm,Mitochondrion,Nucleus	4|3	bothMulti
Q9BRP8	Q9H8S9	Cytoplasm,Nucleus	none	2|1	oneMulti
O00193	Q86UY6	none	Cytoplasm,Nucleus	1|2	oneMulti
O60260	P62256	Cell projection,Cytoplasm,Endoplasmic reticulum,Membrane,Mitochondrion,Mitochondrion outer membrane,Nucleus,Synapse	none	8|1	oneMulti
Q96B02	Q96FW1	Nucleus	Cytoplasm	1|1	bothSingle
P36888	Q9NUJ7	Endoplasmic reticulum,Membrane	Cytoplasm	2|1	oneMulti
A0A1W2PRV1	Q12962	none	Nucleus	1|1	bothSingle
Q6QNY1	Q8TDH9	Cytoplasm,Cytoskeleton,Lysosome,Membrane	none	4|1	oneMulti
P20151	P29622	none	Secreted	1|1	bothSingle
Q9H4E5	Q9NZM3	Cell membrane,Membrane	Cytoplasm	2|1	oneMulti
Q86XW9	Q9H1X3	Cell projection,Cytoplasm,Cytoskeleton	Membrane	3|1	oneMulti
Q8IYI6	Q96KP1	Cell projection,Cytoplasm	none	2|1	oneMulti
Q15173	Q9H246	Cytoplasm	none	1|1	bothSingle
Q8N6Y1	Q9NWT1	Cell membrane,Membrane	Nucleus	2|1	oneMulti
O95390	Q2VWP7	Secreted	Membrane	1|1	bothSingle
Q0VAM2	Q9NR12	Endosome	Cytoplasm,Cytoskeleton	1|2	oneMulti
Q8N587	Q96M69	Nucleus	Cell projection,Cytoplasm,Cytoplasmic vesicle,Cytoskeleton	1|4	oneMulti
O95881	P30041	Endoplasmic reticulum	Cytoplasm,Lysosome	1|2	oneMulti
P61236	Q96IG2	Nucleus	Cytoplasm	1|1	bothSingle
P53621	Q9ULT8	Cytoplasm,Cytoplasmic vesicle,Golgi apparatus,Membrane,Secreted	none	5|1	oneMulti
O96013	Q6NXS1	Cytoplasm	none	1|1	bothSingle
Q99426	Q9HB40	Cytoplasm,Cytoskeleton,Microtubule	Secreted	3|1	oneMulti
P62837	Q13191	none	Cytoplasm	1|1	bothSingle
Q14145	Q53G59	Cytoplasm,Nucleus	Cytoplasmic vesicle	2|1	oneMulti
Q08257	Q8N4Q0	Cytoplasm	Peroxisome	1|1	bothSingle
P46092	Q9NRJ3	Cell membrane,Membrane	Secreted	2|1	oneMulti
O95881	P21964	Endoplasmic reticulum	Cell membrane,Cytoplasm,Membrane	1|3	oneMulti
P51668	Q96EP1	Cytoplasm	Nucleus	1|1	bothSingle
O75792	Q5SZD1	Nucleus	none	1|1	bothSingle
O60447	Q96BZ8	Cytoplasm,Cytoskeleton,Nucleus	none	3|1	oneMulti
O15355	Q8N5M4	Cytoplasm,Membrane	none	2|1	oneMulti
Q8WWL2	Q9Y4I1	Cell membrane,Cytoplasm,Cytoplasmic vesicle,Cytoskeleton,Membrane	none	5|1	oneMulti
P10599	P33552	Cytoplasm,Nucleus,Secreted	none	3|1	oneMulti
O43567	P62837	Endoplasmic reticulum,Endosome,Lysosome,Membrane,Nucleus	none	5|1	oneMulti
Q2Y0W8	Q9BZI7	Cell membrane,Cytoplasmic vesicle,Membrane,Synapse	Cytoplasm,Nucleus	4|2	bothMulti
Q05516	Q8WY64	Nucleus	Cell membrane,Cytoplasm,Membrane	1|3	oneMulti
P63208	Q9UKB1	none	Cytoplasm,Nucleus	1|2	oneMulti
Q9NWU5	Q9UKD2	Mitochondrion	Cytoplasm,Nucleus	1|2	oneMulti
Q9BWX1	Q9Y2X8	Nucleus	none	1|1	bothSingle
Q504Y2	Q6UVK1	Golgi apparatus,Secreted	Cell membrane,Cell projection,Membrane	2|3	bothMulti
Q6UWB1	Q92990	Membrane	none	1|1	bothSingle
O43395	Q6ZUT1	Nucleus,Spliceosome	none	2|1	oneMulti
P84098	Q96HY6	Cytoplasm	Endoplasmic reticulum,Membrane	1|2	oneMulti
O15228	Q6NX49	Membrane,Peroxisome	Nucleus	2|1	oneMulti
P62888	Q8IY57	Cytoplasm	Nucleus	1|1	bothSingle
P05198	Q2VIR3	Cytoplasm	none	1|1	bothSingle
Q8IWL3	Q9Y2Q3	Cytoplasm,Mitochondrion	Peroxisome	2|1	oneMulti
P18075	Q5JR59	Secreted	Cytoplasm,Cytoskeleton,Microtubule	1|3	oneMulti
P43146	P49770	Membrane	Cytoplasm	1|1	bothSingle
P01591	P40259	Secreted	Cell membrane,Membrane	1|2	oneMulti
P21281	Q96A05	Cell membrane,Cytoplasm,Cytoplasmic vesicle,Membrane,Synapse	none	5|1	oneMulti
Q32NC0	Q6NW34	none	Nucleus	1|1	bothSingle
P51668	Q99942	Cytoplasm	Cell membrane,Endoplasmic reticulum,Membrane,Mitochondrion	1|4	oneMulti
P48506	Q15059	none	Chromosome,Nucleus	1|2	oneMulti
Q16552	Q99572	Secreted	Cell membrane,Membrane	1|2	oneMulti
P61586	Q52LW3	Cell membrane,Cell projection,Cytoplasm,Cytoskeleton,Membrane,Nucleus	none	6|1	oneMulti
O43166	O60704	Cytoplasm,Cytoskeleton,Synapse,Synaptosome	Golgi apparatus,Membrane	4|2	bothMulti
O00634	O95185	Extracellular matrix,Secreted	Cell membrane,Cell projection,Membrane,Synapse,Synaptosome	2|5	bothMulti
Q96F15	Q9NUV9	Endosome,Lysosome,Membrane	Cytoplasm	3|1	oneMulti
Q96IG2	Q96NS1	Cytoplasm	Nucleus	1|1	bothSingle
P22102	Q13501	none	Cytoplasm,Cytoplasmic vesicle,Endoplasmic reticulum,Endosome,Lysosome,Nucleus	1|6	oneMulti
Q9UHD1	Q9Y2Z0	none	Cytoplasm,Nucleus	1|2	oneMulti
P12829	Q13459	none	Cytoplasm,Cytoskeleton	1|2	oneMulti
P49674	Q14C86	Cytoplasm,Nucleus	Endosome,Membrane	2|2	bothMulti
Q07890	Q96RT1	none	Cell junction,Cell membrane,Membrane,Nucleus	1|4	oneMulti
Q8WUD4	Q99459	none	Cytoplasm,Nucleus,Spliceosome	1|3	oneMulti
P62256	Q8N9I9	none	Cytoplasm	1|1	bothSingle
Q9P2J9	Q9UQ88	Mitochondrion	Cytoplasm,Nucleus	1|2	oneMulti
A0A1B0GUL7	P04049	none	Cell membrane,Cytoplasm,Membrane,Mitochondrion,Nucleus	1|5	oneMulti
O75044	Q04917	Cell membrane,Cell projection,Cytoplasm,Cytoplasmic vesicle,Membrane,Nucleus,Postsynaptic cell membrane,Synapse	none	8|1	oneMulti
P05141	Q13233	Membrane,Mitochondrion,Mitochondrion inner membrane	none	3|1	oneMulti
Q8N5H3	Q8NHZ8	Cell projection,Cytoplasm	Nucleus	2|1	oneMulti
P16410	Q16552	Cell membrane,Membrane	Secreted	2|1	oneMulti
O95631	Q6UXZ4	Cytoplasm,Secreted	Cell membrane,Membrane	2|2	bothMulti
P61927	Q86XD8	Cytoplasm	none	1|1	bothSingle
O60361	Q13232	none	Cell projection,Cytoplasm,Cytoskeleton,Membrane,Mitochondrion,Mitochondrion outer membrane	1|6	oneMulti
Q6NSZ9	Q96JS3	Nucleus	none	1|1	bothSingle
P30405	P51580	Mitochondrion	Cytoplasm	1|1	bothSingle
P10636	Q8IVB5	Cell membrane,Cell projection,Cytoplasm,Cytoskeleton,Membrane,Microtubule,Secreted	none	7|1	oneMulti
P30531	Q07092	Cell membrane,Cell projection,Membrane,Synapse	Extracellular matrix,Secreted	4|2	bothMulti
P55854	P60520	Cytoplasm,Nucleus	Cytoplasmic vesicle,Endoplasmic reticulum,Golgi apparatus,Membrane	2|4	bothMulti
Q9P2G9	Q9UJP4	none	Cytoplasm,Cytoskeleton	1|2	oneMulti
P62837	Q5M7Z0	none	Endoplasmic reticulum,Membrane	1|2	oneMulti
O00221	Q04864	Cytoplasm	Nucleus	1|1	bothSingle
P52888	Q9UQ26	Cytoplasm	Cell membrane,Cell projection,Membrane,Synapse	1|4	oneMulti
O75553	P51693	none	Cell membrane,Cytoplasm,Membrane	1|3	oneMulti
Q3B726	Q9BXU1	DNA-directed RNA polymerase,Nucleus	none	2|1	oneMulti
Q9NR55	Q9UEW3	Nucleus	Cell membrane,Membrane	1|2	oneMulti
Q9P2N7	Q9Y2M5	none	Cell projection,Cytoplasm,Golgi apparatus,Nucleus	1|4	oneMulti
Q676U5	Q9HBM1	Cytoplasm,Endosome,Lysosome,Membrane	Centromere,Chromosome,Kinetochore,Nucleus	4|4	bothMulti
A4FU01	Q13614	none	Cell projection,Cytoplasm,Endosome,Membrane	1|4	oneMulti
P15927	P49642	Nucleus	DNA-directed RNA polymerase,Primosome	1|2	oneMulti
A0A0A0MT82	P01705	none	Cell membrane,Immunoglobulin,Membrane,Secreted	1|4	oneMulti
P18031	P56945	Endoplasmic reticulum,Membrane	Cell junction,Cell projection,Cytoplasm	2|3	bothMulti
A0A1B0GUS4	Q9H0F5	none	Nucleus	1|1	bothSingle
Q9NVF7	Q9NX40	Centromere,Chromosome,Kinetochore	Endosome	3|1	oneMulti
O14974	P52735	Cytoplasm,Cytoskeleton	none	2|1	oneMulti
P32322	Q53H96	Mitochondrion	Cytoplasm	1|1	bothSingle
Q9BS34	Q9H0C1	Nucleus	none	1|1	bothSingle
Q96CT2	Q9UJP4	none	Cytoplasm,Cytoskeleton	1|2	oneMulti
P19883	Q9HBX8	Secreted	Cell membrane,Membrane	1|2	oneMulti
Q96A26	Q9H3G5	Membrane,Mitochondrion	none	2|1	oneMulti
O75348	Q96A05	Cell membrane,Membrane	none	2|1	oneMulti
Q6PID6	Q9GZS3	none	Cytoplasm,Nucleus	1|2	oneMulti
O95251	Q9NQC1	Centromere,Chromosome,Cytoplasm,Nucleus	none	4|1	oneMulti
P60981	Q86VQ3	none	Cytoplasm	1|1	bothSingle
Q6UW88	Q8N699	Membrane,Secreted	Nucleus	2|1	oneMulti
P03956	P17301	Extracellular matrix,Secreted	Membrane	2|1	oneMulti
P26641	Q05639	none	Nucleus	1|1	bothSingle
P05067	P49840	Amyloid,Cell membrane,Cell projection,Coated pit,Cytoplasm,Cytoplasmic vesicle,Endoplasmic reticulum,Endosome,Golgi apparatus,Membrane,Nucleus,Secreted	none	12|1	oneMulti
P24386	P35658	Cytoplasm	Nuclear pore complex,Nucleus	1|2	oneMulti
P07333	Q6ZMJ4	Cell membrane,Membrane	Secreted	2|1	oneMulti
Q06124	Q07889	Cytoplasm,Nucleus	none	2|1	oneMulti
O60687	O60828	Cytoplasm,Secreted,Synapse	Nucleus	3|1	oneMulti
P61457	Q9H0N5	Cytoplasm,Nucleus	none	2|1	oneMulti
P26641	P39748	none	Mitochondrion,Nucleus	1|2	oneMulti
O43765	Q86UP2	Cytoplasm,Nucleus	Endoplasmic reticulum,Membrane	2|2	bothMulti
P24386	Q9UL25	Cytoplasm	Cell projection,Cytoplasmic vesicle,Endoplasmic reticulum,Endosome,Golgi apparatus,Membrane	1|6	oneMulti
Q5W0V3	Q9UJC3	none	Cytoplasm,Cytoskeleton,Microtubule	1|3	oneMulti
O95816	Q9H3Z4	none	Cell membrane,Cytoplasm,Cytoplasmic vesicle,Membrane	1|4	oneMulti
P08887	P26441	Cell membrane,Membrane,Secreted	Cytoplasm	3|1	oneMulti
P14616	Q9Y4H2	Membrane	Cytoplasm	1|1	bothSingle
O75426	Q96LA8	none	Nucleus	1|1	bothSingle
Q96M61	Q9NXX6	Cytoplasm	Chromosome,Nucleus,Telomere	1|3	oneMulti
A6NHX0	Q6PJI9	Cytoplasm	Lysosome,Membrane	1|2	oneMulti
Q5T6C5	Q9UPT9	none	Nucleus	1|1	bothSingle
P61769	Q30201	Amyloid,MHC I,Secreted	Cell membrane,Membrane	3|2	bothMulti
Q13442	Q9H5X1	none	Cytoplasm	1|1	bothSingle
P29992	Q9HAV0	Cell membrane,Cytoplasm,Membrane	none	3|1	oneMulti
Q02045	Q8NEV4	none	Cell projection,Cytoplasm,Cytoskeleton	1|3	oneMulti
Q15506	Q9HAT0	Membrane	Cell projection,Cilium,Flagellum	1|3	oneMulti
Q9UBM4	Q9Y6N7	Extracellular matrix,Secreted	Cell membrane,Cell projection,Membrane	2|3	bothMulti
Q86VZ2	Q9UPS6	none	Chromosome,Cytoplasm,Nucleus	1|3	oneMulti
O60291	Q9Y2X8	Cell membrane,Cytoplasm,Endosome,Membrane,Nucleus	none	5|1	oneMulti
O00233	Q9BRP4	none	Proteasome	1|1	bothSingle
O43432	P06730	none	Cytoplasm,Nucleus	1|2	oneMulti
P49715	Q86V86	Nucleus	Cytoplasm	1|1	bothSingle
P01185	P47901	Secreted	Cell membrane,Membrane	1|2	oneMulti
O75190	Q6ZTN6	Cytoplasm,Nucleus	Cell membrane,Endosome,Membrane	2|3	bothMulti
P26441	Q08334	Cytoplasm	Membrane	1|1	bothSingle
A6NM36	O95490	none	Membrane	1|1	bothSingle
Q6ZTA4	Q9UKM9	Cytoplasm,Cytoskeleton	Nucleus,Spliceosome	2|2	bothMulti
Q92738	Q92928	Cytoplasmic vesicle,Golgi apparatus	Cytoplasm,Membrane	2|2	bothMulti
P21709	P22003	Cell membrane,Membrane	Secreted	2|1	oneMulti
A6NMX2	O60516	none	Cytoplasm,Nucleus	1|2	oneMulti
P0CJ71	P99999	Cytoplasm,Secreted	Mitochondrion	2|1	oneMulti
Q13619	Q9BTE7	none	Cytoplasm,Cytoskeleton,Nucleus	1|3	oneMulti
Q8NCF5	Q9P2J9	Cytoplasm,Nucleus	Mitochondrion	2|1	oneMulti
Q8N488	Q9NRC1	Cytoplasm,Nucleus	Membrane	2|1	oneMulti
O14965	Q96DF8	Cell membrane,Cell projection,Cilium,Cytoplasm,Cytoskeleton,Membrane,Microtubule	Nucleus,Spliceosome	7|2	bothMulti
Q8TDI7	Q96Q77	Cell membrane,Membrane	none	2|1	oneMulti
P26441	Q9HBE5	Cytoplasm	Membrane	1|1	bothSingle
Q9C0I9	Q9UIV1	none	Cytoplasm,Nucleus	1|2	oneMulti
Q63HR2	Q8N720	Cell junction,Cell membrane,Cytoplasm,Membrane	Nucleus	4|1	oneMulti
A8MXD5	Q8N4J0	Cell projection,Cilium	Cytoplasm,Nucleus	2|2	bothMulti
P27482	Q8NEV4	none	Cell projection,Cytoplasm,Cytoskeleton	1|3	oneMulti
P98066	Q3ZCW2	Secreted	none	1|1	bothSingle
A0A494C0Z2	P06493	none	Cytoplasm,Cytoskeleton,Mitochondrion,Nucleus	1|4	oneMulti
P42574	P42575	Cytoplasm	none	1|1	bothSingle
O60502	P34059	Cytoplasm,Nucleus	Lysosome	2|1	oneMulti
P20290	Q96K17	Cytoplasm,Nucleus	none	2|1	oneMulti
Q86V59	Q8ND90	none	Nucleus	1|1	bothSingle
P09525	P20073	Cytoplasmic vesicle,Membrane	none	2|1	oneMulti
P40337	Q8WXK3	Cell membrane,Cytoplasm,Endoplasmic reticulum,Membrane,Nucleus	none	5|1	oneMulti
Q9BY42	Q9P013	Chromosome	Nucleus,Spliceosome	1|2	oneMulti
Q8N228	Q8TE99	Nucleus	Golgi apparatus,Membrane	1|2	oneMulti
O15116	Q9Y333	Cytoplasm	Nucleus,Spliceosome	1|2	oneMulti
P61586	Q9P107	Cell membrane,Cell projection,Cytoplasm,Cytoskeleton,Membrane,Nucleus	none	6|1	oneMulti
A0AUZ9	Q9BVI0	none	Nucleus	1|1	bothSingle
P63208	Q9NRD1	none	Cytoplasm	1|1	bothSingle
P68106	Q96NL1	Cytoplasm,Sarcoplasmic reticulum	Cytoplasmic vesicle,Lysosome,Membrane	2|3	bothMulti
P62987	Q71UM5	Cytoplasm,Nucleus	none	2|1	oneMulti
Q96A65	Q96KP1	Cell projection,Cytoplasm,Cytoskeleton	none	3|1	oneMulti
Q9BXT6	Q9UPN9	Cytoplasm	Nucleus	1|1	bothSingle
P49643	P56282	Primosome	Nucleus	1|1	bothSingle
O75880	Q9NX36	Membrane,Mitochondrion,Mitochondrion inner membrane	none	3|1	oneMulti
P11233	Q9NZL6	Cell membrane,Membrane,Mitochondrion	none	3|1	oneMulti
P61236	Q9UKC9	Nucleus	Membrane	1|1	bothSingle
Q6EEV6	Q96HI0	none	Nucleus	1|1	bothSingle
Q8IZ81	Q9NVJ2	none	Cell projection,Cytoplasm,Cytoskeleton,Endosome,Lysosome,Membrane,Synapse	1|7	oneMulti
P06307	Q8WVP5	Secreted	Cytoplasm	1|1	bothSingle
Q99523	Q9Y6R4	Cell membrane,Endoplasmic reticulum,Endosome,Golgi apparatus,Lysosome,Membrane,Nucleus	Cytoplasm	7|1	oneMulti
P15586	Q9NWM8	Lysosome	Endoplasmic reticulum	1|1	bothSingle
P62993	Q8WWW8	Cytoplasm,Endosome,Golgi apparatus,Nucleus	none	4|1	oneMulti
Q8NDV7	Q8WWQ0	Cytoplasm	Nucleus	1|1	bothSingle
P09693	P61769	Cell membrane,Membrane	Amyloid,MHC I,Secreted	2|3	bothMulti
P16220	Q16595	Nucleus	Cytoplasm,Mitochondrion	1|2	oneMulti
Q13042	Q9BS18	Cytoplasm,Cytoskeleton	Nucleus	2|1	oneMulti
Q99757	Q9BXL8	Mitochondrion	Nucleus	1|1	bothSingle
Q96A84	Q9Y6J9	Extracellular matrix,Secreted	Nucleus	2|1	oneMulti
P04626	P52735	Cell membrane,Cell projection,Cytoplasm,Endosome,Membrane,Nucleus	none	6|1	oneMulti
Q6UWT2	Q8N111	Secreted	Membrane	1|1	bothSingle
P63220	Q9UM13	Cytoplasm,Endoplasmic reticulum	none	2|1	oneMulti
Q9GZT5	Q9H237	Extracellular matrix,Secreted	Endoplasmic reticulum,Membrane	2|2	bothMulti
P61981	Q04917	Cytoplasm	none	1|1	bothSingle
O95994	Q9NR00	Endoplasmic reticulum,Secreted	Cytoplasm,Nucleus	2|2	bothMulti
P46459	Q9H115	Cytoplasm	Membrane	1|1	bothSingle
P04198	Q8IYB7	Nucleus	Cytoplasm	1|1	bothSingle
Q8WVD3	Q9Y2X8	Chromosome	none	1|1	bothSingle
Q7Z4R8	Q9Y2A9	Secreted	Golgi apparatus,Membrane	1|2	oneMulti
A8MT33	Q9Y2D1	none	Cytoplasm,Cytoskeleton,Nucleus	1|3	oneMulti
O00562	Q12800	Cytoplasm,Endoplasmic reticulum,Golgi apparatus,Lipid droplet,Membrane	Nucleus	5|1	oneMulti
P61313	Q13823	Cytoplasm	Nucleus	1|1	bothSingle
Q8IU85	Q96GE6	Cytoplasm,Nucleus	Cell projection	2|1	oneMulti
Q8IXI1	Q9Y566	Membrane,Mitochondrion,Mitochondrion outer membrane	Cytoplasm,Synapse	3|2	bothMulti
Q5SW96	Q8N8I0	Cytoplasm	none	1|1	bothSingle
P05198	Q9ULT8	Cytoplasm	none	1|1	bothSingle
P36894	Q9UPN9	Cell membrane,Membrane	Nucleus	2|1	oneMulti
Q8WUM4	Q9BY43	Cell junction,Cytoplasm,Cytoskeleton,Secreted,Tight junction	Cytoplasmic vesicle,Endosome,Membrane	5|3	bothMulti
O60602	Q99836	Cell membrane,Membrane	Cytoplasm,Nucleus	2|2	bothMulti
P52566	P78414	Cytoplasm	Nucleus	1|1	bothSingle
P40429	Q9Y5M8	Cytoplasm	Endoplasmic reticulum,Membrane	1|2	oneMulti
O14921	P11488	none	Cell projection,Membrane	1|2	oneMulti
Q7RTV5	Q9NRN7	none	Cytoplasm	1|1	bothSingle
Q8N7X4	Q9NXX6	none	Chromosome,Nucleus,Telomere	1|3	oneMulti
Q7Z602	Q9Y3C5	Cell membrane,Membrane	Cytoplasm,Endosome,Nucleus	2|3	bothMulti
Q8N5I4	Q8N661	Secreted	Cytoplasm,Endoplasmic reticulum,Membrane	1|3	oneMulti
P62877	Q13619	Cytoplasm,Nucleus	none	2|1	oneMulti
Q15833	Q8N4C7	none	Cell membrane,Cytoplasm,Membrane	1|3	oneMulti
P11926	Q9UMX2	none	Cytoplasm,Nucleus	1|2	oneMulti
A1KZ92	P08246	Cell membrane,Cytoplasm,Endoplasmic reticulum,Membrane,Secreted	Cytoplasmic vesicle	5|1	oneMulti
Q5T2D3	Q9BXS4	Cytoplasm,Nucleus	Cell membrane,Endosome,Golgi apparatus,Lysosome,Membrane	2|5	bothMulti
A8MZ59	Q8N5W8	Nucleus	Secreted	1|1	bothSingle
O95757	P17066	Cytoplasm,Nucleus	none	2|1	oneMulti
Q9BVL2	Q9H1M0	Membrane,Nuclear pore complex,Nucleus	none	3|1	oneMulti
Q6EEV6	Q9Y6X2	none	Cytoplasm,Nucleus	1|2	oneMulti
O15264	P49137	none	Cytoplasm,Nucleus	1|2	oneMulti
O95707	Q32NC0	Nucleus	none	1|1	bothSingle
Q96S15	Q9Y6P5	Lysosome,Membrane	Cytoplasm,Nucleus	2|2	bothMulti
P54132	Q13472	Nucleus	Mitochondrion	1|1	bothSingle
P40429	Q99848	Cytoplasm	Nucleus	1|1	bothSingle
O14832	P08575	Peroxisome	Cell membrane,Membrane	1|2	oneMulti
Q9H5J0	Q9NXS3	Nucleus	none	1|1	bothSingle
P62072	Q8TDP1	Membrane,Mitochondrion,Mitochondrion inner membrane	Nucleus	3|1	oneMulti
P30154	Q00005	none	Cytoplasm,Cytoskeleton,Membrane,Mitochondrion,Mitochondrion outer membrane	1|5	oneMulti
O95190	P11926	Nucleus	none	1|1	bothSingle
P43146	P59510	Membrane	Extracellular matrix,Secreted	1|2	oneMulti
P36405	Q96S96	Cell projection,Cytoplasm,Cytoskeleton,Golgi apparatus,Membrane,Nucleus	Secreted	6|1	oneMulti
P15814	S4R460	Endoplasmic reticulum,Secreted	none	2|1	oneMulti
Q92731	Q9HCI7	Nucleus	none	1|1	bothSingle
O75145	P23468	Cytoplasm,Cytoplasmic vesicle	Membrane	2|1	oneMulti
Q5T0U0	Q8N0S2	none	Chromosome,Nucleus	1|2	oneMulti
P06213	Q9UNE7	Cell membrane,Endosome,Lysosome,Membrane	Cytoplasm,Mitochondrion,Nucleus	4|3	bothMulti
Q9UPT5	Q9Y2D4	Cell membrane,Cytoplasm,Membrane	none	3|1	oneMulti
Q96FW1	Q9NS69	Cytoplasm	Membrane,Mitochondrion,Mitochondrion outer membrane	1|3	oneMulti
Q6UX04	Q8IZP6	Nucleus	none	1|1	bothSingle
P05141	Q13422	Membrane,Mitochondrion,Mitochondrion inner membrane	Cytoplasm,Nucleus	3|2	bothMulti
Q8WVY7	Q9H4A6	Nucleus	Cell membrane,Endosome,Golgi apparatus,Membrane,Mitochondrion	1|5	oneMulti
B7ZAQ6	Q5HYI8	Golgi apparatus,Membrane	none	2|1	oneMulti
Q6T310	Q86VI3	Nucleus	none	1|1	bothSingle
Q8N4S0	Q9H3Y0	none	Secreted	1|1	bothSingle
Q07325	Q9NZS2	Secreted	Membrane	1|1	bothSingle
Q96G27	Q9BW72	none	Membrane,Mitochondrion,Mitochondrion inner membrane	1|3	oneMulti
O14602	Q9NY12	Cytoplasm	Nucleus	1|1	bothSingle
P54829	Q16539	Endoplasmic reticulum,Membrane	Cytoplasm,Nucleus	2|2	bothMulti
Q13636	Q92696	Cytoplasmic vesicle,Endosome,Golgi apparatus,Membrane	none	4|1	oneMulti
O43521	Q9NSE2	Membrane,Mitochondrion	none	2|1	oneMulti
P43080	Q9NZU5	Cell projection,Membrane	Cytoplasm,Nucleus	2|2	bothMulti
P11177	Q9NXC2	Mitochondrion	Secreted	1|1	bothSingle
P82673	Q96S96	Mitochondrion	Secreted	1|1	bothSingle
O15455	Q9Y572	Endoplasmic reticulum,Endosome,Membrane	Cytoplasm,Nucleus	3|2	bothMulti
O14933	P50876	none	Cell membrane,Cytoplasmic vesicle,Endoplasmic reticulum,Endosome,Membrane	1|5	oneMulti
P31948	Q9UF47	Cytoplasm,Nucleus	Membrane	2|1	oneMulti
P53041	Q9UBS4	Amyloid,Cell membrane,Cytoplasm,Membrane,Nucleus	Endoplasmic reticulum	5|1	oneMulti
Q5BKU9	Q96GJ1	none	Mitochondrion	1|1	bothSingle
P35244	Q9Y547	Nucleus	Cell projection,Cilium	1|2	oneMulti
P0C2W1	P63208	Cell membrane,Cell projection,Membrane,Nucleus,Postsynaptic cell membrane,Secreted,Synapse	none	7|1	oneMulti
Q13616	Q9BTE7	none	Cytoplasm,Cytoskeleton,Nucleus	1|3	oneMulti
P11597	P56589	Secreted	Membrane,Peroxisome	1|2	oneMulti
Q3T8J9	Q9UHA2	Nucleus	none	1|1	bothSingle
P42766	Q6P5R6	Cytoplasm	none	1|1	bothSingle
A6NFF2	Q9Y623	none	Cytoplasm,Thick filament	1|2	oneMulti
O75864	Q9ULJ7	none	Endosome	1|1	bothSingle
O15033	P68036	none	Cytoplasm,Nucleus	1|2	oneMulti
Q9BTV7	Q9HC52	none	Nucleus	1|1	bothSingle
P31946	Q04917	Cytoplasm,Membrane,Vacuole	none	3|1	oneMulti
Q9BQG1	Q9UM19	Cell membrane,Cytoplasmic vesicle,Membrane	none	3|1	oneMulti
P05408	Q6UVY6	Secreted	Endoplasmic reticulum,Membrane	1|2	oneMulti
O15519	Q14790	none	Cell projection,Cytoplasm,Nucleus	1|3	oneMulti
O95363	P07814	Mitochondrion	Cytoplasm,Membrane	1|2	oneMulti
O14763	Q13158	Membrane	none	1|1	bothSingle
Q15131	Q8N1B3	Cell projection,Cytoplasm,Cytoskeleton	none	3|1	oneMulti
P10147	Q9HBE5	Secreted	Membrane	1|1	bothSingle
Q07002	Q96DC7	none	Membrane	1|1	bothSingle
O75911	Q15582	Membrane	Amyloid,Extracellular matrix,Secreted	1|3	oneMulti
P12235	P55196	Membrane,Mitochondrion,Mitochondrion inner membrane	Cell junction	3|1	oneMulti
P12236	Q13233	Membrane,Mitochondrion,Mitochondrion inner membrane	none	3|1	oneMulti
P49642	Q15054	DNA-directed RNA polymerase,Primosome	Cytoplasm,Nucleus	2|2	bothMulti
Q71UM5	Q9Y3A4	none	Cell projection,Cytoplasm,Cytoskeleton,Nucleus	1|4	oneMulti
P35613	P54577	Cell membrane,Cell projection,Endoplasmic reticulum,Endosome,Membrane	Cytoplasm,Nucleus	5|2	bothMulti
Q6DKJ4	Q8N2Q7	Cytoplasm,Nucleus	Cell membrane,Membrane,Secreted,Synapse	2|4	bothMulti
Q53S08	Q96BZ9	none	Membrane	1|1	bothSingle
O75717	Q8WUY9	Nucleus	none	1|1	bothSingle
Q96A32	Q9Y623	none	Cytoplasm,Thick filament	1|2	oneMulti
Q15013	Q15645	Cytoplasm,Cytoskeleton,Nucleus	none	3|1	oneMulti
P06307	P53701	Secreted	Membrane,Mitochondrion,Mitochondrion inner membrane	1|3	oneMulti
O95257	Q9Y6R4	none	Cytoplasm	1|1	bothSingle
A4FU01	Q13496	none	Cell membrane,Cell projection,Cytoplasm,Endosome,Membrane	1|5	oneMulti
Q7Z3Y8	Q8N3L3	Cytoplasm,Intermediate filament,Keratin	none	3|1	oneMulti
O76075	Q9UHD4	Cytoplasm,Nucleus	Cytoplasmic vesicle,Endoplasmic reticulum,Golgi apparatus,Lipid droplet,Membrane	2|5	bothMulti
O94813	P56178	Secreted	Nucleus	1|1	bothSingle
P27487	P62995	Cell junction,Cell membrane,Cell projection,Membrane,Secreted	Nucleus	5|1	oneMulti
Q9UL45	Q9Y3C0	Cytoplasm,Membrane	Endosome	2|1	oneMulti
P01106	P28329	Cytoplasm,Nucleus	none	2|1	oneMulti
P02750	Q96Q06	Secreted	Cell membrane,Cytoplasm,Lipid droplet,Membrane	1|4	oneMulti
P41223	Q5VWI1	Nucleus,Spliceosome	none	2|1	oneMulti
P62256	Q8TCQ1	none	Cell membrane,Cytoplasmic vesicle,Endosome,Golgi apparatus,Lysosome,Membrane	1|6	oneMulti
Q92828	Q9UQ03	none	Cytoplasm,Cytoskeleton	1|2	oneMulti
Q15648	Q9Y2K6	Nucleus	Cytoplasm,Cytoskeleton,Endoplasmic reticulum	1|3	oneMulti
Q13619	Q96GG9	none	Cytoplasm,Nucleus	1|2	oneMulti
P55036	Q9Y3C5	Proteasome	Cytoplasm,Endosome,Nucleus	1|3	oneMulti
Q86VX2	Q9Y6G5	Cytoplasmic vesicle	Cytoplasm,Nucleus	1|2	oneMulti
Q08426	Q9HCK0	Peroxisome	Nucleus	1|1	bothSingle
A0PK05	Q9Y5L5	Membrane	none	1|1	bothSingle
Q7RTU5	Q86TI4	Nucleus	none	1|1	bothSingle
O75489	Q96FX7	Membrane,Mitochondrion,Mitochondrion inner membrane	Nucleus	3|1	oneMulti
P29122	Q9P0P0	Endoplasmic reticulum,Membrane,Secreted	none	3|1	oneMulti
P54792	Q13547	Cytoplasm	Nucleus	1|1	bothSingle
Q6P3W2	Q9BQC3	Cytoplasm,Cytoskeleton	none	2|1	oneMulti
Q13064	Q9H000	none	Cytoplasm,Nucleus	1|2	oneMulti
P14923	Q6P1J9	Cell junction,Cytoplasm,Cytoskeleton,Membrane	Nucleus	4|1	oneMulti
O00160	Q8TD86	none	Cytoplasm,Nucleus	1|2	oneMulti
A0A2R8Y422	Q5JVS0	none	Cytoplasm,Nucleus	1|2	oneMulti
Q6UB98	Q8WVF1	Nucleus	Cell membrane,Membrane	1|2	oneMulti
P46734	Q99683	none	Cytoplasm,Endoplasmic reticulum	1|2	oneMulti
P05412	Q16595	Nucleus	Cytoplasm,Mitochondrion	1|2	oneMulti
Q13164	Q96PV0	Cytoplasm,Nucleus	none	2|1	oneMulti
Q07617	Q8WWB5	Cytoplasm	none	1|1	bothSingle
O60231	Q8WUD4	Cytoplasm,Nucleus,Spliceosome	none	3|1	oneMulti
O14965	Q9NZM5	Cell membrane,Cell projection,Cilium,Cytoplasm,Cytoskeleton,Membrane,Microtubule	Nucleus	7|1	oneMulti
P46781	Q13233	Cytoplasm,Nucleus	none	2|1	oneMulti
Q8WUD4	Q9BZJ0	none	Nucleus,Spliceosome	1|2	oneMulti
O14976	Q96MI6	Cell junction,Cytoplasm,Cytoplasmic vesicle,Golgi apparatus	Nucleus	4|1	oneMulti
O14775	Q01167	Membrane	Cytoplasm,Nucleus	1|2	oneMulti
Q92466	Q9NRX4	Chromosome,Nucleus	Cytoplasm	2|1	oneMulti
P07384	P20810	Cell membrane,Cytoplasm,Membrane	none	3|1	oneMulti
O60341	Q2M3C6	Nucleus	Cell membrane,Cell projection,Membrane	1|3	oneMulti
Q13042	Q9NXE4	Cytoplasm,Cytoskeleton	Cell membrane,Endoplasmic reticulum,Golgi apparatus,Membrane,Nucleus	2|5	bothMulti
P61769	Q29980	Amyloid,MHC I,Secreted	Cell membrane,Membrane	3|2	bothMulti
A6NED2	Q96DC7	Chromosome	Membrane	1|1	bothSingle
O75031	Q96NM4	Chromosome,Cytoplasm	Nucleus	2|1	oneMulti
P62304	Q9P0P0	Cytoplasm,Nucleus,Spliceosome	none	3|1	oneMulti
Q5VXH4	Q86YC2	none	Nucleus	1|1	bothSingle
P63316	Q9H1R3	none	Cytoplasm	1|1	bothSingle
P01178	Q05086	Secreted	Cytoplasm,Nucleus,Proteasome	1|3	oneMulti
P22612	P31323	none	Cell membrane,Cytoplasm,Membrane	1|3	oneMulti
Q8IZ81	Q96BM9	none	Cell projection,Cytoplasm,Cytoskeleton,Endosome,Lysosome,Membrane,Synapse	1|7	oneMulti
P09234	Q9P0S2	Nucleus	Membrane,Mitochondrion,Mitochondrion inner membrane	1|3	oneMulti
A0A1W2PP81	Q15543	none	Nucleus	1|1	bothSingle
A8MTJ3	Q2M5E4	Cytoplasm	none	1|1	bothSingle
Q8IZ16	Q9NTU4	Cytoplasmic vesicle	Cell membrane,Cell projection,Cilium,Flagellum,Membrane	1|5	oneMulti
Q5QP82	Q9C0C7	none	Cell junction,Cytoplasm,Cytoplasmic vesicle,Cytoskeleton,Endoplasmic reticulum,Mitochondrion,Nucleus	1|7	oneMulti
Q14C86	Q8N752	Endosome,Membrane	Cytoplasm	2|1	oneMulti
P06307	Q00059	Secreted	Mitochondrion,Mitochondrion nucleoid	1|2	oneMulti
P18124	Q8N9T8	Cytoplasm	none	1|1	bothSingle
O14490	Q4FZB7	Cell membrane,Membrane,Synapse	Chromosome,Nucleus	3|2	bothMulti
A6NDL7	P78411	none	Nucleus	1|1	bothSingle
O75143	Q8IYT8	Cytoplasm	Cytoplasmic vesicle,Membrane	1|2	oneMulti
Q13163	Q13164	none	Cytoplasm,Nucleus	1|2	oneMulti
P01566	Q9HBE5	Secreted	Membrane	1|1	bothSingle
Q5U5X0	Q96S96	Mitochondrion	Secreted	1|1	bothSingle
P05013	P17181	Secreted	Cell membrane,Endosome,Lysosome,Membrane	1|4	oneMulti
P20774	Q12860	Extracellular matrix,Secreted	Cell membrane,Membrane	2|2	bothMulti
O14733	Q13233	Cytoplasm,Nucleus	none	2|1	oneMulti
O00308	Q9Y2X8	Nucleus	none	1|1	bothSingle
Q08426	Q9UKT9	Peroxisome	Cytoplasm,Nucleus	1|2	oneMulti
Q13368	Q9BUI4	Cell junction,Cell membrane,Membrane	DNA-directed RNA polymerase,Nucleus	3|2	bothMulti
P62837	Q96EQ8	none	Golgi apparatus,Membrane	1|2	oneMulti
Q8IUZ0	Q8N5T2	Cytoplasm,Cytoskeleton,Microtubule	none	3|1	oneMulti
O43583	Q15118	none	Mitochondrion	1|1	bothSingle
Q15366	Q9NP59	Cytoplasm,Nucleus	Cell membrane,Membrane	2|2	bothMulti
O00299	P23434	Cell membrane,Cytoplasm,Endoplasmic reticulum,Membrane,Nucleus	Mitochondrion	5|1	oneMulti
P10145	P25024	Secreted	Cell membrane,Membrane	1|2	oneMulti
Q92613	Q9HAF1	none	Centromere,Chromosome,Kinetochore,Nucleus	1|4	oneMulti
P26373	Q9NZL4	Cytoplasm	none	1|1	bothSingle
Q15181	Q9P2G1	Cytoplasm	none	1|1	bothSingle
P08069	P52735	Cell membrane,Membrane	none	2|1	oneMulti
Q8TD86	Q9NR82	Cytoplasm,Nucleus	Cell membrane,Membrane	2|2	bothMulti
Q01534	Q86VY4	Cytoplasm,Nucleus	none	2|1	oneMulti
Q8N720	Q9H0W8	Nucleus	none	1|1	bothSingle
O95479	P04792	Endoplasmic reticulum	Cytoplasm,Cytoskeleton,Nucleus	1|3	oneMulti
O00244	P35670	none	Cytoplasm,Endosome,Golgi apparatus,Membrane,Mitochondrion	1|5	oneMulti
P57721	Q96PQ0	Cytoplasm	Cell membrane,Cell projection,Cytoplasmic vesicle,Endosome,Membrane,Postsynaptic cell membrane,Synapse,Synaptosome	1|8	oneMulti
Q92734	Q99759	Endoplasmic reticulum	none	1|1	bothSingle
P17028	Q96JS3	Nucleus	none	1|1	bothSingle
O00590	P22362	Cell membrane,Endosome,Membrane	Secreted	3|1	oneMulti
Q13042	Q7L804	Cytoplasm,Cytoskeleton	Cell membrane,Cell projection,Endosome,Membrane	2|4	bothMulti
Q5MJ10	Q9Y2J2	none	Cell junction,Cell membrane,Cytoplasm,Cytoskeleton,Membrane	1|5	oneMulti
O43463	O75293	Cell membrane,Centromere,Chromosome,Cytoplasmic vesicle,Membrane,Nucleus	none	6|1	oneMulti
P62913	Q71UM5	Cytoplasm,Nucleus	none	2|1	oneMulti
P61586	Q92738	Cell membrane,Cell projection,Cytoplasm,Cytoskeleton,Membrane,Nucleus	Cytoplasmic vesicle,Golgi apparatus	6|2	bothMulti
O60762	Q9H4E5	Endoplasmic reticulum	Cell membrane,Membrane	1|2	oneMulti
P00492	Q9NRG1	Cytoplasm	none	1|1	bothSingle
P50747	Q8N6D5	Cytoplasm,Mitochondrion	none	2|1	oneMulti
P62837	Q9H0M0	none	Cell membrane,Cytoplasm,Membrane,Nucleus	1|4	oneMulti
Q7Z2D5	Q8WVC6	Cell membrane,Membrane,Postsynaptic cell membrane,Synapse	none	4|1	oneMulti
Q8TEY7	Q96RY5	Cytoplasm,Cytoskeleton,Golgi apparatus	Nucleus	3|1	oneMulti
P08590	Q8NEV4	none	Cell projection,Cytoplasm,Cytoskeleton	1|3	oneMulti
O43583	Q9NX01	none	Nucleus	1|1	bothSingle
Q68DK7	Q9HCI7	Nucleus	none	1|1	bothSingle
Q14166	Q7L0X0	Cytoplasm,Cytoskeleton,Nucleus	Membrane	3|1	oneMulti
P09619	P52735	Cell membrane,Cytoplasmic vesicle,Lysosome,Membrane	none	4|1	oneMulti
Q7Z4Q2	Q9GZS1	none	DNA-directed RNA polymerase,Nucleus	1|2	oneMulti
Q5QP82	Q9BY42	none	Chromosome	1|1	bothSingle
P54253	Q9P1W9	Cytoplasm,Nucleus	none	2|1	oneMulti
P41182	Q9Y6H3	Nucleus	none	1|1	bothSingle
Q6ZMI0	Q8NB37	Endosome	Secreted	1|1	bothSingle
P53539	Q16595	Nucleus	Cytoplasm,Mitochondrion	1|2	oneMulti
O14561	Q9NRN7	Mitochondrion	Cytoplasm	1|1	bothSingle
P55795	Q8NBJ5	Nucleus	Endoplasmic reticulum	1|1	bothSingle
O94813	Q5T848	Secreted	Cell membrane,Cell projection,Membrane,Nucleus,Postsynaptic cell membrane,Synapse	1|6	oneMulti
Q6UXX9	Q9ULT6	Secreted	Cell membrane,Membrane	1|2	oneMulti
O14561	O43447	Mitochondrion	Cytoplasm,Nucleus,Spliceosome	1|3	oneMulti
Q8NCW0	Q9BXY4	Membrane	Secreted	1|1	bothSingle
P80192	P84074	none	Cytoplasm,Membrane	1|2	oneMulti
Q5T655	Q8N1L9	Cell projection,Cilium,Cytoplasm,Cytoskeleton,Flagellum	Nucleus	5|1	oneMulti
P12755	P12757	Nucleus	none	1|1	bothSingle
Q8WWF5	Q9Y2X8	Endoplasmic reticulum,Membrane	none	2|1	oneMulti
Q9P2K8	Q9Y2X3	Cytoplasm	Nucleus	1|1	bothSingle
Q86SE5	Q96BR9	none	Nucleus	1|1	bothSingle
P20062	Q9NPF0	Secreted	Cell membrane,Membrane	1|2	oneMulti
Q9BSK4	Q9Y2U9	Cytoplasm,Mitochondrion	Nucleus	2|1	oneMulti
A0A1B0GW35	O00471	none	Cytoplasm	1|1	bothSingle
Q13627	Q9UJX2	Nucleus	none	1|1	bothSingle
O00755	Q8J025	Extracellular matrix,Secreted	Cell membrane,Membrane	2|2	bothMulti
Q32P41	Q96MW1	Cytoplasm,Mitochondrion,Nucleus	none	3|1	oneMulti
A0A1W2PQ09	Q15543	none	Nucleus	1|1	bothSingle
Q13616	Q96GG9	none	Cytoplasm,Nucleus	1|2	oneMulti
P14649	Q15506	none	Membrane	1|1	bothSingle
Q5TD97	Q96PG8	Nucleus	none	1|1	bothSingle
A0A096LPH7	Q96Q05	none	Cytoplasm,Endoplasmic reticulum,Golgi apparatus	1|3	oneMulti
A5D8V6	Q6P1W5	Endosome,Membrane	none	2|1	oneMulti
Q96G28	Q9BXB4	Cell projection,Cilium,Cytoplasm,Flagellum,Nucleus	Endosome,Golgi apparatus,Membrane	5|3	bothMulti
Q02750	Q13233	Cytoplasm,Cytoskeleton,Membrane,Nucleus	none	4|1	oneMulti
P33316	Q07890	Mitochondrion,Nucleus	none	2|1	oneMulti
O95479	P28715	Endoplasmic reticulum	Chromosome,Nucleus	1|2	oneMulti
O15519	P42574	none	Cytoplasm	1|1	bothSingle
Q96KV7	Q9C086	Cytoplasm,Cytoskeleton	Nucleus	2|1	oneMulti
Q13501	Q9UGJ0	Cytoplasm,Cytoplasmic vesicle,Endoplasmic reticulum,Endosome,Lysosome,Nucleus	none	6|1	oneMulti
O15066	Q92845	Cell projection,Cytoplasm,Cytoskeleton,Microtubule,Synapse	none	5|1	oneMulti
Q8WW12	Q9BQE9	Nucleus	none	1|1	bothSingle
Q6VN20	Q8IVV7	Cytoplasm,Nucleus	none	2|1	oneMulti
Q9NVK5	Q9Y228	Cytoplasm	Cell membrane,Golgi apparatus,Lysosome,Membrane,Mitochondrion,Mitochondrion outer membrane	1|6	oneMulti
O95861	Q8WW12	none	Nucleus	1|1	bothSingle
P08754	Q2M5E4	Cell membrane,Cytoplasm,Cytoskeleton,Membrane	none	4|1	oneMulti
O00541	P62424	Chromosome,Nucleus	Cytoplasm	2|1	oneMulti
Q8NEF9	Q9BYG3	Cytoplasm	Chromosome,Nucleus	1|2	oneMulti
O14771	Q96JS3	Nucleus	none	1|1	bothSingle
Q05DH4	Q96ED9	none	Cytoplasm,Cytoskeleton,Golgi apparatus,Microtubule	1|4	oneMulti
Q6P9H4	Q8N8I0	Cell membrane,Cytoplasm,Membrane	none	3|1	oneMulti
P00797	Q9HBT8	Membrane,Secreted	Nucleus	2|1	oneMulti
P17181	P32881	Cell membrane,Endosome,Lysosome,Membrane	Secreted	4|1	oneMulti
P21860	P52735	Cell membrane,Membrane,Secreted	none	3|1	oneMulti
O75608	Q9Y3D2	Cell membrane,Cytoplasm,Endoplasmic reticulum,Membrane,Nucleus	Mitochondrion	5|1	oneMulti
O00505	Q05D32	Cytoplasm,Nucleus	none	2|1	oneMulti
P12544	P19113	Secreted	none	1|1	bothSingle
O95502	Q15818	Membrane	Cytoplasmic vesicle,Endoplasmic reticulum,Secreted	1|3	oneMulti
Q92730	Q96E39	Cell membrane,Cytoplasm,Cytoskeleton,Membrane	Nucleus	4|1	oneMulti
Q6P5R6	Q969S3	none	Cytoplasm,Nucleus	1|2	oneMulti
P11802	Q6ZMN8	Cytoplasm,Membrane,Nucleus	none	3|1	oneMulti
P04626	Q16552	Cell membrane,Cell projection,Cytoplasm,Endosome,Membrane,Nucleus	Secreted	6|1	oneMulti
Q8N680	Q96EK5	Nucleus	Cytoplasm,Cytoskeleton	1|2	oneMulti
P19086	Q9HAV0	Membrane	none	1|1	bothSingle
Q69YN2	Q9BZJ0	none	Nucleus,Spliceosome	1|2	oneMulti
O75581	Q9GZT5	Cell membrane,Endoplasmic reticulum,Membrane	Extracellular matrix,Secreted	3|2	bothMulti
P14635	Q9UJX6	Cytoplasm,Cytoskeleton,Nucleus	none	3|1	oneMulti
P22894	Q9Y279	Extracellular matrix,Secreted	Membrane	2|1	oneMulti
O60783	Q92901	Mitochondrion	none	1|1	bothSingle
O60566	Q9UM13	Centromere,Chromosome,Cytoplasm,Cytoskeleton,Kinetochore,Nucleus	none	6|1	oneMulti
O14950	Q6DT37	none	Cytoplasm	1|1	bothSingle
P22301	Q08334	Secreted	Membrane	1|1	bothSingle
O14578	Q9BVJ6	Cytoplasm	Nucleus	1|1	bothSingle
Q8IW52	Q9UKF7	Cell membrane,Membrane	Cytoplasm	2|1	oneMulti
P62140	Q13206	Cytoplasm,Nucleus	none	2|1	oneMulti
O43307	Q86VK4	Cytoplasm,Synapse	Chromosome,Nucleus	2|2	bothMulti
Q96IT1	Q96JS3	Nucleus	none	1|1	bothSingle
Q9H1J7	Q9H237	Extracellular matrix,Secreted	Endoplasmic reticulum,Membrane	2|2	bothMulti
Q69YL0	Q9Y3D7	none	Membrane,Mitochondrion,Mitochondrion inner membrane	1|3	oneMulti
P31948	P34931	Cytoplasm,Nucleus	none	2|1	oneMulti
Q6DKK2	Q9BVN2	Membrane,Mitochondrion,Mitochondrion inner membrane	Cytoplasm,Cytoplasmic vesicle,Cytoskeleton,Endosome,Golgi apparatus,Microtubule,Nucleus,Synapse	3|8	bothMulti
P62258	Q9H902	Cytoplasm,Nucleus	Endoplasmic reticulum,Membrane,Mitochondrion	2|3	bothMulti
P84098	Q9NZM5	Cytoplasm	Nucleus	1|1	bothSingle
Q06124	Q07890	Cytoplasm,Nucleus	none	2|1	oneMulti
Q8N9T8	Q9BRU9	none	Nucleus	1|1	bothSingle
O60927	P68543	none	Cell projection,Cytoplasm,Endoplasmic reticulum,Golgi apparatus,Nucleus	1|5	oneMulti
Q9H7L9	Q9UJX2	Nucleus	none	1|1	bothSingle
P15173	Q8IWP9	Nucleus	none	1|1	bothSingle
Q9BVJ7	Q9HA64	Cytoplasm,Nucleus	none	2|1	oneMulti
Q9C086	Q9NRD5	Nucleus	Cytoplasm,Cytoskeleton,Membrane,Synapse,Synaptosome	1|5	oneMulti
P31268	P50542	Nucleus	Cytoplasm,Peroxisome	1|2	oneMulti
O14810	O60499	Cell projection,Cytoplasm,Synapse	Golgi apparatus,Membrane	3|2	bothMulti
Q8NI60	Q8WUM0	Membrane,Mitochondrion	Centromere,Chromosome,Kinetochore,Nuclear pore complex,Nucleus	2|5	bothMulti
P19484	Q8IVS2	Cytoplasm,Lysosome,Membrane,Nucleus	Mitochondrion	4|1	oneMulti
P08134	Q8N1F8	Cell membrane,Membrane	Cytoplasm	2|1	oneMulti
Q96G04	Q9NRG1	Cytoplasm	none	1|1	bothSingle
O60216	Q8TBR4	Centromere,Chromosome,Cytoplasm,Cytoskeleton,Nucleus	none	5|1	oneMulti
P09341	P40198	Secreted	Membrane	1|1	bothSingle
P15884	Q16559	Nucleus	none	1|1	bothSingle
O43897	Q96JK2	Secreted	none	1|1	bothSingle
Q86UD0	Q8WUY9	Cell junction,Cell membrane,Cytoplasm,Membrane,Nucleus,Tight junction	none	6|1	oneMulti
P29372	Q9BXU1	Cytoplasm,Mitochondrion,Mitochondrion nucleoid,Nucleus	none	4|1	oneMulti
Q16760	Q8NG27	Cell membrane,Coated pit,Cytoplasm,Membrane	none	4|1	oneMulti
P56945	Q9UM73	Cell junction,Cell projection,Cytoplasm	Cell membrane,Membrane	3|2	bothMulti
Q13077	Q96HB5	none	Cell projection,Cytoplasm,Cytoskeleton,Endosome	1|4	oneMulti
Q96IX5	Q9NX40	Membrane,Mitochondrion	Endosome	2|1	oneMulti
P07305	P16157	Chromosome,Nucleus	Cytoplasm,Cytoskeleton,Membrane,Sarcoplasmic reticulum	2|4	bothMulti
O00590	P16619	Cell membrane,Endosome,Membrane	Secreted	3|1	oneMulti
Q93062	Q9UJX2	Cytoplasm,Nucleus	none	2|1	oneMulti
Q14444	Q6P3S6	Cell projection,Cytoplasm	none	2|1	oneMulti
Q6ZTA4	Q96ST2	Cytoplasm,Cytoskeleton	Nucleus	2|1	oneMulti
Q86W92	Q9H267	none	Cytoplasmic vesicle,Endosome,Lysosome,Membrane	1|4	oneMulti
Q8IYT8	Q9BSB4	Cytoplasmic vesicle,Membrane	Cytoplasm	2|1	oneMulti
Q99757	Q9NP77	Mitochondrion	Cytoplasm,Nucleus	1|2	oneMulti
A0A0A0MT82	P01706	none	Cell membrane,Immunoglobulin,Membrane,Secreted	1|4	oneMulti
P56915	Q8TF66	Nucleus	Cell membrane,Membrane	1|2	oneMulti
P22362	P49238	Secreted	Cell membrane,Membrane	1|2	oneMulti
O15160	Q92626	Cytoplasm,DNA-directed RNA polymerase,Nucleus	Basement membrane,Endoplasmic reticulum,Extracellular matrix,Secreted	3|4	bothMulti
O95837	Q9NS28	none	Cytoplasm	1|1	bothSingle
O43665	P11488	Cytoplasm,Nucleus	Cell projection,Membrane	2|2	bothMulti
Q8TBP5	Q9NVV4	Membrane	Cytoplasm,Mitochondrion	1|2	oneMulti
Q86VX9	Q96AH8	none	Cytoplasmic vesicle,Endosome,Golgi apparatus,Lysosome,Membrane	1|5	oneMulti
O95057	P52306	Cell membrane,Membrane	Cytoplasm,Endoplasmic reticulum,Mitochondrion,Nucleus	2|4	bothMulti
P56278	P56279	none	Cytoplasm,Endoplasmic reticulum,Microsome,Nucleus	1|4	oneMulti
P23229	Q05516	Cell membrane,Membrane	Nucleus	2|1	oneMulti
Q92902	Q9UPZ3	none	Cytoplasm	1|1	bothSingle
Q7Z3B4	Q9H1M0	Membrane,Nuclear pore complex,Nucleus	none	3|1	oneMulti
P27482	Q7Z624	none	Cytoplasm,Golgi apparatus,Nucleus	1|3	oneMulti
Q15466	Q9NSE2	Cytoplasm,Nucleus	none	2|1	oneMulti
Q6EEV6	Q96MF7	none	Chromosome,Nucleus,Telomere	1|3	oneMulti
Q8TE99	Q92563	Golgi apparatus,Membrane	Extracellular matrix,Secreted	2|2	bothMulti
Q02535	Q5RGS3	Nucleus	Membrane	1|1	bothSingle
P08134	Q13795	Cell membrane,Membrane	Golgi apparatus	2|1	oneMulti
P24534	Q15067	none	Peroxisome	1|1	bothSingle
P56202	Q13241	Endoplasmic reticulum	Cell membrane,Membrane	1|2	oneMulti
O94813	Q8WZ75	Secreted	none	1|1	bothSingle
O43299	Q9UPM8	Cytoplasm,Nucleus	Golgi apparatus,Membrane	2|2	bothMulti
P08069	Q9UKW4	Cell membrane,Membrane	none	2|1	oneMulti
Q86UW9	Q96IW7	Cytoplasm,Nucleus	Endoplasmic reticulum,Membrane	2|2	bothMulti
P61081	Q9UBW8	none	Cytoplasm,Nucleus,Signalosome	1|3	oneMulti
P21675	Q8IX18	Nucleus	none	1|1	bothSingle
P37802	P60709	none	Cytoplasm,Cytoskeleton,Nucleus	1|3	oneMulti
O75581	Q9BQB4	Cell membrane,Endoplasmic reticulum,Membrane	Extracellular matrix,Secreted	3|2	bothMulti
P04792	Q96PV6	Cytoplasm,Cytoskeleton,Nucleus	none	3|1	oneMulti
Q5VZ52	Q86UN6	Cell projection,Cilium,Flagellum	Cytoplasm	3|1	oneMulti
O95994	P41252	Endoplasmic reticulum,Secreted	Cytoplasm	2|1	oneMulti
P0CL84	Q8TBR4	Nucleus	none	1|1	bothSingle
Q86YR5	Q96MY7	Cell membrane,Cytoplasm,Endoplasmic reticulum,Golgi apparatus,Membrane	none	5|1	oneMulti
Q96A05	Q9UI12	none	Cytoplasmic vesicle,Membrane	1|2	oneMulti
P61204	Q9NU19	Cytoplasm,Golgi apparatus	none	2|1	oneMulti
A0A1W2PPL8	P21675	none	Nucleus	1|1	bothSingle
Q96PV0	Q9P267	none	Chromosome,Nucleus	1|2	oneMulti
P17947	Q8WU39	Nucleus	Cytoplasm,Endoplasmic reticulum,Secreted	1|3	oneMulti
P05000	P17181	Secreted	Cell membrane,Endosome,Lysosome,Membrane	1|4	oneMulti
O43169	Q6BCY4	Membrane,Mitochondrion,Mitochondrion outer membrane	none	3|1	oneMulti
P27348	P63027	Cytoplasm	Cell membrane,Cytoplasmic vesicle,Membrane,Synapse	1|4	oneMulti
Q13188	Q9H8W4	Cytoplasm,Cytoskeleton,Nucleus	Endoplasmic reticulum,Endosome,Membrane	3|3	bothMulti
P55196	Q9H0C2	Cell junction	Cell membrane,Cell projection,Cilium,Flagellum,Membrane,Mitochondrion,Mitochondrion inner membrane	1|7	oneMulti
P52566	P61587	Cytoplasm	Golgi apparatus,Membrane	1|2	oneMulti
Q8NDF8	Q9C0B9	Cytoplasm,Nucleus	none	2|1	oneMulti
P45985	P46734	Cytoplasm,Nucleus	none	2|1	oneMulti
P62837	Q9NV58	none	Cytoplasm,Cytoskeleton,Membrane	1|3	oneMulti
P00533	Q9Y305	Cell membrane,Endoplasmic reticulum,Endosome,Golgi apparatus,Membrane,Nucleus,Secreted	Mitochondrion	7|1	oneMulti
Q32MK0	Q96GE6	Cytoplasm	Cell projection	1|1	bothSingle
O94788	P05091	Cytoplasm	Mitochondrion	1|1	bothSingle
P45983	Q13233	Cytoplasm,Nucleus,Synapse	none	3|1	oneMulti
Q96LA8	Q9Y365	Nucleus	Cell projection,Cilium,Cytoplasm,Flagellum,Membrane	1|5	oneMulti
P22557	Q9UHF1	Membrane,Mitochondrion,Mitochondrion inner membrane	Secreted	3|1	oneMulti
A0A494C103	A6NIE9	none	Secreted	1|1	bothSingle
P08590	P13533	none	Cytoplasm,Thick filament	1|2	oneMulti
P24941	P33552	Cytoplasm,Cytoskeleton,Endosome,Nucleus	none	4|1	oneMulti
O75558	P40933	Golgi apparatus,Membrane	Cytoplasm,Nucleus,Secreted	2|3	bothMulti
O95994	P30085	Endoplasmic reticulum,Secreted	Cytoplasm,Nucleus	2|2	bothMulti
Q13206	Q14690	none	Nucleus	1|1	bothSingle
P60983	P61160	none	Cell projection,Cytoplasm,Cytoskeleton,Nucleus	1|4	oneMulti
O14976	Q8NHM5	Cell junction,Cytoplasm,Cytoplasmic vesicle,Golgi apparatus	Chromosome,Nucleus	4|2	bothMulti
P56706	Q8J025	Extracellular matrix,Secreted	Cell membrane,Membrane	2|2	bothMulti
Q2M1V0	Q6EEV6	Nucleus	none	1|1	bothSingle
Q15172	Q9H246	Centromere,Chromosome,Cytoplasm,Nucleus	none	4|1	oneMulti
P62750	Q6PK04	Cytoplasm,Nucleus	Chromosome	2|1	oneMulti
Q92696	Q9ULW5	none	Cytoplasmic vesicle,Golgi apparatus,Membrane	1|3	oneMulti
P62140	Q86WC6	Cytoplasm,Nucleus	none	2|1	oneMulti
P62829	Q9UHA3	Cytoplasm	Nucleus	1|1	bothSingle
O95755	Q9BXI6	Golgi apparatus,Membrane	Cell projection	2|1	oneMulti
Q5JSS6	Q96M98	none	Cell projection,Cytoplasm,Cytoskeleton	1|3	oneMulti
Q99942	Q9Y2X8	Cell membrane,Endoplasmic reticulum,Membrane,Mitochondrion	none	4|1	oneMulti
P29016	P61769	Cell membrane,Endosome,Lysosome,Membrane	Amyloid,MHC I,Secreted	4|3	bothMulti
Q13501	Q8TB22	Cytoplasm,Cytoplasmic vesicle,Endoplasmic reticulum,Endosome,Lysosome,Nucleus	Secreted	6|1	oneMulti
A0A0G2JNQ3	Q9UKM9	none	Nucleus,Spliceosome	1|2	oneMulti
O00459	Q8WYR1	none	Cell membrane,Cytoplasm,Membrane,Nucleus	1|4	oneMulti
P24534	P68104	none	Cell membrane,Cytoplasm,Membrane,Nucleus	1|4	oneMulti
Q02543	Q9GZR7	Cytoplasm	none	1|1	bothSingle
O43765	Q96EQ0	Cytoplasm,Nucleus	none	2|1	oneMulti
P42575	P78560	none	Cytoplasm,Nucleus	1|2	oneMulti
Q01518	Q562R1	Cell membrane,Membrane	Cytoplasm,Cytoskeleton	2|2	bothMulti
P46459	P54920	Cytoplasm	Cell membrane,Membrane	1|2	oneMulti
O43448	P57740	Cytoplasm	Centromere,Chromosome,Kinetochore,Membrane,Nuclear pore complex,Nucleus	1|6	oneMulti
Q14692	Q9BRS2	Nucleus	Cytoplasm	1|1	bothSingle
Q06203	Q9UKK9	none	Nucleus	1|1	bothSingle
O15033	P61077	none	Cell membrane,Endosome,Membrane	1|3	oneMulti
Q96T91	Q9Y6Q1	Secreted	Cytoplasm,Cytoskeleton,Microtubule	1|3	oneMulti
Q4J6C6	Q6IN84	Cytoplasm,Cytoskeleton,Golgi apparatus,Nucleus	Mitochondrion	4|1	oneMulti
Q05D32	Q8TDR2	none	Cytoplasm,Nucleus	1|2	oneMulti
O75940	P62834	Nucleus,Spliceosome	Cell junction,Cell membrane,Cytoplasm,Endosome,Membrane	2|5	bothMulti
P62258	Q04917	Cytoplasm,Nucleus	none	2|1	oneMulti
P50914	Q12894	Cytoplasm	none	1|1	bothSingle
P11234	Q12967	Cell membrane,Membrane	Cytoplasm,Nucleus	2|2	bothMulti
O95171	Q8TAD7	Cytoplasm,Membrane	none	2|1	oneMulti
Q8J025	Q96HF1	Cell membrane,Membrane	Secreted	2|1	oneMulti
Q86WW8	Q8N5G0	none	Membrane,Mitochondrion,Mitochondrion inner membrane,Secreted	1|4	oneMulti
P30679	Q08116	none	Cell membrane,Cytoplasm,Membrane	1|3	oneMulti
P09669	Q9NRX3	Membrane,Mitochondrion,Mitochondrion inner membrane	none	3|1	oneMulti
O60884	P54652	Membrane	Cytoplasm,Cytoskeleton	1|2	oneMulti
A6NNY8	Q70EK9	Cytoplasm,Nucleus	Chromosome	2|1	oneMulti
P51888	Q9UBK2	Extracellular matrix,Secreted	Cytoplasm,Nucleus	2|2	bothMulti
P22531	Q5T752	Cytoplasm	none	1|1	bothSingle
P40939	P46821	Membrane,Mitochondrion,Mitochondrion inner membrane	Cell projection,Cytoplasm,Cytoskeleton,Microtubule,Synapse	3|5	bothMulti
O75473	P09038	Cell membrane,Golgi apparatus,Membrane	Nucleus,Secreted	3|2	bothMulti
O43665	O95837	Cytoplasm,Nucleus	none	2|1	oneMulti
Q5H9R7	Q8NB46	Cytoplasm,Nucleus	none	2|1	oneMulti
P37840	Q8N6F8	Amyloid,Cell projection,Cytoplasm,Membrane,Nucleus,Secreted,Synapse	none	7|1	oneMulti
O75874	P48735	Cytoplasm,Peroxisome	Mitochondrion	2|1	oneMulti
O43291	P07477	Cell membrane,Cytoplasm,Membrane	Secreted	3|1	oneMulti
P18124	Q96T21	Cytoplasm	Mitochondrion,Nucleus	1|2	oneMulti
Q5T6F0	Q96JK2	Cytoplasm,Cytoskeleton,Nucleus	none	3|1	oneMulti
Q08209	Q14206	Cell membrane,Cell projection,Cytoplasm,Membrane,Synapse	none	5|1	oneMulti
O14498	P54764	Secreted	Cell junction,Cell membrane,Cell projection,Endosome,Membrane,Postsynaptic cell membrane,Synapse	1|7	oneMulti
O15481	Q8WV22	Cytoplasm	Chromosome,Nucleus,Telomere	1|3	oneMulti
P14649	Q13459	none	Cytoplasm,Cytoskeleton	1|2	oneMulti
Q4VC05	Q92784	none	Nucleus	1|1	bothSingle
P53611	Q7L014	none	Nucleus,Spliceosome	1|2	oneMulti
Q7Z5G4	Q96H35	Golgi apparatus,Membrane	none	2|1	oneMulti
A8MV65	Q5T4B2	Nucleus	Endoplasmic reticulum	1|1	bothSingle
P25440	Q9HCS2	Chromosome,Nucleus	Endoplasmic reticulum,Membrane,Microsome	2|3	bothMulti
P15498	P22681	none	Cell membrane,Cell projection,Cytoplasm,Golgi apparatus,Membrane	1|5	oneMulti
Q9P206	Q9UNA1	none	Cell junction,Cytoplasm,Cytoskeleton,Endosome,Membrane	1|5	oneMulti
Q86TG7	Q9BWD3	Cytoplasm,Membrane,Nucleus	none	3|1	oneMulti
Q68D91	Q9Y2H8	Cell membrane,Endoplasmic reticulum,Membrane	Nucleus	3|1	oneMulti
Q13347	Q14240	Cytoplasm	none	1|1	bothSingle
Q8TD86	Q9H2S1	Cytoplasm,Nucleus	Membrane	2|1	oneMulti
P42285	Q7Z739	Nucleus,Spliceosome	Cytoplasm	2|1	oneMulti
P32248	Q99731	Cell membrane,Membrane	Secreted	2|1	oneMulti
P49023	Q14161	Cell junction,Cytoplasm,Cytoskeleton	none	3|1	oneMulti
Q969H0	Q9ULT8	Chromosome,Cytoplasm,Nucleus	none	3|1	oneMulti
P05141	P55196	Membrane,Mitochondrion,Mitochondrion inner membrane	Cell junction	3|1	oneMulti
Q92686	Q96GE6	none	Cell projection	1|1	bothSingle
Q6DKK2	Q70EL1	Membrane,Mitochondrion,Mitochondrion inner membrane	none	3|1	oneMulti
Q92901	Q9NY93	none	Nucleus	1|1	bothSingle
Q02543	Q9BVP2	Cytoplasm	Nucleus	1|1	bothSingle
P40616	P62258	Golgi apparatus,Membrane	Cytoplasm,Nucleus	2|2	bothMulti
Q9GZP9	Q9NWU5	Endoplasmic reticulum,Membrane	Mitochondrion	2|1	oneMulti
O43567	Q9Y2X8	Endoplasmic reticulum,Endosome,Lysosome,Membrane,Nucleus	none	5|1	oneMulti
Q13557	Q9UQM7	Cell membrane,Membrane,Sarcoplasmic reticulum	Cell projection,Synapse	3|2	bothMulti
O95490	Q9UBM4	Membrane	Extracellular matrix,Secreted	1|2	oneMulti
P13500	P51681	Secreted	Cell membrane,Membrane	1|2	oneMulti
Q5T653	Q8NBR0	Mitochondrion	Cell membrane,Cytoplasm,Membrane	1|3	oneMulti
Q6ZSY5	Q8N309	Membrane	none	1|1	bothSingle
Q05923	Q99640	Nucleus	Endoplasmic reticulum,Golgi apparatus,Membrane	1|3	oneMulti
P49459	Q96FW1	none	Cytoplasm	1|1	bothSingle
P50402	Q16661	Membrane,Microtubule,Nucleus	Secreted	3|1	oneMulti
Q7M4L6	Q9H4F1	none	Golgi apparatus,Membrane	1|2	oneMulti
P40222	Q9NUQ3	none	Cytoplasm,Membrane,Nucleus	1|3	oneMulti
P08069	Q9Y6W6	Cell membrane,Membrane	Cytoplasm,Nucleus	2|2	bothMulti
Q9BTV6	Q9UBU9	none	Cytoplasm,Nuclear pore complex,Nucleus	1|3	oneMulti
P43366	Q8N140	none	Chromosome,Cytoplasm,Nucleus,Telomere	1|4	oneMulti
P40939	Q9UPN9	Membrane,Mitochondrion,Mitochondrion inner membrane	Nucleus	3|1	oneMulti
O95139	Q19AV6	Membrane,Mitochondrion,Mitochondrion inner membrane	Nucleus	3|1	oneMulti
Q6MZQ0	Q9UI95	none	Chromosome,Cytoplasm,Cytoskeleton,Nucleus	1|4	oneMulti
Q53G59	Q6TFL4	Cytoplasmic vesicle	Cell junction,Cell projection,Cytoplasm	1|3	oneMulti
Q5VT52	Q96P16	none	Nucleus	1|1	bothSingle
Q8NEF9	Q9NYH9	Cytoplasm	Nucleus	1|1	bothSingle
P62879	Q13371	Cell membrane,Cytoplasm,Membrane	Cell projection	3|1	oneMulti
P49366	P63241	none	Cytoplasm,Endoplasmic reticulum,Membrane,Nucleus	1|4	oneMulti
O75937	Q8IX12	Nucleus	Cytoplasm	1|1	bothSingle
P18077	Q9NV31	Cytoplasm	Nucleus	1|1	bothSingle
P62837	Q99942	none	Cell membrane,Endoplasmic reticulum,Membrane,Mitochondrion	1|4	oneMulti
Q86UW9	Q9NYS7	Cytoplasm,Nucleus	none	2|1	oneMulti
Q07889	Q8WV28	none	Cell membrane,Cytoplasm,Membrane	1|3	oneMulti
P86790	Q86VX9	Lysosome,Membrane	none	2|1	oneMulti
P07910	P27348	Nucleus,Spliceosome	Cytoplasm	2|1	oneMulti
Q13257	Q9P2N7	Centromere,Chromosome,Cytoplasm,Cytoskeleton,Kinetochore,Nucleus	none	6|1	oneMulti
P40337	Q9Y6I7	Cell membrane,Cytoplasm,Endoplasmic reticulum,Membrane,Nucleus	none	5|1	oneMulti
Q13526	Q14558	Cytoplasm,Nucleus	none	2|1	oneMulti
P35443	P49746	Endoplasmic reticulum,Extracellular matrix,Sarcoplasmic reticulum,Secreted	none	4|1	oneMulti
Q6UW15	Q9ULY5	Cytoplasm,Secreted	Cell membrane,Cell projection,Membrane	2|3	bothMulti
Q6DKK2	Q9NRA8	Membrane,Mitochondrion,Mitochondrion inner membrane	Cytoplasm,Nucleus	3|2	bothMulti
P51668	Q9P0P0	Cytoplasm	none	1|1	bothSingle
Q9UBV2	Q9Y2U5	Endoplasmic reticulum,Membrane	Cytoplasm,Nucleus	2|2	bothMulti
Q8NEF9	Q8TF66	Cytoplasm	Cell membrane,Membrane	1|2	oneMulti
Q96EH3	Q9Y3B4	Mitochondrion	Nucleus,Spliceosome	1|2	oneMulti
Q15369	Q8WXH6	Nucleus	Cell membrane,Membrane	1|2	oneMulti
P42575	Q14790	none	Cell projection,Cytoplasm,Nucleus	1|3	oneMulti
P23434	Q53HV7	Mitochondrion	Nucleus	1|1	bothSingle
Q16623	Q96NK8	Cell membrane,Cytoplasmic vesicle,Membrane,Secreted,Synapse,Synaptosome	Nucleus	6|1	oneMulti
P62888	Q71UM5	Cytoplasm	none	1|1	bothSingle
O14543	Q15369	none	Nucleus	1|1	bothSingle
Q96LR5	Q9Y508	none	Cytoplasm,Nucleus	1|2	oneMulti
Q66PJ3	Q9BU76	Nucleus	none	1|1	bothSingle
O15335	Q9NS85	Extracellular matrix,Secreted	none	2|1	oneMulti
A0AUZ9	Q9P2N6	none	Nucleus	1|1	bothSingle
Q5QP82	Q5T2D3	none	Cytoplasm,Nucleus	1|2	oneMulti
Q96FW1	Q9Y2X8	Cytoplasm	none	1|1	bothSingle
Q96EF0	Q96QG7	Nucleus	Cell membrane,Cell projection,Cytoplasm,Endoplasmic reticulum,Membrane	1|5	oneMulti
Q96HN2	Q99797	Cytoplasm,Endoplasmic reticulum,Microsome	Mitochondrion	3|1	oneMulti
O60291	P60604	Cell membrane,Cytoplasm,Endosome,Membrane,Nucleus	Endoplasmic reticulum,Lipid droplet	5|2	bothMulti
P46109	Q07912	none	Cell junction,Cell membrane,Coated pit,Cytoplasm,Cytoplasmic vesicle,Endosome,Membrane,Nucleus	1|8	oneMulti
A8MXT2	Q8N140	none	Chromosome,Cytoplasm,Nucleus,Telomere	1|4	oneMulti
P06681	P09871	Secreted	none	1|1	bothSingle
O43281	O43294	none	Cell junction,Cytoplasm,Cytoskeleton,Nucleus	1|4	oneMulti
P04150	P30519	Cytoplasm,Cytoskeleton,Mitochondrion,Nucleus	Endoplasmic reticulum,Membrane,Microsome	4|3	bothMulti
Q8NB25	Q9NZQ0	Cytoplasm,Cytoskeleton	Nucleus	2|1	oneMulti
P48509	Q13753	Membrane	Basement membrane,Extracellular matrix,Secreted	1|3	oneMulti
Q8WVL7	Q8WXR4	Nucleus	Cell projection,Cytoplasm,Cytoskeleton	1|3	oneMulti
P0DP25	P48454	Cytoplasm,Cytoskeleton	Mitochondrion	2|1	oneMulti
A2RRP1	Q8WU76	Cytoplasm,Endoplasmic reticulum,Membrane	none	3|1	oneMulti
O75208	P09601	Mitochondrion	Endoplasmic reticulum,Membrane	1|2	oneMulti
Q86V87	Q9UJC3	none	Cytoplasm,Cytoskeleton,Microtubule	1|3	oneMulti
P40939	Q8IXJ9	Membrane,Mitochondrion,Mitochondrion inner membrane	Nucleus	3|1	oneMulti
Q3LI66	Q8IVS8	Keratin	Cytoplasm,Mitochondrion	1|2	oneMulti
Q9GZZ9	Q9Y3C8	Cytoplasm,Endoplasmic reticulum,Golgi apparatus,Membrane,Nucleus	none	5|1	oneMulti
Q969K3	Q9UIC8	Cell membrane,Cytoplasm,Membrane,Nucleus	none	4|1	oneMulti
P02452	P05556	Extracellular matrix,Secreted	Cell junction,Cell membrane,Cell projection,Endosome,Membrane	2|5	bothMulti
O00408	P22234	Cell membrane,Cytoplasm,Membrane,Mitochondrion,Mitochondrion inner membrane,Mitochondrion outer membrane	none	6|1	oneMulti
P55036	Q12986	Proteasome	Nucleus	1|1	bothSingle
Q14562	Q2TBE0	Nucleus,Spliceosome	none	2|1	oneMulti
Q8N3X1	Q9BVC5	none	Nucleus	1|1	bothSingle
Q04637	Q14240	Cytoplasm,Nucleus	none	2|1	oneMulti
P06732	P12532	Cytoplasm	Membrane,Mitochondrion,Mitochondrion inner membrane	1|3	oneMulti
Q9NY30	Q9UFF9	none	Cytoplasm,Nucleus	1|2	oneMulti
O94826	Q9UPN9	Membrane,Mitochondrion,Mitochondrion outer membrane	Nucleus	3|1	oneMulti
B2RXH8	O95835	Nucleus	Cytoplasm,Cytoskeleton	1|2	oneMulti
P62837	Q96J02	none	Cell membrane,Cytoplasm,Endosome,Membrane,Nucleus	1|5	oneMulti
Q9C086	Q9HCS2	Nucleus	Endoplasmic reticulum,Membrane,Microsome	1|3	oneMulti
P61077	Q9P0P0	Cell membrane,Endosome,Membrane	none	3|1	oneMulti
P55769	Q71UM5	Nucleus,Spliceosome	none	2|1	oneMulti
Q9HD33	Q9NQX6	Mitochondrion	Nucleus	1|1	bothSingle
Q13501	Q96CB9	Cytoplasm,Cytoplasmic vesicle,Endoplasmic reticulum,Endosome,Lysosome,Nucleus	Mitochondrion	6|1	oneMulti
P42766	Q8NHQ9	Cytoplasm	none	1|1	bothSingle
P42285	Q9BU89	Nucleus,Spliceosome	none	2|1	oneMulti
O75970	Q7Z3E1	Cell junction,Cell membrane,Cell projection,Membrane,Synapse,Synaptosome,Tight junction	Nucleus	7|1	oneMulti
Q05DH4	Q9UJC3	none	Cytoplasm,Cytoskeleton,Microtubule	1|3	oneMulti
P08246	Q5DT21	Cytoplasmic vesicle	Secreted	1|1	bothSingle
P20674	P62857	Membrane,Mitochondrion,Mitochondrion inner membrane	Cytoplasm,Endoplasmic reticulum,Nucleus	3|3	bothMulti
P50750	P63208	Cytoplasm,Nucleus	none	2|1	oneMulti
O15550	P05387	Nucleus	none	1|1	bothSingle
O00421	P12544	Cell membrane,Membrane	Secreted	2|1	oneMulti
Q8NB46	Q9UPN7	none	Cytoplasm	1|1	bothSingle
P18847	P45452	Nucleus	Extracellular matrix,Secreted	1|2	oneMulti
P61077	Q9H992	Cell membrane,Endosome,Membrane	Cytoplasm	3|1	oneMulti
P13164	P35225	Cell membrane,Lysosome,Membrane	Secreted	3|1	oneMulti
Q567U6	Q9GZQ3	Endosome	Cytoplasm,Nucleus	1|2	oneMulti
P61225	Q9NZM3	Endosome,Membrane	Cytoplasm	2|1	oneMulti
Q9H469	Q9NXK8	Cytoplasm	none	1|1	bothSingle
P61981	Q9UPT9	Cytoplasm	Nucleus	1|1	bothSingle
Q8WWB5	Q96HA8	none	Cytoplasm,Nucleus	1|2	oneMulti
Q96BQ1	Q9Y2A9	Secreted	Golgi apparatus,Membrane	1|2	oneMulti
P54252	Q8NG27	Lysosome,Membrane,Nucleus	none	3|1	oneMulti
Q99470	Q9UBS4	Secreted	Endoplasmic reticulum	1|1	bothSingle
O14965	P24522	Cell membrane,Cell projection,Cilium,Cytoplasm,Cytoskeleton,Membrane,Microtubule	Nucleus	7|1	oneMulti
P14866	Q9C0H2	Cytoplasm,Nucleus	Cell membrane,Membrane	2|2	bothMulti
Q7L5Y6	Q96RU8	Nucleus	none	1|1	bothSingle
A0A0J9YX57	Q9NXX6	none	Chromosome,Nucleus,Telomere	1|3	oneMulti
P05155	Q92637	Secreted	Cell membrane,Membrane	1|2	oneMulti
P54368	Q9HD15	none	Cytoplasm,Nucleus	1|2	oneMulti
P43361	Q9NXX6	none	Chromosome,Nucleus,Telomere	1|3	oneMulti
Q16825	Q8TCX5	Cytoplasm,Cytoskeleton	none	2|1	oneMulti
P51668	Q9H0F5	Cytoplasm	Nucleus	1|1	bothSingle
O75884	P06400	none	Nucleus	1|1	bothSingle
A1YPR0	O95365	none	Nucleus	1|1	bothSingle
Q6UY01	Q8WWN8	none	Cell membrane,Cell projection,Cytoplasm,Cytoskeleton,Membrane	1|5	oneMulti
Q0VF96	Q9H0H5	Cell junction,Tight junction	Cell membrane,Cytoplasm,Cytoplasmic vesicle,Cytoskeleton,Membrane,Microtubule,Nucleus	2|7	bothMulti
P19087	Q08116	Cell projection	Cell membrane,Cytoplasm,Membrane	1|3	oneMulti
O95831	Q9NX40	Cytoplasm,Membrane,Mitochondrion,Mitochondrion inner membrane,Nucleus	Endosome	5|1	oneMulti
Q86UD3	Q9Y2X8	Cytoplasmic vesicle,Endosome,Membrane	none	3|1	oneMulti
A8MXD5	Q9NZA1	Cell projection,Cilium	Cell membrane,Cytoplasm,Cytoskeleton,Golgi apparatus,Membrane,Mitochondrion	2|6	bothMulti
Q9BVV7	Q9NRN7	Membrane,Mitochondrion	Cytoplasm	2|1	oneMulti
Q9GZT5	Q9H461	Extracellular matrix,Secreted	Cell membrane,Golgi apparatus,Membrane	2|3	bothMulti
P04899	P49798	Cell membrane,Cytoplasm,Cytoskeleton,Membrane	none	4|1	oneMulti
O95257	P47928	none	Nucleus	1|1	bothSingle
Q8N9B5	Q9HBF4	Cytoplasm,Cytoplasmic vesicle,Cytoskeleton,Membrane,Nucleus	Endoplasmic reticulum,Golgi apparatus,Lipid droplet,Mitochondrion	5|4	bothMulti
P06733	Q7Z422	Cell membrane,Cytoplasm,Membrane,Nucleus	none	4|1	oneMulti
O00506	Q9H9S4	Cytoplasm,Golgi apparatus	none	2|1	oneMulti
P62269	P78316	Cytoplasm	Nucleus	1|1	bothSingle
O14508	P40337	none	Cell membrane,Cytoplasm,Endoplasmic reticulum,Membrane,Nucleus	1|5	oneMulti
O15211	P11233	none	Cell membrane,Membrane,Mitochondrion	1|3	oneMulti
O43583	O60762	none	Endoplasmic reticulum	1|1	bothSingle
Q86XE0	Q9UMY4	none	Membrane	1|1	bothSingle
Q8NCA5	Q9Y224	none	Cytoplasm,Cytoskeleton,Nucleus	1|3	oneMulti
Q07973	Q9C086	Mitochondrion	Nucleus	1|1	bothSingle
Q6DKI1	Q9NZM5	none	Nucleus	1|1	bothSingle
P11277	Q8N6V4	Cytoplasm,Cytoskeleton	none	2|1	oneMulti
P58557	Q8IYQ7	Nucleus	none	1|1	bothSingle
A0PJX2	P21281	none	Cell membrane,Cytoplasm,Cytoplasmic vesicle,Membrane,Synapse	1|5	oneMulti
Q86XP3	Q9P272	Cytoplasm,Nucleus	none	2|1	oneMulti
O60566	Q53RE8	Centromere,Chromosome,Cytoplasm,Cytoskeleton,Kinetochore,Nucleus	none	6|1	oneMulti
A0A1W2PPH5	Q8IZX4	none	Nucleus	1|1	bothSingle
O76003	Q9Y3E2	Cytoplasm	Mitochondrion	1|1	bothSingle
Q6UXY1	Q9HC52	Cell junction,Cell membrane,Cytoplasmic vesicle,Membrane	Nucleus	4|1	oneMulti
Q9Y4K3	Q9Y6Q6	Cytoplasm,Lipid droplet,Nucleus	Cell membrane,Membrane	3|2	bothMulti
P15735	Q8TD86	none	Cytoplasm,Nucleus	1|2	oneMulti
A6NDL7	Q8NB15	none	Nucleus	1|1	bothSingle
P43365	Q9NXX6	none	Chromosome,Nucleus,Telomere	1|3	oneMulti
P42680	P42696	Cell membrane,Cytoplasm,Cytoskeleton,Membrane	Nucleus	4|1	oneMulti
P61077	Q9H0F5	Cell membrane,Endosome,Membrane	Nucleus	3|1	oneMulti
O43678	Q86YC2	Membrane,Mitochondrion,Mitochondrion inner membrane	Nucleus	3|1	oneMulti
P22681	P62837	Cell membrane,Cell projection,Cytoplasm,Golgi apparatus,Membrane	none	5|1	oneMulti
P49321	Q8NC06	Cytoplasm,Nucleus	none	2|1	oneMulti
Q969H4	Q9BYL1	Cytoplasm,Membrane	none	2|1	oneMulti
P17980	Q9Y312	Cytoplasm,Nucleus,Proteasome	Spliceosome	3|1	oneMulti
Q92696	Q9BRG1	none	Cytoplasm,Endosome,Membrane,Nucleus	1|4	oneMulti
Q6PJI9	Q9Y2K7	Lysosome,Membrane	Chromosome,Nucleus	2|2	bothMulti
P35475	Q9H112	Lysosome	Secreted	1|1	bothSingle
A0AUZ9	A8MW92	none	Nucleus	1|1	bothSingle
O75170	Q8NB46	Cytoplasm	none	1|1	bothSingle
O94933	P62760	Membrane	none	1|1	bothSingle
O75628	Q13546	none	Cell membrane,Cytoplasm,Membrane	1|3	oneMulti
P86790	Q7L1V2	Lysosome,Membrane	none	2|1	oneMulti
P13725	Q99650	Secreted	Membrane	1|1	bothSingle
Q7Z478	Q9HCS7	Cytoplasm	Nucleus,Spliceosome	1|2	oneMulti
Q6DKI1	Q9Y3C1	none	Nucleus	1|1	bothSingle
Q8WVZ9	Q9P2G9	Cytoplasm,Nucleus	none	2|1	oneMulti
O15265	Q70EK9	Cytoplasm,Cytoskeleton,Nucleus	Chromosome	3|1	oneMulti
A6NK59	Q8TER5	none	Cytoplasm	1|1	bothSingle
O95801	Q9BTY7	Cytoplasm,Nucleus	none	2|1	oneMulti
Q5EG05	Q9ULZ3	none	Cytoplasm,Endoplasmic reticulum,Golgi apparatus,Inflammasome,Membrane,Mitochondrion,Nucleus	1|7	oneMulti
P06702	Q9NQ31	Cell membrane,Cytoplasm,Cytoskeleton,Membrane,Secreted	Nucleus	5|1	oneMulti
P28715	Q8IX18	Chromosome,Nucleus	none	2|1	oneMulti
P0DJD0	Q99567	none	Nuclear pore complex,Nucleus	1|2	oneMulti
P55769	P62888	Nucleus,Spliceosome	Cytoplasm	2|1	oneMulti
A0A1W2PPH5	P38432	none	Nucleus	1|1	bothSingle
O00206	P01178	Cell membrane,Cell projection,Endosome,Membrane	Secreted	4|1	oneMulti
Q3MII6	Q9P244	Cytoplasm,Cytoplasmic vesicle	Cell membrane,Membrane,Postsynaptic cell membrane,Synapse	2|4	bothMulti
O60476	Q9BTT0	Golgi apparatus,Membrane	Cytoplasm,Nucleus	2|2	bothMulti
O14817	P32242	Membrane	Nucleus	1|1	bothSingle
Q96JS3	Q9NWS9	none	Nucleus	1|1	bothSingle
O14950	Q9NS69	none	Membrane,Mitochondrion,Mitochondrion outer membrane	1|3	oneMulti
P10147	P42081	Secreted	Cell membrane,Membrane	1|2	oneMulti
Q86T65	Q9Y4D1	none	Cell projection,Cytoplasm,Cytoskeleton	1|3	oneMulti
P83881	Q9NV31	Cytoplasm	Nucleus	1|1	bothSingle
P41594	Q8WXR4	Cell membrane,Membrane	Cell projection,Cytoplasm,Cytoskeleton	2|3	bothMulti
Q6ZS72	Q86YV5	none	Cell junction,Cytoplasm,Nucleus	1|3	oneMulti
P13861	P22612	Cell membrane,Cytoplasm,Membrane	none	3|1	oneMulti
Q9BSK4	Q9H875	Cytoplasm,Mitochondrion	Nucleus,Spliceosome	2|2	bothMulti
Q53G59	Q9P2N7	Cytoplasmic vesicle	none	1|1	bothSingle
A0A1W2PPE2	Q12962	none	Nucleus	1|1	bothSingle
O00746	P22392	Membrane,Mitochondrion	Cell projection,Cytoplasm,Nucleus	2|3	bothMulti
Q92696	Q9H0T7	none	Cell projection,Endosome,Membrane	1|3	oneMulti
P19022	Q15746	Cell junction,Cell membrane,Membrane	Cell projection,Cytoplasm,Cytoskeleton	3|3	bothMulti
P04271	Q8WXG8	Cytoplasm,Nucleus,Secreted	none	3|1	oneMulti
P24844	Q9UEE5	Cytoplasm,Cytoskeleton	Nucleus	2|1	oneMulti
Q7Z6J8	Q96CS4	Cytoplasm	Nucleus	1|1	bothSingle
P39019	Q86XD8	Cytoplasm,Nucleus	none	2|1	oneMulti
P08514	Q9P0P0	Membrane	none	1|1	bothSingle
O75581	P00441	Cell membrane,Endoplasmic reticulum,Membrane	Cytoplasm,Nucleus	3|2	bothMulti
Q9NX18	Q9Y5N5	Mitochondrion	Nucleus	1|1	bothSingle
Q0VD86	Q9BTV6	Cytoplasm,Nucleus	none	2|1	oneMulti
Q92636	Q9UL54	none	Cell projection,Cytoplasm,Cytoplasmic vesicle,Cytoskeleton,Membrane,Nucleus	1|6	oneMulti
P05386	P05388	none	Cytoplasm,Nucleus	1|2	oneMulti
O60603	P31371	Cytoplasmic vesicle,Membrane	Secreted	2|1	oneMulti
Q9P227	Q9Y483	none	Nucleus	1|1	bothSingle
P24844	Q7Z406	Cytoplasm,Cytoskeleton	none	2|1	oneMulti
Q64LD2	Q9BRD0	none	Nucleus,Spliceosome	1|2	oneMulti
Q12982	Q7Z769	Cytoplasm	Membrane	1|1	bothSingle
P40939	Q92560	Membrane,Mitochondrion,Mitochondrion inner membrane	Cytoplasm,Nucleus	3|2	bothMulti
Q8IWT0	Q92499	none	Cytoplasm,Mitochondrion,Nucleus	1|3	oneMulti
Q8WV44	Q9NWQ4	Cytoplasm,Nucleus	none	2|1	oneMulti
P11362	P55075	Cell membrane,Cytoplasm,Cytoplasmic vesicle,Membrane,Nucleus	Secreted	5|1	oneMulti
P51610	Q9HCI7	Cytoplasm,Nucleus	none	2|1	oneMulti
Q9NR12	Q9ULV8	Cytoplasm,Cytoskeleton	none	2|1	oneMulti
O60542	O60609	Secreted	Cell membrane,Membrane	1|2	oneMulti
O75911	Q6UWP2	Membrane	Secreted	1|1	bothSingle
P26022	Q6UVY6	Secreted	Endoplasmic reticulum,Membrane	1|2	oneMulti
P63172	Q8N7M0	Cytoplasm,Cytoskeleton,Dynein,Golgi apparatus,Microtubule	none	5|1	oneMulti
A6NMX2	Q13542	none	Cytoplasm,Nucleus	1|2	oneMulti
A8MQ03	P21333	none	Cell projection,Cytoplasm,Cytoskeleton	1|3	oneMulti
A0A1W2PPE2	Q92750	none	Cytoplasm,Nucleus	1|2	oneMulti
Q16816	Q16821	none	Membrane	1|1	bothSingle
O95292	Q5VTQ0	Endoplasmic reticulum,Membrane	none	2|1	oneMulti
P17509	Q86V86	Nucleus	Cytoplasm	1|1	bothSingle
A0PJX0	Q8TDI7	none	Cell membrane,Membrane	1|2	oneMulti
Q8NFD5	Q9NX31	Nucleus	none	1|1	bothSingle
Q7Z4Q2	Q8TBP5	none	Membrane	1|1	bothSingle
Q7Z4Q2	Q9Y2C4	none	Membrane,Mitochondrion,Mitochondrion inner membrane	1|3	oneMulti
P39023	Q6ZNB6	Cytoplasm,Nucleus	Membrane	2|1	oneMulti
O95865	Q6P4R8	Cytoplasm,Mitochondrion	Nucleus	2|1	oneMulti
P05386	P25398	none	Cytoplasm,Nucleus	1|2	oneMulti
P13224	Q8TD86	Membrane	Cytoplasm,Nucleus	1|2	oneMulti
Q8N3C7	Q8NC26	none	Nucleus	1|1	bothSingle
P01889	P40933	Cell membrane,Endoplasmic reticulum,Membrane,MHC I	Cytoplasm,Nucleus,Secreted	4|3	bothMulti
P28715	P78562	Chromosome,Nucleus	Cell membrane,Membrane	2|2	bothMulti
Q8TAU3	Q9NRD5	Nucleus	Cytoplasm,Cytoskeleton,Membrane,Synapse,Synaptosome	1|5	oneMulti
O43318	P05412	Cell membrane,Cytoplasm,Membrane	Nucleus	3|1	oneMulti
Q13523	Q9HCE6	Nucleus,Spliceosome	Cytoplasm	2|1	oneMulti
Q9UII2	Q9Y3U8	Mitochondrion	Cytoplasm	1|1	bothSingle
O43639	Q07889	Cytoplasm,Endoplasmic reticulum	none	2|1	oneMulti
O75164	P29323	Nucleus	Cell membrane,Cell projection,Membrane	1|3	oneMulti
P01042	P06870	Secreted	none	1|1	bothSingle
P51668	P63208	Cytoplasm	none	1|1	bothSingle
Q8N488	Q9H7E9	Cytoplasm,Nucleus	none	2|1	oneMulti
Q4G0X4	Q96SI1	none	Nucleus	1|1	bothSingle
P36578	Q8TDN6	Cytoplasm	Nucleus	1|1	bothSingle
O43320	P23229	Secreted	Cell membrane,Membrane	1|2	oneMulti
P36542	Q8NHQ9	CF(1),Membrane,Mitochondrion,Mitochondrion inner membrane	none	4|1	oneMulti
Q15742	Q9Y490	Nucleus	Cell junction,Cell membrane,Cell projection,Cytoplasm,Cytoskeleton,Membrane	1|6	oneMulti
A6NNY8	Q5T6C5	Cytoplasm,Nucleus	none	2|1	oneMulti
A8MWY0	P0CG40	Cell membrane,Membrane	Nucleus	2|1	oneMulti
Q8N140	Q9UNF1	Chromosome,Cytoplasm,Nucleus,Telomere	none	4|1	oneMulti
P01127	P09619	Secreted	Cell membrane,Cytoplasmic vesicle,Lysosome,Membrane	1|4	oneMulti
O60294	P10109	none	Mitochondrion	1|1	bothSingle
O00151	Q08043	Cytoplasm,Cytoskeleton	none	2|1	oneMulti
Q6UVK1	Q9Y6C2	Cell membrane,Cell projection,Membrane	Extracellular matrix,Secreted	3|2	bothMulti
P01570	P17181	Secreted	Cell membrane,Endosome,Lysosome,Membrane	1|4	oneMulti
P34998	Q8WXD9	Cell membrane,Endosome,Membrane	Cytoplasm	3|1	oneMulti
P11686	P60059	Secreted,Surface film	Endoplasmic reticulum,Membrane	2|2	bothMulti
Q14161	Q9Y2X7	none	Cell junction,Cell projection,Cytoplasm,Cytoskeleton,Synapse	1|5	oneMulti
P00734	P07204	Secreted	Membrane	1|1	bothSingle
Q8N140	Q96JG8	Chromosome,Cytoplasm,Nucleus,Telomere	none	4|1	oneMulti
P20674	Q9HAZ2	Membrane,Mitochondrion,Mitochondrion inner membrane	Cytoplasm,Nucleus	3|2	bothMulti
P09341	Q9ULY5	Secreted	Cell membrane,Cell projection,Membrane	1|3	oneMulti
O76021	P62424	Nucleus	Cytoplasm	1|1	bothSingle
O43240	Q5BKY1	Secreted	Nucleus	1|1	bothSingle
O94830	Q9Y6Y8	Cytoplasm,Golgi apparatus	Cytoplasmic vesicle,Endoplasmic reticulum,Membrane	2|3	bothMulti
Q9BQ90	Q9BST9	Cytoplasm	none	1|1	bothSingle
A8MT70	Q96C74	none	Cell projection,Cilium,Flagellum	1|3	oneMulti
O00230	O95751	Secreted	Nucleus	1|1	bothSingle
P16619	Q9HBE5	Secreted	Membrane	1|1	bothSingle
P61278	P62873	Secreted	none	1|1	bothSingle
P50150	Q9HAV0	Cell membrane,Membrane	none	2|1	oneMulti
Q05D32	Q12965	none	Cell junction,Cytoplasm,Cytoplasmic vesicle,Cytoskeleton	1|4	oneMulti
A6NIK2	Q9Y2I2	none	Cell membrane,Membrane	1|2	oneMulti
Q7Z3E1	Q96A49	Nucleus	Cell membrane,Cell projection,Cytoplasm,Golgi apparatus,Membrane,Postsynaptic cell membrane,Synapse	1|7	oneMulti
O75157	Q99576	none	Cytoplasm,Nucleus	1|2	oneMulti
P78364	Q9UJX2	Nucleus	none	1|1	bothSingle
Q52LA3	Q6MZP7	none	Nucleus	1|1	bothSingle
A6NLC8	Q8IZX4	none	Nucleus	1|1	bothSingle
Q8N431	Q9UBS3	none	Endoplasmic reticulum	1|1	bothSingle
P27487	P31942	Cell junction,Cell membrane,Cell projection,Membrane,Secreted	Nucleus	5|1	oneMulti
Q5VXI9	Q9HBH5	Secreted	none	1|1	bothSingle
Q86SE5	Q9C026	none	Cell projection,Cytoplasm,Cytoplasmic vesicle,Cytoskeleton,Synapse	1|5	oneMulti
Q68CZ1	Q8NG66	Cell junction,Cell projection,Cilium,Cytoplasm,Cytoskeleton,Tight junction	Nucleus	6|1	oneMulti
P18124	Q14197	Cytoplasm	Mitochondrion	1|1	bothSingle
P08246	P49913	Cytoplasmic vesicle	Secreted	1|1	bothSingle
Q4VC05	Q92785	none	Cytoplasm,Nucleus	1|2	oneMulti
P62873	Q9UBI6	none	Cell membrane,Membrane	1|2	oneMulti
P02585	Q8WXR4	none	Cell projection,Cytoplasm,Cytoskeleton	1|3	oneMulti
P61077	P63208	Cell membrane,Endosome,Membrane	none	3|1	oneMulti
P11362	P31371	Cell membrane,Cytoplasm,Cytoplasmic vesicle,Membrane,Nucleus	Secreted	5|1	oneMulti
P01286	Q02643	Secreted	Cell membrane,Membrane	1|2	oneMulti
Q9NY64	Q9UBS3	Cell membrane,Cytoplasmic vesicle,Membrane	Endoplasmic reticulum	3|1	oneMulti
A0AVI4	P51668	Endoplasmic reticulum,Membrane	Cytoplasm	2|1	oneMulti
Q8NBP0	Q8WWF1	none	Secreted	1|1	bothSingle
P14649	Q9Y623	none	Cytoplasm,Thick filament	1|2	oneMulti
Q0PNE2	Q96EB1	none	Cytoplasm,Nucleus	1|2	oneMulti
P05387	P05388	none	Cytoplasm,Nucleus	1|2	oneMulti
P50897	Q68DK2	Lysosome,Secreted	Cytoplasm,Cytoskeleton	2|2	bothMulti
Q8N1F8	Q8WUZ0	Cytoplasm	none	1|1	bothSingle
P35658	Q9H1M0	Nuclear pore complex,Nucleus	none	2|1	oneMulti
P51684	Q8NHW4	Cell membrane,Membrane	Secreted	2|1	oneMulti
Q16513	Q6NXS1	Cell junction,Cell projection,Cytoplasm,Cytoskeleton,Membrane,Nucleus	none	6|1	oneMulti
P50897	Q14194	Lysosome,Secreted	Cell projection,Cytoplasm,Cytoskeleton	2|3	bothMulti
P61081	P62877	none	Cytoplasm,Nucleus	1|2	oneMulti
Q6P1S2	Q96M20	Membrane,Secreted	Cytoplasm	2|1	oneMulti
O60519	Q99757	Nucleus	Mitochondrion	1|1	bothSingle
P10109	P10632	Mitochondrion	Endoplasmic reticulum,Membrane,Microsome	1|3	oneMulti
B4E2M5	P13224	none	Membrane	1|1	bothSingle
Q86YC2	Q9NUJ1	Nucleus	Mitochondrion	1|1	bothSingle
O43295	Q9P2N4	none	Endoplasmic reticulum,Extracellular matrix,Secreted	1|3	oneMulti
Q7Z449	Q9C086	Endoplasmic reticulum,Membrane,Microsome,Mitochondrion,Mitochondrion inner membrane	Nucleus	5|1	oneMulti
O15041	P51805	Secreted	Cell membrane,Membrane	1|2	oneMulti
A6NFE3	Q86UC2	none	Cell projection,Cilium,Cytoplasm,Cytoskeleton,Flagellum	1|5	oneMulti
Q15424	Q6EMK4	Nucleus	Membrane,Secreted	1|2	oneMulti
O00468	Q9NX38	Cell membrane,Extracellular matrix,Membrane,Secreted,Synapse	Cell projection,Nucleus	5|2	bothMulti
Q04656	Q15118	Cell membrane,Cell projection,Cytoplasm,Endoplasmic reticulum,Endosome,Golgi apparatus,Membrane,Synapse	Mitochondrion	8|1	oneMulti
P08246	Q8IW75	Cytoplasmic vesicle	Secreted	1|1	bothSingle
P08246	P08697	Cytoplasmic vesicle	Secreted	1|1	bothSingle
P29322	Q5HYI8	Cell membrane,Cell projection,Endosome,Membrane	none	4|1	oneMulti
O15264	P10636	none	Cell membrane,Cell projection,Cytoplasm,Cytoskeleton,Membrane,Microtubule,Secreted	1|7	oneMulti
P30154	Q9UL03	none	Nucleus	1|1	bothSingle
P55211	P55212	none	Cytoplasm,Nucleus	1|2	oneMulti
Q6PID6	Q9UIE0	none	Nucleus	1|1	bothSingle
Q96L46	Q9UMQ6	Cell membrane,Cytoplasm,Membrane	Cytoplasmic vesicle	3|1	oneMulti
Q8WXI2	Q9BYL1	Cytoplasm,Membrane	none	2|1	oneMulti
O00626	P51681	Secreted	Cell membrane,Membrane	1|2	oneMulti
P53675	Q02878	Coated pit,Cytoplasmic vesicle,Membrane	Cytoplasm,Endoplasmic reticulum	3|2	bothMulti
O00762	Q14781	none	Chromosome,Nucleus	1|2	oneMulti
Q15582	Q8TF66	Amyloid,Extracellular matrix,Secreted	Cell membrane,Membrane	3|2	bothMulti
O94985	Q6P597	Cell membrane,Cell projection,Endoplasmic reticulum,Golgi apparatus,Membrane,Nucleus,Postsynaptic cell membrane,Synapse	Cytoplasm,Cytoskeleton,Microtubule,Mitochondrion	8|4	bothMulti
Q9UJY1	Q9Y2H0	Cytoplasm,Nucleus	Membrane	2|1	oneMulti
P12829	Q8WXR4	none	Cell projection,Cytoplasm,Cytoskeleton	1|3	oneMulti
P58005	Q96S15	Cytoplasm	Lysosome,Membrane	1|2	oneMulti
Q8N720	Q9UI08	Nucleus	Cell projection,Cytoplasm,Cytoskeleton	1|3	oneMulti
P43357	Q8WV22	none	Chromosome,Nucleus,Telomere	1|3	oneMulti
Q6ZS72	Q9H792	none	Cell junction,Cytoplasm,Cytoskeleton	1|3	oneMulti
Q5XUX1	Q7L5N1	none	Cytoplasm,Nucleus,Signalosome	1|3	oneMulti
A0A1W2PPW3	Q92750	none	Cytoplasm,Nucleus	1|2	oneMulti
P48539	Q8TD86	none	Cytoplasm,Nucleus	1|2	oneMulti
O95363	Q9ULM2	Mitochondrion	Nucleus	1|1	bothSingle
P61266	Q15833	Cytoplasm,Cytoskeleton,Membrane,Nucleus	none	4|1	oneMulti
Q8IU68	Q96Q77	Endoplasmic reticulum,Membrane	none	2|1	oneMulti
Q15506	Q96C74	Membrane	Cell projection,Cilium,Flagellum	1|3	oneMulti
P04626	Q9UKW4	Cell membrane,Cell projection,Cytoplasm,Endosome,Membrane,Nucleus	none	6|1	oneMulti
Q8IYA6	Q9UBU7	Cytoplasm,Cytoskeleton	Nucleus	2|1	oneMulti
Q13214	Q9UIW2	Endoplasmic reticulum,Secreted	Cell membrane,Membrane	2|2	bothMulti
P19022	Q8IYP2	Cell junction,Cell membrane,Membrane	Secreted	3|1	oneMulti
Q8N392	Q96PX9	Cytoplasm	none	1|1	bothSingle
O95711	Q99467	Secreted	Cell membrane,Membrane	1|2	oneMulti
Q86VX9	Q99570	none	Cytoplasmic vesicle,Endosome,Membrane	1|3	oneMulti
Q14008	Q66K64	Centromere,Chromosome,Cytoplasm,Cytoskeleton,Kinetochore	none	5|1	oneMulti
P63027	Q15833	Cell membrane,Cytoplasmic vesicle,Membrane,Synapse	none	4|1	oneMulti
P62745	Q96PY5	Cell membrane,Endosome,Membrane,Nucleus	Cytoplasm	4|1	oneMulti
Q9HBE1	Q9NXC5	Nucleus	Lysosome,Membrane	1|2	oneMulti
Q96SU4	Q9BXB5	Endosome,Golgi apparatus,Membrane	Cytoplasm,Cytoskeleton	3|2	bothMulti
O43676	P40429	Membrane,Mitochondrion,Mitochondrion inner membrane	Cytoplasm	3|1	oneMulti
O94813	Q9ULK0	Secreted	Cell membrane,Membrane,Postsynaptic cell membrane,Synapse	1|4	oneMulti
Q5VU92	Q9C0K7	none	Cytoplasm,Nucleus	1|2	oneMulti
P80188	Q96LC9	Cytoplasmic vesicle,Secreted	none	2|1	oneMulti
Q9UJW9	Q9Y5R4	Nucleus	Mitochondrion	1|1	bothSingle
Q8IY81	Q9Y3U8	Nucleus	Cytoplasm	1|1	bothSingle
A0PJX2	P36543	none	Cell membrane,Cytoplasmic vesicle,Membrane,Synapse	1|4	oneMulti
O75044	P0DMP2	Cell membrane,Cell projection,Cytoplasm,Cytoplasmic vesicle,Membrane,Nucleus,Postsynaptic cell membrane,Synapse	none	8|1	oneMulti
P63010	Q15120	Cell membrane,Coated pit,Membrane	Mitochondrion	3|1	oneMulti
P25090	P49913	Cell membrane,Membrane	Secreted	2|1	oneMulti
Q8TBE0	Q96KG7	Chromosome,Nucleus	Cell membrane,Cell projection,Membrane	2|3	bothMulti
P17813	Q5TBB1	Cell membrane,Membrane	Nucleus	2|1	oneMulti
Q8TAP4	Q9BQ24	none	Cell junction,Cytoplasmic vesicle,Endosome	1|3	oneMulti
Q5TEC6	Q8N806	Chromosome,Nucleosome core,Nucleus	none	3|1	oneMulti
O76015	Q8N3L3	Intermediate filament,Keratin	none	2|1	oneMulti
O95166	P05387	Cytoplasm,Cytoplasmic vesicle,Cytoskeleton,Golgi apparatus,Membrane,Microtubule	none	6|1	oneMulti
O94761	Q15388	Cytoplasm,Nucleus	Membrane,Mitochondrion,Mitochondrion outer membrane	2|3	bothMulti
O75581	Q9Y4X0	Cell membrane,Endoplasmic reticulum,Membrane	Nucleus	3|1	oneMulti
Q15118	Q9NQS3	Mitochondrion	Cell membrane,Membrane,Postsynaptic cell membrane,Synapse	1|4	oneMulti
P51809	Q96ER3	Cytoplasmic vesicle,Endoplasmic reticulum,Endosome,Golgi apparatus,Lysosome,Membrane,Synapse,Synaptosome	Nucleus	8|1	oneMulti
Q5T4I8	Q86UA1	none	Nucleus	1|1	bothSingle
Q6PIJ6	Q96GF1	Cytoplasm,Nucleus	Endoplasmic reticulum,Membrane,Mitochondrion,Mitochondrion outer membrane	2|4	bothMulti
O75530	Q14596	Chromosome,Nucleus	Cytoplasm,Cytoplasmic vesicle,Lysosome	2|3	bothMulti
O15287	Q13304	Cytoplasm,Nucleus	Cell membrane,Membrane	2|2	bothMulti
P60842	Q53EL6	none	Cytoplasm,Nucleus	1|2	oneMulti
P62910	Q9H9Y2	Cytoplasm	Nucleus	1|1	bothSingle
Q562F6	Q969F0	Centromere,Chromosome,Kinetochore,Nucleus	Endoplasmic reticulum,Membrane,Mitochondrion,Mitochondrion outer membrane	4|4	bothMulti
O75529	P0C7V6	Nucleus	none	1|1	bothSingle
P41223	Q9Y536	Nucleus,Spliceosome	Cytoplasm	2|1	oneMulti
O60812	O75864	Nucleus	none	1|1	bothSingle
P60604	Q9H0F5	Endoplasmic reticulum,Lipid droplet	Nucleus	2|1	oneMulti
O15212	Q8NCW5	none	Mitochondrion,Secreted	1|2	oneMulti
P61088	Q8WWF5	Cytoplasm,Nucleus	Endoplasmic reticulum,Membrane	2|2	bothMulti
Q9BXY4	Q9UGK8	Secreted	Cytoplasm,Nucleus	1|2	oneMulti
P10586	Q9UBM4	Membrane	Extracellular matrix,Secreted	1|2	oneMulti
P63098	Q9Y5W3	Cell membrane,Cytoplasm,Membrane	Nucleus	3|1	oneMulti
P42772	P54826	Cytoplasm	Cell membrane,Membrane	1|2	oneMulti
Q13310	Q9ULR5	Cytoplasm	none	1|1	bothSingle
P62324	Q9UIV1	none	Cytoplasm,Nucleus	1|2	oneMulti
O14782	Q92845	Cytoplasm,Cytoskeleton,Microtubule	none	3|1	oneMulti
Q86V87	Q96ED9	none	Cytoplasm,Cytoskeleton,Golgi apparatus,Microtubule	1|4	oneMulti
Q9BS92	Q9UFN0	none	Cytoplasm	1|1	bothSingle
O15455	Q8IUC6	Endoplasmic reticulum,Endosome,Membrane	Cytoplasm,Cytoplasmic vesicle,Mitochondrion	3|3	bothMulti
O15499	Q9H5X1	Nucleus	Cytoplasm	1|1	bothSingle
P63000	Q9H7P9	Cell membrane,Cell projection,Cytoplasm,Membrane,Nucleus,Synapse	none	6|1	oneMulti
P02751	P08648	Extracellular matrix,Secreted	Cell junction,Cell membrane,Membrane	2|3	bothMulti
O60524	Q9UKR0	Cytoplasm,Nucleus	Secreted	2|1	oneMulti
Q96FW1	Q9Y385	Cytoplasm	Endoplasmic reticulum,Membrane	1|2	oneMulti
O94768	Q01449	Cell membrane,Membrane,Nucleus	none	3|1	oneMulti
Q14832	Q8WXD9	Cell membrane,Membrane	Cytoplasm	2|1	oneMulti
O14595	O15049	Nucleus	Cell projection,Cytoplasmic vesicle	1|2	oneMulti
P60323	Q9UII2	Cytoplasm,Nucleus	Mitochondrion	2|1	oneMulti
C9J202	Q92535	none	Endoplasmic reticulum,Membrane	1|2	oneMulti
Q0D2J5	Q8WXR4	Nucleus	Cell projection,Cytoplasm,Cytoskeleton	1|3	oneMulti
Q8IUR7	Q8IVV7	Cytoplasm,Nucleus	none	2|1	oneMulti
P30837	P47895	Mitochondrion	Cytoplasm	1|1	bothSingle
Q5VV67	Q96KB5	Nucleus	none	1|1	bothSingle
A6NLC8	Q16514	none	Nucleus	1|1	bothSingle
Q12816	Q8N140	none	Chromosome,Cytoplasm,Nucleus,Telomere	1|4	oneMulti
P49771	Q9BRX2	Cell membrane,Membrane,Secreted	Cytoplasm	3|1	oneMulti
P62487	Q96Q77	DNA-directed RNA polymerase,Nucleus	none	2|1	oneMulti
Q15208	Q9H8S9	Cytoplasm,Nucleus	none	2|1	oneMulti
Q9NVU0	Q9UHW5	DNA-directed RNA polymerase,Nucleus	none	2|1	oneMulti
P78415	Q96LD8	Nucleus	none	1|1	bothSingle
P62837	Q9Y3C5	none	Cytoplasm,Endosome,Nucleus	1|3	oneMulti
O95644	Q03431	Cytoplasm,Nucleus	Cell membrane,Membrane	2|2	bothMulti
P22362	P51679	Secreted	Cell membrane,Membrane	1|2	oneMulti
O95490	Q13045	Membrane	Cell junction,Cytoplasm,Cytoskeleton,Nucleus	1|4	oneMulti
Q86V87	Q9NUY8	none	Cytoplasmic vesicle,Golgi apparatus	1|2	oneMulti
O60245	O75093	Cell membrane,Membrane	Secreted	2|1	oneMulti
P28715	Q07889	Chromosome,Nucleus	none	2|1	oneMulti
P42574	Q92851	Cytoplasm	none	1|1	bothSingle
P55211	Q14790	none	Cell projection,Cytoplasm,Nucleus	1|3	oneMulti
P41236	P62140	none	Cytoplasm,Nucleus	1|2	oneMulti
P55010	Q14C86	Cytoplasm	Endosome,Membrane	1|2	oneMulti
P38646	Q8NEB9	Cytoplasm,Mitochondrion,Nucleus	Cytoplasmic vesicle,Endosome	3|2	bothMulti
Q86V35	Q9UM19	Cell membrane,Cytoplasm,Golgi apparatus,Membrane	none	4|1	oneMulti
P47755	Q5VZK9	none	Cell membrane,Cell projection,Cytoplasm,Cytoskeleton,Membrane	1|5	oneMulti
Q04637	Q8N5X7	Cytoplasm,Nucleus	none	2|1	oneMulti
Q96KJ9	Q9C002	Membrane,Mitochondrion,Mitochondrion inner membrane	Nucleus	3|1	oneMulti
P02008	Q9NZD4	none	Cytoplasm	1|1	bothSingle
I3L273	P82675	Golgi apparatus,Membrane	Mitochondrion	2|1	oneMulti
Q4G0G5	Q9UHD9	Secreted	Cytoplasm,Cytoplasmic vesicle,Membrane,Nucleus	1|4	oneMulti
O60602	Q13077	Cell membrane,Membrane	none	2|1	oneMulti
P01112	Q8IZJ4	Cell membrane,Cytoplasm,Golgi apparatus,Membrane,Nucleus	Cytoplasmic vesicle	5|1	oneMulti
O15480	Q9NXX6	none	Chromosome,Nucleus,Telomere	1|3	oneMulti
P23396	Q9NQ39	Cytoplasm,Cytoskeleton,Membrane,Mitochondrion,Mitochondrion inner membrane,Nucleus	none	6|1	oneMulti
Q96EP0	Q9BYM8	Cytoplasm	none	1|1	bothSingle
O75695	P46379	Cell membrane,Cell projection,Cilium,Membrane	Cytoplasm,Nucleus,Secreted	4|3	bothMulti
O75159	Q504Y2	none	Golgi apparatus,Secreted	1|2	oneMulti
O60885	Q5T8P6	Chromosome,Nucleus	none	2|1	oneMulti
Q8N5I3	Q9Y3T9	Endoplasmic reticulum	Nucleus	1|1	bothSingle
O00212	Q96PY5	Cell membrane,Endosome,Membrane	Cytoplasm	3|1	oneMulti
Q15833	Q15836	none	Endosome,Membrane,Synapse,Synaptosome	1|4	oneMulti
P08134	Q15843	Cell membrane,Membrane	Nucleus	2|1	oneMulti
P26678	Q96A32	Endoplasmic reticulum,Membrane,Mitochondrion,Sarcoplasmic reticulum	none	4|1	oneMulti
Q969J2	Q96JS3	Nucleus	none	1|1	bothSingle
Q13588	Q13905	Membrane,Synapse	Endosome	2|1	oneMulti
O94973	P17987	Cell membrane,Coated pit,Membrane	Cytoplasm,Cytoskeleton	3|2	bothMulti
P41221	Q8J025	Extracellular matrix,Secreted	Cell membrane,Membrane	2|2	bothMulti
P63104	Q00537	Cytoplasm	none	1|1	bothSingle
P41236	P49841	none	Cell membrane,Cytoplasm,Membrane,Nucleus	1|4	oneMulti
Q92902	Q969F9	none	Cytoplasm	1|1	bothSingle
P19105	Q9Y623	none	Cytoplasm,Thick filament	1|2	oneMulti
Q6PGP7	Q6PID6	Cytoplasm,Nucleus	none	2|1	oneMulti
O95997	Q99640	Cytoplasm,Nucleus	Endoplasmic reticulum,Golgi apparatus,Membrane	2|3	bothMulti
Q9BSD3	Q9NRR1	Chromosome,Nucleus	Secreted	2|1	oneMulti
P49771	Q13901	Cell membrane,Membrane,Secreted	Cytoplasm,Nucleus	3|2	bothMulti
P57796	Q13555	Cell projection,Cytoplasm,Synapse	Membrane,Sarcoplasmic reticulum	3|2	bothMulti
P07237	Q99880	Cell membrane,Endoplasmic reticulum,Membrane	Chromosome,Nucleosome core,Nucleus	3|3	bothMulti
A0A2R8Y422	Q9Y263	none	Cytoplasm,Nucleus,Synapse	1|3	oneMulti
Q66K64	Q9Y5K6	none	Cell junction,Cell projection,Cytoplasm,Cytoskeleton	1|4	oneMulti
Q13163	Q9Y2U5	none	Cytoplasm,Nucleus	1|2	oneMulti
Q7Z6J2	Q9H040	Cell membrane,Cytoplasm,Membrane,Postsynaptic cell membrane,Synapse	Chromosome,Nucleus	5|2	bothMulti
P08514	Q9H0F6	Membrane	Cytoplasm,Synapse	1|2	oneMulti
P01009	P08246	Endoplasmic reticulum,Extracellular matrix,Secreted	Cytoplasmic vesicle	3|1	oneMulti
Q5SY68	Q86SG5	none	Cytoplasm	1|1	bothSingle
Q8WW18	Q9UI47	none	Cell junction,Cytoplasm,Cytoskeleton	1|3	oneMulti
O14593	Q4G0W2	Cytoplasm,Nucleus	none	2|1	oneMulti
O14561	Q8WXX5	Mitochondrion	Cell membrane,Cytoplasm,Membrane,Nucleus	1|4	oneMulti
Q14258	Q9Y6Y9	Cytoplasm,Nucleus	Secreted	2|1	oneMulti
P62837	Q9ULK6	none	Membrane	1|1	bothSingle
P00533	Q9P0J1	Cell membrane,Endoplasmic reticulum,Endosome,Golgi apparatus,Membrane,Nucleus,Secreted	Mitochondrion	7|1	oneMulti
P46734	Q9UL54	none	Cell projection,Cytoplasm,Cytoplasmic vesicle,Cytoskeleton,Membrane,Nucleus	1|6	oneMulti
Q8IXI1	Q9H0E9	Membrane,Mitochondrion,Mitochondrion outer membrane	Nucleus	3|1	oneMulti
P14138	P25101	Secreted	Cell membrane,Membrane	1|2	oneMulti
P05015	P17181	Secreted	Cell membrane,Endosome,Lysosome,Membrane	1|4	oneMulti
Q5BKX5	Q969L4	Cytoplasm	Nucleus	1|1	bothSingle
P00492	Q8N9Q2	Cytoplasm	none	1|1	bothSingle
Q15303	Q9UKW4	Cell membrane,Membrane,Mitochondrion,Nucleus	none	4|1	oneMulti
L0R819	O15212	Cytoplasm	none	1|1	bothSingle
O15294	Q7L4I2	Cell membrane,Cell projection,Cytoplasm,Membrane,Mitochondrion,Nucleus	none	6|1	oneMulti
P55769	P61353	Nucleus,Spliceosome	Cytoplasm,Endoplasmic reticulum	2|2	bothMulti
Q8N5M4	Q96H55	none	Cytoplasm,Cytoskeleton,Membrane,Mitochondrion,Mitochondrion outer membrane	1|5	oneMulti
O60927	P62140	none	Cytoplasm,Nucleus	1|2	oneMulti
O75879	P62308	Mitochondrion	Cytoplasm,Nucleus,Spliceosome	1|3	oneMulti
P48147	Q9H0L4	Cytoplasm	Nucleus	1|1	bothSingle
Q03989	Q9BRT3	Nucleus	Cell membrane,Cytoplasm,Membrane	1|3	oneMulti
O15033	P51668	none	Cytoplasm	1|1	bothSingle
O43294	Q14161	Cell junction,Cytoplasm,Cytoskeleton,Nucleus	none	4|1	oneMulti
Q00059	Q96KS0	Mitochondrion,Mitochondrion nucleoid	Nucleus	2|1	oneMulti
Q9BQ90	Q9NQ79	Cytoplasm	Extracellular matrix,Secreted	1|2	oneMulti
O75197	Q9NP95	Endoplasmic reticulum,Membrane	Secreted	2|1	oneMulti
P25445	Q13158	Cell membrane,Membrane,Secreted	none	3|1	oneMulti
Q7Z3E1	Q9UNM6	Nucleus	Proteasome	1|1	bothSingle
Q12866	Q14393	Cell membrane,Membrane	Secreted	2|1	oneMulti
P62424	Q9NZM5	Cytoplasm	Nucleus	1|1	bothSingle
Q8TDN6	Q9Y3U8	Nucleus	Cytoplasm	1|1	bothSingle
O60925	Q9NQP4	none	Cytoplasm,Mitochondrion,Nucleus	1|3	oneMulti
P62750	Q6ZNB6	Cytoplasm,Nucleus	Membrane	2|1	oneMulti
O14773	P27824	Lysosome	Endoplasmic reticulum,Membrane,Mitochondrion	1|3	oneMulti
P04198	Q96NU7	Nucleus	none	1|1	bothSingle
P46821	Q8IZU9	Cell projection,Cytoplasm,Cytoskeleton,Microtubule,Synapse	Cell membrane,Membrane,Secreted	5|3	bothMulti
P0DMT0	P15173	Membrane,Sarcoplasmic reticulum	Nucleus	2|1	oneMulti
P28715	Q495T6	Chromosome,Nucleus	Membrane,Secreted	2|2	bothMulti
P36888	Q9UIG0	Endoplasmic reticulum,Membrane	Nucleus	2|1	oneMulti
Q8N5F7	Q9Y247	Nucleus	none	1|1	bothSingle
P12018	Q96RD9	Endoplasmic reticulum	Cell membrane,Membrane	1|2	oneMulti
P54368	Q96DC7	none	Membrane	1|1	bothSingle
Q969M7	Q9UBF6	none	Cytoplasm,Nucleus	1|2	oneMulti
Q16799	Q6P597	Endoplasmic reticulum,Golgi apparatus,Membrane	Cytoplasm,Cytoskeleton,Microtubule,Mitochondrion	3|4	bothMulti
Q96JH7	Q96KP1	Cytoplasm,Endoplasmic reticulum,Golgi apparatus,Nucleus	none	4|1	oneMulti
Q96IX5	Q9C002	Membrane,Mitochondrion	Nucleus	2|1	oneMulti
A5YKK6	Q9HCJ0	Cytoplasm,Nucleus	none	2|1	oneMulti
O00273	Q9UHD4	Cytoplasm	Cytoplasmic vesicle,Endoplasmic reticulum,Golgi apparatus,Lipid droplet,Membrane	1|5	oneMulti
P47756	Q9H2W6	Cytoplasm,Cytoskeleton	Mitochondrion	2|1	oneMulti
Q9UIG0	Q9ULJ7	Nucleus	Endosome	1|1	bothSingle
Q7Z6G3	Q96P71	Cell membrane,Cell projection,Cytoplasm,Membrane	Golgi apparatus	4|1	oneMulti
Q5HYK3	Q6ZVX7	Membrane,Mitochondrion,Mitochondrion inner membrane	Cytoplasm	3|1	oneMulti
O95817	P17066	Cytoplasm,Nucleus	none	2|1	oneMulti
Q5VXD3	Q8TED1	none	Membrane	1|1	bothSingle
Q9H000	Q9UHC7	Cytoplasm,Nucleus	none	2|1	oneMulti
P30153	Q9Y2T4	Cell membrane,Cell projection,Centromere,Chromosome,Cytoplasm,Membrane,Nucleus	none	7|1	oneMulti
O15479	Q8WV22	none	Chromosome,Nucleus,Telomere	1|3	oneMulti
P62424	Q9Y3C1	Cytoplasm	Nucleus	1|1	bothSingle
O43318	Q99759	Cell membrane,Cytoplasm,Membrane	none	3|1	oneMulti
P68133	Q01518	Cytoplasm,Cytoskeleton	Cell membrane,Membrane	2|2	bothMulti
Q6P2P2	Q8WYQ9	Cytoplasm	none	1|1	bothSingle
A2A368	Q8N140	none	Chromosome,Cytoplasm,Nucleus,Telomere	1|4	oneMulti
Q8N7H5	Q9HCI7	Nucleus	none	1|1	bothSingle
P40123	Q9BYD9	Cell membrane,Membrane	Cytoplasm,Cytoskeleton,Nucleus	2|3	bothMulti
Q92901	Q9UHA3	none	Nucleus	1|1	bothSingle
O60573	O75420	Cytoplasm	none	1|1	bothSingle
Q7Z2W9	Q8NFA0	Mitochondrion	Golgi apparatus,Membrane	1|2	oneMulti
O14503	Q01974	Cytoplasm,Nucleus	Cell membrane,Membrane	2|2	bothMulti
O75157	Q9Y3Q8	none	Cell projection,Cytoplasm,Nucleus,Synapse	1|4	oneMulti
P02753	Q9BX79	Secreted	Cell membrane,Membrane	1|2	oneMulti
O14757	Q04917	Chromosome,Cytoplasm,Cytoskeleton,Nucleus	none	4|1	oneMulti
O43414	Q9Y4G8	none	Cell junction,Cell membrane,Cytoplasm,Endosome,Membrane	1|5	oneMulti
O95816	Q969U6	none	Cytoplasm	1|1	bothSingle
O75093	P14652	Secreted	Nucleus	1|1	bothSingle
A4D1E9	Q9BT17	Chromosome,Nucleus	Membrane,Mitochondrion,Mitochondrion inner membrane	2|3	bothMulti
Q96A72	Q9NWV4	Nucleus,Spliceosome	none	2|1	oneMulti
Q13043	Q6ZTQ3	Cytoplasm,Nucleus	none	2|1	oneMulti
O60264	P02794	Chromosome,Nucleus	Cytoplasm	2|1	oneMulti
Q86VI1	Q96A65	Cytoplasmic vesicle	Cell projection,Cytoplasm,Cytoskeleton	1|3	oneMulti
P53582	Q9HAU8	Cytoplasm	none	1|1	bothSingle
Q9BTT6	Q9NZ63	Cytoplasm,Membrane	Centromere,Chromosome,Nucleus,Spliceosome	2|4	bothMulti
Q3ZCW2	Q99590	none	Nucleus	1|1	bothSingle
P01562	Q08334	Secreted	Membrane	1|1	bothSingle
A0A0G2JPF8	A9QM74	none	Nucleus	1|1	bothSingle
P60510	Q8TF05	Cytoplasm,Cytoskeleton,Nucleus	none	3|1	oneMulti
O60496	Q7L591	none	Cell membrane,Cytoplasm,Membrane	1|3	oneMulti
O95931	Q9UJX2	Nucleus	none	1|1	bothSingle
Q8TAV0	Q9UPN6	none	Nucleus	1|1	bothSingle
Q16827	Q9BS26	Membrane	Endoplasmic reticulum	1|1	bothSingle
P61077	P78317	Cell membrane,Endosome,Membrane	Cytoplasm,Nucleus	3|2	bothMulti
P42575	P55212	none	Cytoplasm,Nucleus	1|2	oneMulti
Q02928	Q9UPN9	Endoplasmic reticulum,Membrane,Microsome	Nucleus	3|1	oneMulti
O15143	O60234	Cytoplasm,Cytoskeleton,Nucleus	none	3|1	oneMulti
Q6ZMV5	Q9NY27	none	Cytoplasm,Cytoskeleton,Nucleus	1|3	oneMulti
P16298	Q8IWU2	Cytoplasm	Membrane	1|1	bothSingle
Q99797	Q9UQ26	Mitochondrion	Cell membrane,Cell projection,Membrane,Synapse	1|4	oneMulti
O14561	Q6P3W2	Mitochondrion	Cytoplasm,Cytoskeleton	1|2	oneMulti
O95747	Q96J92	Cytoplasm	Cell junction,Tight junction	1|2	oneMulti
Q96EH3	Q9H3Z4	Mitochondrion	Cell membrane,Cytoplasm,Cytoplasmic vesicle,Membrane	1|4	oneMulti
P06746	P53597	Cytoplasm,Nucleus	Mitochondrion	2|1	oneMulti
O14950	O94768	none	Cell membrane,Membrane,Nucleus	1|3	oneMulti
P51965	Q16763	Nucleus	none	1|1	bothSingle
Q8N488	Q96IX5	Cytoplasm,Nucleus	Membrane,Mitochondrion	2|2	bothMulti
P20774	Q9NY97	Extracellular matrix,Secreted	Golgi apparatus,Membrane	2|2	bothMulti
Q6JVE5	Q9UI38	Secreted	Endoplasmic reticulum	1|1	bothSingle
Q15648	Q6N069	Nucleus	none	1|1	bothSingle
P43358	Q8WV22	none	Chromosome,Nucleus,Telomere	1|3	oneMulti
Q6NTE8	Q8NBR0	Nucleus	Cell membrane,Cytoplasm,Membrane	1|3	oneMulti
O43639	Q9NZQ3	Cytoplasm,Endoplasmic reticulum	Nucleus	2|1	oneMulti
P23763	Q9NZQ0	Cytoplasmic vesicle,Membrane,Mitochondrion,Mitochondrion outer membrane,Synapse,Synaptosome	Nucleus	6|1	oneMulti
Q05329	Q99259	Cell membrane,Cell projection,Cytoplasm,Cytoplasmic vesicle,Golgi apparatus,Membrane,Synapse	none	7|1	oneMulti
P21781	P25025	Secreted	Cell membrane,Membrane	1|2	oneMulti
P36578	P56182	Cytoplasm	Nucleus	1|1	bothSingle
O14990	P62140	none	Cytoplasm,Nucleus	1|2	oneMulti
Q8TBB1	Q9HBX8	Cytoplasm	Cell membrane,Membrane	1|2	oneMulti
O14561	P38571	Mitochondrion	Lysosome	1|1	bothSingle
Q92796	Q9UBN1	none	Cell membrane,Membrane	1|2	oneMulti
Q96GE6	Q9H1R3	Cell projection	Cytoplasm	1|1	bothSingle
P60520	Q8WUA7	Cytoplasmic vesicle,Endoplasmic reticulum,Golgi apparatus,Membrane	none	4|1	oneMulti
P08727	Q8IUD2	Intermediate filament,Keratin	Cell membrane,Cell projection,Cytoplasm,Cytoskeleton,Golgi apparatus,Membrane,Synapse	2|7	bothMulti
A0A1W2PRN6	P21675	none	Nucleus	1|1	bothSingle
P09238	P18847	Extracellular matrix,Secreted	Nucleus	2|1	oneMulti
P07355	Q9NUX5	Basement membrane,Extracellular matrix,Secreted	Chromosome,Nucleus,Telomere	3|3	bothMulti
O43676	Q8N5I9	Membrane,Mitochondrion,Mitochondrion inner membrane	Nucleus	3|1	oneMulti
P13501	P40238	Secreted	Cell membrane,Golgi apparatus,Membrane	1|3	oneMulti
P30405	P63165	Mitochondrion	Cell membrane,Cytoplasm,Membrane,Nucleus	1|4	oneMulti
P50876	P68036	Cell membrane,Cytoplasmic vesicle,Endoplasmic reticulum,Endosome,Membrane	Cytoplasm,Nucleus	5|2	bothMulti
Q92845	Q9Y496	none	Cell projection,Cilium,Cytoplasm,Cytoskeleton,Microtubule	1|5	oneMulti
Q8TF01	Q96LY2	Nucleus	none	1|1	bothSingle
Q96QA6	Q9UKC9	Nucleus	Membrane	1|1	bothSingle
P57721	Q10713	Cytoplasm	Membrane,Mitochondrion,Mitochondrion inner membrane	1|3	oneMulti
Q2T9L4	Q9H9E3	Synapse	Cytoplasm,Golgi apparatus,Membrane	1|3	oneMulti
A1IGU5	Q9NQY0	none	Cytoplasm,Cytoskeleton	1|2	oneMulti
Q8TF40	Q9UGJ0	Cytoplasm,Lysosome,Membrane	none	3|1	oneMulti
A0A1W2PPH5	Q6SJ96	none	Cytoplasm,Nucleus	1|2	oneMulti
Q00526	Q16667	none	Cytoplasm	1|1	bothSingle
O43639	Q07890	Cytoplasm,Endoplasmic reticulum	none	2|1	oneMulti
P43353	P48448	Cell membrane,Membrane	Lipid droplet	2|1	oneMulti
P01563	P17181	Secreted	Cell membrane,Endosome,Lysosome,Membrane	1|4	oneMulti
P53007	Q9NX40	Membrane,Mitochondrion,Mitochondrion inner membrane	Endosome	3|1	oneMulti
Q14781	Q8IYB7	Chromosome,Nucleus	Cytoplasm	2|1	oneMulti
A8MTJ3	O15492	Cytoplasm	Membrane	1|1	bothSingle
P01034	P17568	Amyloid,Secreted	Membrane,Mitochondrion,Mitochondrion inner membrane	2|3	bothMulti
P52429	Q9UPN9	Cytoplasm,Membrane	Nucleus	2|1	oneMulti
Q17RN3	Q92499	none	Cytoplasm,Mitochondrion,Nucleus	1|3	oneMulti
Q504Y2	Q8WXH5	Golgi apparatus,Secreted	none	2|1	oneMulti
P26374	Q96AH8	Cytoplasm	Cytoplasmic vesicle,Endosome,Golgi apparatus,Lysosome,Membrane	1|5	oneMulti
Q86Y78	Q9UHA2	Cell membrane,Cell projection,Cytoplasm,Membrane,Secreted,Synapse,Synaptosome	none	7|1	oneMulti
P51693	Q92870	Cell membrane,Cytoplasm,Membrane	Endoplasmic reticulum,Endosome,Golgi apparatus	3|3	bothMulti
Q5T6C5	Q8NEM7	none	Nucleus	1|1	bothSingle
O60704	P23434	Golgi apparatus,Membrane	Mitochondrion	2|1	oneMulti
O00206	P02765	Cell membrane,Cell projection,Endosome,Membrane	Secreted	4|1	oneMulti
Q7Z419	Q9NPD8	Cytoplasm,Membrane,Mitochondrion	Nucleus	3|1	oneMulti
P17181	Q9P0W0	Cell membrane,Endosome,Lysosome,Membrane	Secreted	4|1	oneMulti
O43524	Q149N8	Cytoplasm,Membrane,Mitochondrion,Mitochondrion outer membrane,Nucleus	none	5|1	oneMulti
Q8NHZ8	Q9UJX6	Nucleus	none	1|1	bothSingle
Q96B02	Q96EQ8	Nucleus	Golgi apparatus,Membrane	1|2	oneMulti
Q6TFL4	Q96M94	Cell junction,Cell projection,Cytoplasm	Nucleus	3|1	oneMulti
P62837	Q96EP1	none	Nucleus	1|1	bothSingle
O75376	Q13042	Nucleus	Cytoplasm,Cytoskeleton	1|2	oneMulti
Q9BY89	Q9NVS2	none	Mitochondrion	1|1	bothSingle
O15116	Q9Y4Z0	Cytoplasm	Nucleus,Spliceosome	1|2	oneMulti
P23470	Q9HBL0	Membrane	Cell junction,Cytoplasm,Cytoskeleton	1|3	oneMulti
Q96P09	Q9Y2X8	Cytoplasm	none	1|1	bothSingle
Q9UJX6	Q9UKT4	none	Cytoplasm,Cytoskeleton,Nucleus	1|3	oneMulti
P61086	Q96EQ8	Cytoplasm	Golgi apparatus,Membrane	1|2	oneMulti
Q01974	Q9H1J7	Cell membrane,Membrane	Extracellular matrix,Secreted	2|2	bothMulti
Q969T4	Q96GF1	Cytoplasm,Nucleus	Endoplasmic reticulum,Membrane,Mitochondrion,Mitochondrion outer membrane	2|4	bothMulti
P22090	P62280	none	Cytoplasm,Nucleus	1|2	oneMulti
P21333	P41180	Cell projection,Cytoplasm,Cytoskeleton	Cell membrane,Membrane	3|2	bothMulti
O95147	Q9UMW8	none	Cytoplasm,Nucleus	1|2	oneMulti
P21333	Q8IXJ9	Cell projection,Cytoplasm,Cytoskeleton	Nucleus	3|1	oneMulti
P36578	Q6PK04	Cytoplasm	Chromosome	1|1	bothSingle
Q6UXX9	Q9BXB1	Secreted	Cell membrane,Membrane	1|2	oneMulti
P19429	Q9NYL9	none	Cytoplasm,Cytoskeleton	1|2	oneMulti
P78411	Q9NP86	Nucleus	Cytoplasm	1|1	bothSingle
O15212	P61758	none	Cytoplasm,Nucleus	1|2	oneMulti
Q99457	Q9UJ04	Nucleus	none	1|1	bothSingle
Q53FP2	Q9NWZ3	Cytoplasmic vesicle,Endoplasmic reticulum,Membrane,Peroxisome	Cytoplasm	4|1	oneMulti
O60573	Q6Y7W6	Cytoplasm	none	1|1	bothSingle
P32004	Q5FYB1	Cell membrane,Cell projection,Membrane	Endoplasmic reticulum,Secreted	3|2	bothMulti
P62873	P63211	none	Cell membrane,Membrane	1|2	oneMulti
O00330	Q4J6C6	Mitochondrion	Cytoplasm,Cytoskeleton,Golgi apparatus,Nucleus	1|4	oneMulti
O96004	Q9NW61	Nucleus	none	1|1	bothSingle
P23229	P78317	Cell membrane,Membrane	Cytoplasm,Nucleus	2|2	bothMulti
O75822	Q2VIR3	Cytoplasm	none	1|1	bothSingle
A0A096LP55	P49458	Membrane,Mitochondrion,Mitochondrion inner membrane	Cytoplasm,Signal recognition particle	3|2	bothMulti
P48553	Q8WVR3	Golgi apparatus	Cytoplasm,Cytoskeleton	1|2	oneMulti
Q3KNV8	Q9HCM7	Nucleus	none	1|1	bothSingle
O43734	Q96F46	none	Cell membrane,Membrane,Secreted	1|3	oneMulti
P41227	Q6N069	Cytoplasm,Nucleus	none	2|1	oneMulti
Q8WUW1	Q9Y2A7	Cytoplasm,Cytoskeleton	Cell membrane,Cell projection,Membrane	2|3	bothMulti
O15013	Q2M1Z3	none	Cell junction,Cell projection	1|2	oneMulti
P51681	Q8NHW4	Cell membrane,Membrane	Secreted	2|1	oneMulti
Q6ICB4	Q9NW61	Cytoplasmic vesicle,Endosome,Golgi apparatus	none	3|1	oneMulti
Q6PUV4	Q96FE5	Cell projection,Cytoplasm,Nucleus,Synapse	Cell membrane,Membrane	4|2	bothMulti
P51805	Q99985	Cell membrane,Membrane	Secreted	2|1	oneMulti
P13489	Q9H1E1	Cytoplasm	Secreted	1|1	bothSingle
A0A494C1R9	Q86VY4	Cytoplasm,Nucleus	none	2|1	oneMulti
P0C7W6	Q5T0U0	Cell projection,Cytoplasm	none	2|1	oneMulti
P52735	Q8WV28	none	Cell membrane,Cytoplasm,Membrane	1|3	oneMulti
Q00059	Q9P031	Mitochondrion,Mitochondrion nucleoid	Nucleus	2|1	oneMulti
A0A2R8Y422	Q8NC51	none	Cytoplasm,Nucleus	1|2	oneMulti
P62837	Q9H992	none	Cytoplasm	1|1	bothSingle
P42677	Q2VIR3	Cytoplasm,Nucleus	none	2|1	oneMulti
O00590	P10147	Cell membrane,Endosome,Membrane	Secreted	3|1	oneMulti
Q8NA23	Q9BYD6	none	Mitochondrion	1|1	bothSingle
A0A499FJF3	P61586	none	Cell membrane,Cell projection,Cytoplasm,Cytoskeleton,Membrane,Nucleus	1|6	oneMulti
O60762	Q9BPX5	Endoplasmic reticulum	Cytoplasm,Cytoskeleton	1|2	oneMulti
P13051	P17181	Mitochondrion,Nucleus	Cell membrane,Endosome,Lysosome,Membrane	2|4	bothMulti
Q5TEC6	Q9HAV0	Chromosome,Nucleosome core,Nucleus	none	3|1	oneMulti
Q9NXN4	Q9NZD8	none	Cytoplasm,Endosome,Golgi apparatus,Membrane	1|4	oneMulti
P78414	Q9NP86	Nucleus	Cytoplasm	1|1	bothSingle
Q12834	Q8NHZ8	Centromere,Chromosome,Cytoplasm,Cytoskeleton,Kinetochore	Nucleus	5|1	oneMulti
Q7Z2W9	Q9H2J4	Mitochondrion	Cytoplasm,Endoplasmic reticulum	1|2	oneMulti
A0A1W2PRV1	P21675	none	Nucleus	1|1	bothSingle
O95926	Q8WUD4	Nucleus,Spliceosome	none	2|1	oneMulti
Q8IUQ4	Q8IW03	Cytoplasm,Nucleus	Mitochondrion	2|1	oneMulti
O00505	Q9H8W3	Cytoplasm,Nucleus	none	2|1	oneMulti
P84103	Q6EMK4	Cytoplasm,Nucleus	Membrane,Secreted	2|2	bothMulti
O95817	P34931	Cytoplasm,Nucleus	none	2|1	oneMulti
P15153	Q9HCU5	Cytoplasm	Endoplasmic reticulum,Membrane,Nucleus	1|3	oneMulti
Q6VY07	Q9Y2I8	Golgi apparatus	Cytoplasm,Nucleus	1|2	oneMulti
O95376	P61077	Cytoplasm,Nucleus	Cell membrane,Endosome,Membrane	2|3	bothMulti
Q16552	Q96E93	Secreted	Cell membrane,Membrane	1|2	oneMulti
O43924	Q9NXU5	Cell projection,Cytoplasm,Cytoplasmic vesicle,Cytoskeleton,Membrane	none	5|1	oneMulti
P01160	P16066	Cell projection,Secreted	Membrane	2|1	oneMulti
Q8NHM5	Q9NXK8	Chromosome,Nucleus	none	2|1	oneMulti
Q6EBC2	Q8NI17	Secreted	Cell membrane,Cell projection,Membrane,Synapse	1|4	oneMulti
Q53GT1	Q53HC5	Cytoplasm,Cytoskeleton,Lysosome,Nucleus	none	4|1	oneMulti
Q6P4F2	Q9UQ80	Mitochondrion	Cytoplasm,Nucleus	1|2	oneMulti
P19237	Q8TD86	none	Cytoplasm,Nucleus	1|2	oneMulti
P08861	P15085	none	Secreted	1|1	bothSingle
P54802	Q9UK23	Lysosome	Golgi apparatus,Membrane	1|2	oneMulti
Q8IUW3	Q9NQC7	none	Cell membrane,Cell projection,Cytoplasm,Cytoskeleton,Membrane,Microtubule	1|6	oneMulti
Q13371	Q9Y4U1	Cell projection	Cytoplasm	1|1	bothSingle
O14905	O75197	Extracellular matrix,Secreted	Endoplasmic reticulum,Membrane	2|2	bothMulti
P24941	P61024	Cytoplasm,Cytoskeleton,Endosome,Nucleus	none	4|1	oneMulti
P31150	Q53S08	Cytoplasm,Golgi apparatus	none	2|1	oneMulti
Q15327	Q15582	Nucleus	Amyloid,Extracellular matrix,Secreted	1|3	oneMulti
P45974	P61970	none	Cytoplasm,Membrane,Nuclear pore complex,Nucleus	1|4	oneMulti
P40222	Q96MT8	none	Cytoplasm,Cytoskeleton	1|2	oneMulti
P20674	P49716	Membrane,Mitochondrion,Mitochondrion inner membrane	Nucleus	3|1	oneMulti
O43242	P01106	Proteasome	Cytoplasm,Nucleus	1|2	oneMulti
O14977	P54368	Nucleus	none	1|1	bothSingle
P56277	Q96LX7	Mitochondrion	none	1|1	bothSingle
P40222	Q676U5	none	Cytoplasm,Endosome,Lysosome,Membrane	1|4	oneMulti
Q8TD86	Q92686	Cytoplasm,Nucleus	none	2|1	oneMulti
Q02045	Q6PIF6	none	Cell projection,Cytoplasm,Cytoskeleton	1|3	oneMulti
Q8IY95	Q8N1F8	Endosome,Lysosome,Membrane	Cytoplasm	3|1	oneMulti
Q5VSL9	Q6ZMZ3	Cytoplasm	Endoplasmic reticulum,Membrane,Nucleus	1|3	oneMulti
P18847	Q92626	Nucleus	Basement membrane,Endoplasmic reticulum,Extracellular matrix,Secreted	1|4	oneMulti
O75874	P51553	Cytoplasm,Peroxisome	Mitochondrion	2|1	oneMulti
Q9BST9	Q9NQT8	none	Cell projection,Cytoplasm,Cytoskeleton,Microtubule	1|4	oneMulti
Q6P3S6	Q9NYJ8	none	Cytoplasm,Endosome,Lysosome,Membrane	1|4	oneMulti
A6NES4	Q9ULM2	none	Nucleus	1|1	bothSingle
P62888	Q8IY81	Cytoplasm	Nucleus	1|1	bothSingle
A8MW95	Q9P2Y5	Cytoplasm	Centromere,Chromosome,Cytoplasmic vesicle,Endoplasmic reticulum,Endosome,Lysosome	1|6	oneMulti
P62263	Q9Y291	Cytoplasm,Nucleus	Mitochondrion	2|1	oneMulti
O60279	Q9UGB7	Membrane	Cytoplasm	1|1	bothSingle
Q15819	Q9H832	none	Cytoplasm,Nucleus	1|2	oneMulti
A6NLC8	Q6SJ96	none	Cytoplasm,Nucleus	1|2	oneMulti
P24534	Q9HB07	none	Mitochondrion,Nucleus	1|2	oneMulti
Q6DHV5	Q96Q45	none	Cell projection,Cilium,Membrane	1|3	oneMulti
O60258	P11362	Secreted	Cell membrane,Cytoplasm,Cytoplasmic vesicle,Membrane,Nucleus	1|5	oneMulti
P26367	Q9NUJ3	Nucleus	none	1|1	bothSingle
P00414	Q9NRX3	Membrane,Mitochondrion,Mitochondrion inner membrane	none	3|1	oneMulti
Q13555	Q9NZT1	Membrane,Sarcoplasmic reticulum	none	2|1	oneMulti
Q8N612	Q96ED9	none	Cytoplasm,Cytoskeleton,Golgi apparatus,Microtubule	1|4	oneMulti
Q6UXL0	Q9NYY1	Membrane	Secreted	1|1	bothSingle
P27482	Q6PIF6	none	Cell projection,Cytoplasm,Cytoskeleton	1|3	oneMulti
P57076	Q6NXR4	Cell projection,Cilium,Cytoplasm,Cytoskeleton	none	4|1	oneMulti
A1L1A6	A8MTB9	Cell membrane,Membrane	none	2|1	oneMulti
P24666	Q4G0W2	Cytoplasm	none	1|1	bothSingle
Q00987	Q8IUS5	Cytoplasm,Nucleus	Membrane	2|1	oneMulti
P04629	P34130	Cell membrane,Endosome,Membrane	Secreted	3|1	oneMulti
Q5T8P6	Q96P53	none	Cytoplasm,Endosome	1|2	oneMulti
P40616	Q9NU19	Golgi apparatus,Membrane	none	2|1	oneMulti
P27707	Q16854	Nucleus	Mitochondrion	1|1	bothSingle
P49356	Q562E7	none	Cytoplasm,Cytoplasmic vesicle,Endosome,Lysosome,Membrane,Mitochondrion	1|6	oneMulti
O00160	Q9BXU9	none	Cell membrane,Cytoplasm,Golgi apparatus,Membrane	1|4	oneMulti
A6NNX1	Q7Z7H3	none	Cell membrane,Cytoplasm,Cytoskeleton,Membrane,Nucleus	1|5	oneMulti
Q5VXD3	Q9UHJ3	none	Nucleus	1|1	bothSingle
Q96EH5	Q9BZE4	Cytoplasm	Nucleus	1|1	bothSingle
Q8N8Y2	Q9Y487	none	Cell membrane,Endosome,Membrane	1|3	oneMulti
Q9Y678	Q9Y689	Cytoplasm,Cytoplasmic vesicle,Golgi apparatus,Membrane	none	4|1	oneMulti
P35638	Q9UBS5	Cytoplasm,Nucleus	Cell membrane,Cell projection,Membrane,Postsynaptic cell membrane,Secreted,Synapse	2|6	bothMulti
Q12816	Q13895	none	Cytoplasm,Nucleus	1|2	oneMulti
P51965	Q8N8N0	Nucleus	Lysosome,Membrane	1|2	oneMulti
Q9NX40	Q9UQ90	Endosome	Membrane,Mitochondrion,Mitochondrion inner membrane	1|3	oneMulti
P62736	Q99439	Cytoplasm,Cytoskeleton	none	2|1	oneMulti
P53634	Q8NBF2	Lysosome	Cytoplasm	1|1	bothSingle
Q13111	Q9H081	Nucleus	Centromere,Chromosome,Kinetochore	1|3	oneMulti
P0C263	P21854	none	Membrane	1|1	bothSingle
Q8TDN6	Q96HY6	Nucleus	Endoplasmic reticulum,Membrane	1|2	oneMulti
Q6NVV1	Q6PK04	none	Chromosome	1|1	bothSingle
P53384	Q9H6Q4	Cell projection,Cilium,Cytoplasm,Cytoskeleton,Nucleus	none	5|1	oneMulti
Q86YC3	Q9NQZ5	Cell membrane,Endoplasmic reticulum,Membrane	Mitochondrion	3|1	oneMulti
Q07020	Q9Y3B9	Cytoplasm,Endoplasmic reticulum	none	2|1	oneMulti
O94777	Q14442	Endoplasmic reticulum,Membrane	Cytoplasm	2|1	oneMulti
O43169	P02144	Membrane,Mitochondrion,Mitochondrion outer membrane	Cytoplasm	3|1	oneMulti
O14974	P29375	Cytoplasm,Cytoskeleton	Nucleus	2|1	oneMulti
Q13017	Q96PV0	Cell membrane,Cytoplasm,Membrane	none	3|1	oneMulti
Q14155	Q96D71	Cell junction,Cell projection,Cytoplasm	Coated pit,Membrane	3|2	bothMulti
P09067	Q8N1B4	Nucleus	Endosome,Golgi apparatus,Membrane	1|3	oneMulti
O75473	Q2I0M5	Cell membrane,Golgi apparatus,Membrane	Secreted	3|1	oneMulti
O43680	Q9Y238	Nucleus	Cytoplasm	1|1	bothSingle
Q8TB96	Q9BQS8	Membrane,Secreted	Cytoplasmic vesicle,Endosome,Lysosome	2|3	bothMulti
Q5BKU9	Q6MZW2	none	Secreted	1|1	bothSingle
Q8NA58	Q9Y2W6	Endoplasmic reticulum,Membrane	Cytoplasm,Mitochondrion	2|2	bothMulti
O00471	Q9Y2D4	Cytoplasm	none	1|1	bothSingle
P31267	Q86V86	Nucleus	Cytoplasm	1|1	bothSingle
Q15771	Q5TC63	Cytoplasm,Golgi apparatus,Membrane	none	3|1	oneMulti
P31152	Q8N145	Cytoplasm,Nucleus	Cell projection,Cytoplasmic vesicle,Secreted,Synapse,Synaptosome	2|5	bothMulti
Q13136	Q13332	Cytoplasm	Cell membrane,Cell projection,Cytoplasmic vesicle,Membrane,Synapse,Synaptosome	1|6	oneMulti
P78543	Q9UFF9	none	Cytoplasm,Nucleus	1|2	oneMulti
O96019	Q9HCI7	Nucleus	none	1|1	bothSingle
Q658L1	Q7Z5A4	none	Cell membrane,Cytoplasm,Membrane	1|3	oneMulti
Q86VI3	Q8TD86	none	Cytoplasm,Nucleus	1|2	oneMulti
O75969	Q15506	Cytoplasmic vesicle	Membrane	1|1	bothSingle
Q8N140	Q8TD90	Chromosome,Cytoplasm,Nucleus,Telomere	none	4|1	oneMulti
P36915	P78324	none	Membrane	1|1	bothSingle
O00522	Q9H1K6	Cell junction,Cell membrane,Cytoplasm,Cytoskeleton,Membrane	none	5|1	oneMulti
P24855	Q9NWZ3	Cytoplasmic vesicle,Nucleus,Secreted	Cytoplasm	3|1	oneMulti
P05161	Q9UNA4	Cytoplasm,Secreted	Nucleus	2|1	oneMulti
P05556	Q16363	Cell junction,Cell membrane,Cell projection,Endosome,Membrane	Basement membrane,Extracellular matrix,Secreted	5|3	bothMulti
P00533	P46109	Cell membrane,Endoplasmic reticulum,Endosome,Golgi apparatus,Membrane,Nucleus,Secreted	none	7|1	oneMulti
P31371	Q8N441	Secreted	Membrane	1|1	bothSingle
P78414	Q96LD8	Nucleus	none	1|1	bothSingle
Q0VDD7	Q99576	Chromosome	Cytoplasm,Nucleus	1|2	oneMulti
P22894	Q13651	Extracellular matrix,Secreted	Cell membrane,Cytoplasm,Membrane	2|3	bothMulti
P14317	Q9C0K3	Cytoplasm,Membrane,Mitochondrion	none	3|1	oneMulti
O14921	P19087	none	Cell projection	1|1	bothSingle
O75553	Q5VWQ8	none	Cell membrane,Cell projection,Cytoplasm,Membrane	1|4	oneMulti
P02778	P49682	Secreted	Cell membrane,Membrane	1|2	oneMulti
P11488	Q9HAV0	Cell projection,Membrane	none	2|1	oneMulti
P01042	P20151	Secreted	none	1|1	bothSingle
Q86V59	Q96BY2	none	Cytoplasm,Membrane,Mitochondrion,Mitochondrion outer membrane	1|4	oneMulti
O15212	Q99471	none	Cytoplasm,Nucleus	1|2	oneMulti
Q7L1V2	Q96DM3	none	Endosome,Lysosome,Membrane	1|3	oneMulti
Q04837	Q96IZ7	Mitochondrion,Mitochondrion nucleoid	Cytoplasm,Nucleus	2|2	bothMulti
P62136	Q6NXS1	Cytoplasm,Nucleus	none	2|1	oneMulti
Q6N069	Q9NX55	none	Cytoplasm,Nucleus	1|2	oneMulti
Q07890	Q9Y5K6	none	Cell junction,Cell projection,Cytoplasm,Cytoskeleton	1|4	oneMulti
P00533	Q9UQQ2	Cell membrane,Endoplasmic reticulum,Endosome,Golgi apparatus,Membrane,Nucleus,Secreted	none	7|1	oneMulti
P42574	P55211	Cytoplasm	none	1|1	bothSingle
P05556	Q9BY76	Cell junction,Cell membrane,Cell projection,Endosome,Membrane	Extracellular matrix,Secreted	5|2	bothMulti
Q14117	Q9BPU6	none	Cytoplasm	1|1	bothSingle
Q8IVL6	Q96TC7	Endoplasmic reticulum	Cytoplasm,Cytoskeleton,Membrane,Microtubule,Mitochondrion,Mitochondrion outer membrane,Nucleus	1|7	oneMulti
P49207	Q9NV31	Cytoplasm,Endoplasmic reticulum	Nucleus	2|1	oneMulti
P46109	Q92608	none	Cytoplasm,Cytoskeleton,Membrane	1|3	oneMulti
Q15404	Q9Y490	none	Cell junction,Cell membrane,Cell projection,Cytoplasm,Cytoskeleton,Membrane	1|6	oneMulti
Q96HY6	Q9Y3C8	Endoplasmic reticulum,Membrane	none	2|1	oneMulti
P26641	Q9Y5P6	none	Cytoplasm	1|1	bothSingle
Q96EQ8	Q9Y2X8	Golgi apparatus,Membrane	none	2|1	oneMulti
O43715	Q9Y3B1	Mitochondrion	none	1|1	bothSingle
O75792	Q96EX3	Nucleus	Cell projection,Cytoplasm,Cytoskeleton	1|3	oneMulti
P27986	Q9Y6R0	none	Cytoplasm	1|1	bothSingle
P49753	Q86TX2	Mitochondrion	Cytoplasm	1|1	bothSingle
O14498	P51654	Secreted	Cell membrane,Membrane	1|2	oneMulti
Q96C19	Q9Y376	Membrane	Cytoplasm	1|1	bothSingle
P37235	Q8N720	Membrane	Nucleus	1|1	bothSingle
O95456	P40939	Cytoplasm,Endoplasmic reticulum	Membrane,Mitochondrion,Mitochondrion inner membrane	2|3	bothMulti
P48507	P61964	none	Nucleus	1|1	bothSingle
O15235	P62979	Mitochondrion	Cytoplasm,Nucleus	1|2	oneMulti
P30511	P49184	Cell membrane,Endosome,Lysosome,Membrane,MHC I	Endoplasmic reticulum	5|1	oneMulti
Q5VYY1	Q9BSJ8	none	Cell membrane,Endoplasmic reticulum,Membrane	1|3	oneMulti
Q2T9L4	Q6P5Z2	Synapse	Cytoplasm,Nucleus	1|2	oneMulti
Q14318	Q6PGP7	Membrane,Mitochondrion	Cytoplasm,Nucleus	2|2	bothMulti
P18847	Q13753	Nucleus	Basement membrane,Extracellular matrix,Secreted	1|3	oneMulti
O14497	Q96DM3	Nucleus	Endosome,Lysosome,Membrane	1|3	oneMulti
P35226	Q9UJX2	Cytoplasm,Nucleus	none	2|1	oneMulti
O00399	P20851	Centromere,Chromosome,Cytoplasm,Cytoskeleton,Kinetochore	Secreted	5|1	oneMulti
P62851	Q76L83	Cytoplasm	Nucleus	1|1	bothSingle
P61421	Q9NZ63	Cytoplasmic vesicle,Lysosome,Membrane	Centromere,Chromosome,Nucleus,Spliceosome	3|4	bothMulti
P0DMV9	P20226	Cytoplasm,Cytoskeleton	Nucleus	2|1	oneMulti
O75093	Q9Y6N7	Secreted	Cell membrane,Cell projection,Membrane	1|3	oneMulti
Q9H5J0	Q9UJP4	Nucleus	Cytoplasm,Cytoskeleton	1|2	oneMulti
Q9BZR6	Q9HCT0	Cell membrane,Cell projection,Membrane	Secreted	3|1	oneMulti
A0A2R8Y4L2	Q9HA92	none	Mitochondrion	1|1	bothSingle
Q16667	Q9Y3C6	Cytoplasm	Nucleus,Spliceosome	1|2	oneMulti
A1A4V9	A6NNW6	Cell projection,Cilium,Cytoplasm,Cytoplasmic vesicle,Flagellum	none	5|1	oneMulti
P38919	Q8WUD4	Cytoplasm,Nucleus,Spliceosome	none	3|1	oneMulti
P35968	P98077	Cell junction,Cell membrane,Cytoplasm,Cytoplasmic vesicle,Endoplasmic reticulum,Endosome,Membrane,Nucleus,Secreted	none	9|1	oneMulti
O60566	Q8NBP0	Centromere,Chromosome,Cytoplasm,Cytoskeleton,Kinetochore,Nucleus	none	6|1	oneMulti
A6NKC9	P84103	none	Cytoplasm,Nucleus	1|2	oneMulti
P30679	P41220	none	Cell membrane,Cytoplasm,Membrane,Mitochondrion,Nucleus	1|5	oneMulti
P26373	Q14684	Cytoplasm	Chromosome,Nucleus	1|2	oneMulti
P40123	P68032	Cell membrane,Membrane	Cytoplasm,Cytoskeleton	2|2	bothMulti
P09486	P46531	Basement membrane,Extracellular matrix,Secreted	Cell membrane,Membrane,Nucleus	3|3	bothMulti
Q02878	Q9BZE4	Cytoplasm,Endoplasmic reticulum	Nucleus	2|1	oneMulti
Q7Z6J0	Q8TEC5	Cell projection,Cytoplasm,Golgi apparatus	Nucleus	3|1	oneMulti
P00533	Q13042	Cell membrane,Endoplasmic reticulum,Endosome,Golgi apparatus,Membrane,Nucleus,Secreted	Cytoplasm,Cytoskeleton	7|2	bothMulti
Q15116	Q9Y258	Cell membrane,Membrane	Secreted	2|1	oneMulti
Q4VC12	Q9NSC5	none	Cytoplasm,Synapse	1|2	oneMulti
P04792	Q9HC96	Cytoplasm,Cytoskeleton,Nucleus	none	3|1	oneMulti
Q8WUY9	Q9BXL8	none	Nucleus	1|1	bothSingle
Q6P9G0	Q8IXY8	Cell projection,Cytoplasm,Cytoskeleton	none	3|1	oneMulti
Q92905	Q9P1Y6	Cytoplasm,Cytoplasmic vesicle,Nucleus,Signalosome,Synapse	none	5|1	oneMulti
Q9UNX3	Q9UQ80	none	Cytoplasm,Nucleus	1|2	oneMulti
Q8IXZ2	Q8N6H7	Nucleus	Cytoplasm,Golgi apparatus,Membrane	1|3	oneMulti
P11362	Q5VZ18	Cell membrane,Cytoplasm,Cytoplasmic vesicle,Membrane,Nucleus	none	5|1	oneMulti
P19484	P30679	Cytoplasm,Lysosome,Membrane,Nucleus	none	4|1	oneMulti
A0PJX2	P21283	none	Cytoplasmic vesicle,Membrane,Synapse	1|3	oneMulti
Q96IG2	Q96QA6	Cytoplasm	Nucleus	1|1	bothSingle
Q96D03	Q96KB5	Cytoplasm	none	1|1	bothSingle
Q07890	Q6T310	none	Nucleus	1|1	bothSingle
P12814	Q96QS3	Cell junction,Cell membrane,Cell projection,Cytoplasm,Cytoskeleton,Membrane	Nucleus	6|1	oneMulti
Q08334	Q9GZX6	Membrane	Secreted	1|1	bothSingle
O75884	Q6UX98	none	Membrane	1|1	bothSingle
Q8WUD4	Q92917	none	Nucleus	1|1	bothSingle
O14618	P08294	Cytoplasm	Golgi apparatus,Secreted	1|2	oneMulti
Q9H5J8	Q9Y3B9	Nucleus	none	1|1	bothSingle
O95831	Q99759	Cytoplasm,Membrane,Mitochondrion,Mitochondrion inner membrane,Nucleus	none	5|1	oneMulti
P08754	P62873	Cell membrane,Cytoplasm,Cytoskeleton,Membrane	none	4|1	oneMulti
P46531	P48745	Cell membrane,Membrane,Nucleus	Cell junction,Cytoplasm,Gap junction,Secreted	3|4	bothMulti
P60842	Q15056	none	Cytoplasm	1|1	bothSingle
Q68D91	Q8NCK3	Cell membrane,Endoplasmic reticulum,Membrane	Nucleus	3|1	oneMulti
Q68CZ2	Q9UBT7	Cell junction,Cell projection	Cell membrane,Cytoplasm,Cytoskeleton,Membrane	2|4	bothMulti
O95837	Q9UGC6	none	Cytoplasm,Membrane,Nucleus,Synapse,Synaptosome	1|5	oneMulti
Q6H8Q1	Q8NB78	Cytoplasm	Chromosome,Nucleus	1|2	oneMulti
Q13619	Q8IWE4	none	Cell membrane,Cytoplasm,Membrane,Nucleus	1|4	oneMulti
P62910	Q9BXY0	Cytoplasm	Nucleus	1|1	bothSingle
Q6ZW61	Q9NPJ1	Cell projection,Cilium	Cytoplasm,Cytoskeleton,Nucleus	2|3	bothMulti
Q15287	Q9UKJ3	Cytoplasm,Nucleus	none	2|1	oneMulti
Q8NB46	Q9ULD5	none	Nucleus	1|1	bothSingle
Q2NL68	Q4KMZ1	Cytoplasm,Cytoskeleton	none	2|1	oneMulti
O43281	Q92882	none	Cytoplasm	1|1	bothSingle
O60884	P17066	Membrane	none	1|1	bothSingle
P40616	Q04917	Golgi apparatus,Membrane	none	2|1	oneMulti
Q8NB90	Q9Y3P4	Cytoplasm,Cytoskeleton,Mitochondrion	Membrane	3|1	oneMulti
Q9NZM3	Q9UBC2	Cytoplasm	Cell membrane,Coated pit,Membrane,Nucleus	1|4	oneMulti
P60484	Q16763	Cell projection,Cytoplasm,Nucleus,Secreted,Synapse	none	5|1	oneMulti
O43819	Q9ULT8	Membrane,Mitochondrion,Mitochondrion inner membrane	none	3|1	oneMulti
O75197	P32243	Endoplasmic reticulum,Membrane	Nucleus	2|1	oneMulti
O94887	P32004	none	Cell membrane,Cell projection,Membrane	1|3	oneMulti
P60866	Q8IY57	Cytoplasm	Nucleus	1|1	bothSingle
Q7L513	Q9UKI3	Cytoplasm	none	1|1	bothSingle
A6NNS2	Q06547	Membrane,Sarcoplasmic reticulum	Nucleus	2|1	oneMulti
Q712K3	Q9UBF6	none	Cytoplasm,Nucleus	1|2	oneMulti
Q17RB0	Q86TG7	none	Cytoplasm,Membrane,Nucleus	1|3	oneMulti
Q13555	Q9UQM7	Membrane,Sarcoplasmic reticulum	Cell projection,Synapse	2|2	bothMulti
Q13426	Q9Y6H3	Chromosome,Cytoplasm,Nucleus	none	3|1	oneMulti
P04899	Q2M5E4	Cell membrane,Cytoplasm,Cytoskeleton,Membrane	none	4|1	oneMulti
P16220	Q9UPT6	Nucleus	Cell projection,Cytoplasm,Cytoplasmic vesicle,Golgi apparatus	1|4	oneMulti
P61077	Q9Y4L5	Cell membrane,Endosome,Membrane	Cytoplasm,Endoplasmic reticulum,Golgi apparatus,Nucleus	3|4	bothMulti
P41252	P61964	Cytoplasm	Nucleus	1|1	bothSingle
Q2YD98	Q6P1J9	Chromosome	Nucleus	1|1	bothSingle
P60660	Q9Y623	none	Cytoplasm,Thick filament	1|2	oneMulti
O95429	P49639	Cytoplasm	Nucleus	1|1	bothSingle
Q15388	Q27J81	Membrane,Mitochondrion,Mitochondrion outer membrane	Cytoplasm	3|1	oneMulti
Q9P2J3	Q9UJP4	none	Cytoplasm,Cytoskeleton	1|2	oneMulti
P10109	Q86YS6	Mitochondrion	Cytoplasmic vesicle,Golgi apparatus,Membrane	1|3	oneMulti
P08134	Q99819	Cell membrane,Membrane	Cytoplasm	2|1	oneMulti
P07737	Q9Y2Z9	Cytoplasm,Cytoskeleton	Cell projection,Golgi apparatus,Membrane,Mitochondrion,Mitochondrion inner membrane	2|5	bothMulti
P60842	Q14152	none	Cytoplasm	1|1	bothSingle
O00499	Q07889	Cell membrane,Cytoplasm,Endosome,Membrane,Nucleus	none	5|1	oneMulti
P60866	Q71UM5	Cytoplasm	none	1|1	bothSingle
Q14201	Q9UFF9	none	Cytoplasm,Nucleus	1|2	oneMulti
P14649	Q8WXR4	none	Cell projection,Cytoplasm,Cytoskeleton	1|3	oneMulti
P51965	Q99942	Nucleus	Cell membrane,Endoplasmic reticulum,Membrane,Mitochondrion	1|4	oneMulti
Q8TDH9	Q96EV8	none	Cell membrane,Cytoplasm,Cytoplasmic vesicle,Endoplasmic reticulum,Endosome,Membrane,Nucleus,Postsynaptic cell membrane,Synapse	1|9	oneMulti
P0C7M6	Q5T655	none	Cell projection,Cilium,Cytoplasm,Cytoskeleton,Flagellum	1|5	oneMulti
P26641	P50750	none	Cytoplasm,Nucleus	1|2	oneMulti
P12081	P49590	Cytoplasm	Mitochondrion	1|1	bothSingle
P78329	Q9UPN9	Endoplasmic reticulum,Membrane,Microsome	Nucleus	3|1	oneMulti
P32243	Q6P4F2	Nucleus	Mitochondrion	1|1	bothSingle
P52292	Q05D32	Cytoplasm,Endoplasmic reticulum,Golgi apparatus,Membrane,Nucleus	none	5|1	oneMulti
O15273	Q6DKK2	Cytoplasm	Membrane,Mitochondrion,Mitochondrion inner membrane	1|3	oneMulti
Q5JTV8	Q9H497	Membrane,Nucleus	Cytoplasm,Endoplasmic reticulum	2|2	bothMulti
P08134	Q9Y4D1	Cell membrane,Membrane	Cell projection,Cytoplasm,Cytoskeleton	2|3	bothMulti
P08575	P17931	Cell membrane,Membrane	Cytoplasm,Nucleus,Secreted,Spliceosome	2|4	bothMulti
O60293	Q8IWZ3	Nucleus	Cytoplasm	1|1	bothSingle
Q08209	Q96LZ3	Cell membrane,Cell projection,Cytoplasm,Membrane,Synapse	Mitochondrion	5|1	oneMulti
P46937	Q04917	Cell junction,Cytoplasm,Nucleus	none	3|1	oneMulti
A6NMX2	P19622	none	Nucleus	1|1	bothSingle
Q8TD90	Q9NXX6	none	Chromosome,Nucleus,Telomere	1|3	oneMulti
O60469	Q8N461	Cell membrane,Cell projection,Membrane,Secreted,Synapse	none	5|1	oneMulti
A0A0G2JNQ3	O60812	none	Nucleus	1|1	bothSingle
A0A0G2JNQ3	A9QM74	none	Nucleus	1|1	bothSingle
P49356	Q8TF66	none	Cell membrane,Membrane	1|2	oneMulti
Q8NHY5	Q99638	none	Nucleus	1|1	bothSingle
Q96B02	Q99942	Nucleus	Cell membrane,Endoplasmic reticulum,Membrane,Mitochondrion	1|4	oneMulti
P0CL83	Q8TBR4	Nucleus	none	1|1	bothSingle
Q53G59	Q53GT1	Cytoplasmic vesicle	Cytoplasm,Cytoskeleton,Lysosome,Nucleus	1|4	oneMulti
Q13432	Q9NXU5	Cytoplasm,Cytoskeleton	none	2|1	oneMulti
Q7Z422	Q9Y3F4	none	Cytoplasm,Nucleus	1|2	oneMulti
Q4G112	Q6EEV6	Nucleus	none	1|1	bothSingle
P0C7P4	P30837	Membrane	Mitochondrion	1|1	bothSingle
P61086	Q99942	Cytoplasm	Cell membrane,Endoplasmic reticulum,Membrane,Mitochondrion	1|4	oneMulti
Q2TAL5	Q9BYT8	none	Cytoplasm,Mitochondrion	1|2	oneMulti
Q15648	Q1MX18	Nucleus	Cytoplasm	1|1	bothSingle
P30405	P62942	Mitochondrion	Cytoplasm,Membrane,Sarcoplasmic reticulum	1|3	oneMulti
Q567U6	Q9Y6G5	Endosome	Cytoplasm,Nucleus	1|2	oneMulti
Q14112	Q9Y6N7	Basement membrane,Extracellular matrix,Secreted	Cell membrane,Cell projection,Membrane	3|3	bothMulti
P23458	Q00987	Membrane	Cytoplasm,Nucleus	1|2	oneMulti
Q5JWF2	Q9HAV0	Cell membrane,Membrane	none	2|1	oneMulti
Q96JK2	Q9C0C7	none	Cell junction,Cytoplasm,Cytoplasmic vesicle,Cytoskeleton,Endoplasmic reticulum,Mitochondrion,Nucleus	1|7	oneMulti
Q99836	Q9HB29	Cytoplasm,Nucleus	Membrane	2|1	oneMulti
P21860	Q9BYN8	Cell membrane,Membrane,Secreted	Mitochondrion	3|1	oneMulti
Q9H3C7	Q9UKZ1	Cytoplasmic vesicle	Cytoplasm,Nucleus	1|2	oneMulti
P28715	Q9Y6H3	Chromosome,Nucleus	none	2|1	oneMulti
P42766	Q9BRT6	Cytoplasm	Chromosome,Nucleus	1|2	oneMulti
Q70IA8	Q9NRM7	none	Cytoplasm,Cytoskeleton,Nucleus	1|3	oneMulti
P49356	Q8N6T3	none	Cytoplasm,Golgi apparatus	1|2	oneMulti
Q5TC63	Q9H0F7	none	Cell membrane,Cell projection,Cytoplasm,Cytoskeleton,Membrane	1|5	oneMulti
P54829	Q15759	Endoplasmic reticulum,Membrane	Cytoplasm,Nucleus	2|2	bothMulti
Q14011	Q9ULR5	Cytoplasm,Nucleus	none	2|1	oneMulti
P28715	Q6NSW5	Chromosome,Nucleus	Endosome	2|1	oneMulti
P27816	Q04837	Cytoplasm,Cytoskeleton,Microtubule	Mitochondrion,Mitochondrion nucleoid	3|2	bothMulti
O75628	O75901	none	Endosome	1|1	bothSingle
O94818	Q96MY1	Nucleus	none	1|1	bothSingle
B0I1T2	P27482	Cell membrane,Cell projection,Membrane	none	3|1	oneMulti
Q92901	Q9GZR2	none	Nucleus	1|1	bothSingle
O14610	P62873	Cell membrane,Membrane	none	2|1	oneMulti
Q8N140	Q9HAY2	Chromosome,Cytoplasm,Nucleus,Telomere	none	4|1	oneMulti
Q13608	Q6NVH7	Cell projection,Cytoplasm,Membrane,Peroxisome	Nucleus	4|1	oneMulti
O43167	Q9P2G3	Nucleus	Cytoplasm,Endoplasmic reticulum,Membrane	1|3	oneMulti
Q8NHR9	Q96GE6	Cytoplasm	Cell projection	1|1	bothSingle
O00254	P12544	Cell membrane,Membrane	Secreted	2|1	oneMulti
P54107	Q075Z2	none	Secreted	1|1	bothSingle
P82914	Q9NQ55	Mitochondrion	Nucleus	1|1	bothSingle
Q13905	Q8TC17	Endosome	none	1|1	bothSingle
Q9BZE7	Q9UL16	none	Cell projection,Cilium,Cytoplasm,Cytoskeleton,Flagellum	1|5	oneMulti
P49023	P56199	Cell junction,Cytoplasm,Cytoskeleton	Membrane	3|1	oneMulti
Q13685	Q6ZW49	Cell membrane,Cytoplasm,Membrane	Chromosome,Nucleus	3|2	bothMulti
Q9BRR8	Q9BRX9	none	Cytoplasm,Nucleus,Spliceosome	1|3	oneMulti
P08195	P80188	Cell junction,Cell membrane,Lysosome,Membrane	Cytoplasmic vesicle,Secreted	4|2	bothMulti
P16619	Q15116	Secreted	Cell membrane,Membrane	1|2	oneMulti
Q13191	Q8TC17	Cytoplasm	none	1|1	bothSingle
P84095	Q8IWL3	Cell membrane,Membrane	Cytoplasm,Mitochondrion	2|2	bothMulti
P0DMT0	P15172	Membrane,Sarcoplasmic reticulum	Nucleus	2|1	oneMulti
Q15131	Q96N46	Cell projection,Cytoplasm,Cytoskeleton	none	3|1	oneMulti
Q96MU7	Q9ULJ7	Nucleus	Endosome	1|1	bothSingle
Q6ZMN7	Q8N1L9	none	Nucleus	1|1	bothSingle
O94856	Q5VU57	Cell junction,Cell membrane,Membrane	Cell projection,Cytoplasm,Cytoskeleton,Golgi apparatus	3|4	bothMulti
O75394	Q9GZV4	Mitochondrion	Cytoplasm,Endoplasmic reticulum,Membrane,Nucleus	1|4	oneMulti
A0A0A6YYL3	Q9UPQ7	none	Cytoplasm,Synapse	1|2	oneMulti
P35269	Q05D32	Nucleus	none	1|1	bothSingle
P15498	Q13239	none	Cytoplasm,Endosome	1|2	oneMulti
P56279	Q96RJ3	Cytoplasm,Endoplasmic reticulum,Microsome,Nucleus	Membrane	4|1	oneMulti
Q8WUH2	Q96S79	Cytoplasm,Endosome	Cell membrane,Membrane	2|2	bothMulti
O95793	Q13889	Cytoplasm,Endoplasmic reticulum	Nucleus	2|1	oneMulti
Q8IY85	Q96KV7	none	Cytoplasm,Cytoskeleton	1|2	oneMulti
Q13616	Q8IWE4	none	Cell membrane,Cytoplasm,Membrane,Nucleus	1|4	oneMulti
P10398	P31946	none	Cytoplasm,Membrane,Vacuole	1|3	oneMulti
O95996	P55291	Cytoplasm,Cytoskeleton,Golgi apparatus,Microtubule	Cell membrane,Membrane	4|2	bothMulti
Q02878	Q9BQ67	Cytoplasm,Endoplasmic reticulum	Chromosome,Nucleus	2|2	bothMulti
Q86VW0	Q9HC52	none	Nucleus	1|1	bothSingle
Q9HC35	Q9UM73	Cytoplasm,Cytoskeleton,Microtubule	Cell membrane,Membrane	3|2	bothMulti
Q0PNE2	Q8TE02	none	Cytoplasm,Nucleus	1|2	oneMulti
O00418	Q9Y297	none	Cytoplasm,Nucleus	1|2	oneMulti
Q8N3X1	Q9Y2W2	none	Cytoplasm,Nucleus	1|2	oneMulti
A6NDL7	Q53S33	none	Mitochondrion	1|1	bothSingle
Q4G0X4	Q9UBS4	none	Endoplasmic reticulum	1|1	bothSingle
P0C2L3	Q6UWT2	Membrane	Secreted	1|1	bothSingle
Q96GE6	Q96H55	Cell projection	Cytoplasm,Cytoskeleton,Membrane,Mitochondrion,Mitochondrion outer membrane	1|5	oneMulti
P23434	P30085	Mitochondrion	Cytoplasm,Nucleus	1|2	oneMulti
P78317	Q5JWF2	Cytoplasm,Nucleus	Cell membrane,Membrane	2|2	bothMulti
O60895	P35318	Membrane	Secreted	1|1	bothSingle
Q9NQ55	Q9Y3B9	Nucleus	none	1|1	bothSingle
P20941	P62873	Cell projection,Cilium,Cytoplasm,Nucleus	none	4|1	oneMulti
O60739	P39019	none	Cytoplasm,Nucleus	1|2	oneMulti
O00244	Q9UIF9	none	Nucleus	1|1	bothSingle
P51671	P51677	Secreted	Cell membrane,Membrane	1|2	oneMulti
P55010	Q8N3F8	Cytoplasm	Endosome,Membrane	1|2	oneMulti
P43699	Q96KW2	Nucleus	none	1|1	bothSingle
A0A087WV53	Q8TD86	none	Cytoplasm,Nucleus	1|2	oneMulti
P13051	P35754	Mitochondrion,Nucleus	Cytoplasm	2|1	oneMulti
P35080	Q64LD2	Cytoplasm,Cytoskeleton	none	2|1	oneMulti
P18754	Q86YS6	Chromosome,Cytoplasm,Nucleus	Cytoplasmic vesicle,Golgi apparatus,Membrane	3|3	bothMulti
O60755	Q9BT56	Cell membrane,Membrane	Cytoplasmic vesicle,Secreted	2|2	bothMulti
P35914	Q8TB92	Mitochondrion,Peroxisome	Cytoplasm,Endoplasmic reticulum,Membrane	2|3	bothMulti
P54368	Q96A70	none	Cell projection,Cytoplasm,Cytoplasmic vesicle,Golgi apparatus,Membrane,Nucleus	1|6	oneMulti
O60749	Q86XE0	Cell projection,Endosome,Membrane	none	3|1	oneMulti
P22695	P46821	Membrane,Mitochondrion,Mitochondrion inner membrane	Cell projection,Cytoplasm,Cytoskeleton,Microtubule,Synapse	3|5	bothMulti
Q07889	Q9Y5K6	none	Cell junction,Cell projection,Cytoplasm,Cytoskeleton	1|4	oneMulti
Q13042	Q9HC52	Cytoplasm,Cytoskeleton	Nucleus	2|1	oneMulti
Q6DKK2	Q9P272	Membrane,Mitochondrion,Mitochondrion inner membrane	none	3|1	oneMulti
P51398	Q8NBR0	Mitochondrion	Cell membrane,Cytoplasm,Membrane	1|3	oneMulti
Q8N612	Q9UJC3	none	Cytoplasm,Cytoskeleton,Microtubule	1|3	oneMulti
O75094	Q9Y6N7	Secreted	Cell membrane,Cell projection,Membrane	1|3	oneMulti
Q96EK2	Q9UL68	none	Chromosome,Nucleus	1|2	oneMulti
P60520	P84103	Cytoplasmic vesicle,Endoplasmic reticulum,Golgi apparatus,Membrane	Cytoplasm,Nucleus	4|2	bothMulti
P37173	Q8WYK2	Cell membrane,Membrane,Secreted	Nucleus	3|1	oneMulti
P13489	P34096	Cytoplasm	Secreted	1|1	bothSingle
O95183	Q96HH9	Cell membrane,Golgi apparatus,Membrane	none	3|1	oneMulti
P10398	P63104	none	Cytoplasm	1|1	bothSingle
P43360	Q8WV22	none	Chromosome,Nucleus,Telomere	1|3	oneMulti
P25025	Q16552	Cell membrane,Membrane	Secreted	2|1	oneMulti
O14561	P25686	Mitochondrion	Cytoplasm,Endoplasmic reticulum,Membrane,Nucleus	1|4	oneMulti
P28356	Q8N4S0	Nucleus	none	1|1	bothSingle
P62750	Q9H7E9	Cytoplasm,Nucleus	none	2|1	oneMulti
Q13319	Q96NK8	Cell membrane,Membrane	Nucleus	2|1	oneMulti
Q13790	Q9UHG3	HDL,LDL,Secreted	Lysosome	3|1	oneMulti
P02656	Q9UHG3	Chylomicron,Secreted,VLDL	Lysosome	3|1	oneMulti
O60884	P34931	Membrane	none	1|1	bothSingle
P30153	P63151	Cell membrane,Cell projection,Centromere,Chromosome,Cytoplasm,Membrane,Nucleus	none	7|1	oneMulti
Q03113	Q96BJ3	Cell membrane,Cytoplasm,Membrane	none	3|1	oneMulti
O75529	Q3ZLR7	Nucleus	none	1|1	bothSingle
Q02543	Q8TDN6	Cytoplasm	Nucleus	1|1	bothSingle
P26367	Q8N8Y2	Nucleus	none	1|1	bothSingle
Q8NEV1	Q99436	none	Cytoplasm,Nucleus,Proteasome	1|3	oneMulti
P41221	Q01973	Extracellular matrix,Secreted	Cell projection,Membrane	2|2	bothMulti
Q15506	Q86UC2	Membrane	Cell projection,Cilium,Cytoplasm,Cytoskeleton,Flagellum	1|5	oneMulti
O76081	P30679	Cytoplasm,Membrane,Nucleus	none	3|1	oneMulti
P14923	P15884	Cell junction,Cytoplasm,Cytoskeleton,Membrane	Nucleus	4|1	oneMulti
O96020	Q9BPW5	Nucleus	none	1|1	bothSingle
A0A1W2PP81	Q8IZX4	none	Nucleus	1|1	bothSingle
A0PJX0	Q7Z5M5	none	Membrane	1|1	bothSingle
Q02543	Q96EY4	Cytoplasm	Nucleus	1|1	bothSingle
P10606	Q86W67	Membrane,Mitochondrion,Mitochondrion inner membrane	none	3|1	oneMulti
Q53H47	Q9H1C7	Chromosome,Nucleus	Membrane	2|1	oneMulti
P53985	Q9Y5Q9	Cell membrane,Membrane	Nucleus	2|1	oneMulti
Q9NPH9	Q9UHF4	Secreted	Membrane	1|1	bothSingle
P61981	Q96S53	Cytoplasm	Nucleus	1|1	bothSingle
Q8NCW0	Q9UJH8	Membrane	Secreted	1|1	bothSingle
O75493	Q9NPG2	Secreted	Cytoplasm,Mitochondrion	1|2	oneMulti
Q07889	Q6T310	none	Nucleus	1|1	bothSingle
O95837	P25098	none	Cell membrane,Cell projection,Cytoplasm,Membrane,Synapse	1|5	oneMulti
P42892	Q16643	Cell membrane,Membrane	Cell junction,Cell projection,Cytoplasm	2|3	bothMulti
P16520	Q13371	none	Cell projection	1|1	bothSingle
P60842	Q04637	none	Cytoplasm,Nucleus	1|2	oneMulti
P20807	Q92626	Cytoplasm,Nucleus	Basement membrane,Endoplasmic reticulum,Extracellular matrix,Secreted	2|4	bothMulti
Q63ZY3	Q96PQ0	Cytoplasm,Mitochondrion	Cell membrane,Cell projection,Cytoplasmic vesicle,Endosome,Membrane,Postsynaptic cell membrane,Synapse,Synaptosome	2|8	bothMulti
O94985	O96018	Cell membrane,Cell projection,Endoplasmic reticulum,Golgi apparatus,Membrane,Nucleus,Postsynaptic cell membrane,Synapse	Cytoplasm	8|1	oneMulti
Q66PJ3	Q9H0F7	Nucleus	Cell membrane,Cell projection,Cytoplasm,Cytoskeleton,Membrane	1|5	oneMulti
Q5QP82	Q8IW36	none	Nucleus	1|1	bothSingle
A0A087WSX0	A0A0A0MT99	Cell membrane,Immunoglobulin,Membrane,Secreted	none	4|1	oneMulti
P54756	Q8IXB1	Cell membrane,Cell projection,Membrane	Endoplasmic reticulum	3|1	oneMulti
P21912	Q9NRX4	Membrane,Mitochondrion,Mitochondrion inner membrane	Cytoplasm	3|1	oneMulti
O94826	Q92734	Membrane,Mitochondrion,Mitochondrion outer membrane	Endoplasmic reticulum	3|1	oneMulti
P19012	Q9Y2D8	Intermediate filament,Keratin	Cell junction,Cell projection,Cytoplasm,Cytoskeleton,Nucleus	2|5	bothMulti
P35225	Q9BXN2	Secreted	Cell membrane,Cytoplasm,Membrane	1|3	oneMulti
P40939	Q5H9R7	Membrane,Mitochondrion,Mitochondrion inner membrane	Cytoplasm,Nucleus	3|2	bothMulti
Q02750	Q99759	Cytoplasm,Cytoskeleton,Membrane,Nucleus	none	4|1	oneMulti
Q9H0U9	Q9UJ04	Nucleus	none	1|1	bothSingle
O43679	Q8TAP4	Nucleus	none	1|1	bothSingle
P68036	Q9ULV8	Cytoplasm,Nucleus	none	2|1	oneMulti
P29120	P51825	Cytoplasmic vesicle	Nucleus	1|1	bothSingle
P09382	Q9C0C4	Cytoplasm,Extracellular matrix,Secreted	Cell membrane,Cytoplasmic vesicle,Membrane,Postsynaptic cell membrane,Synapse	3|5	bothMulti
P62841	Q93073	Cytoplasm	none	1|1	bothSingle
P15408	Q96RU8	Nucleus	none	1|1	bothSingle
P78417	Q9H4Y5	Cytoplasm	none	1|1	bothSingle
O75886	P62837	Cytoplasm,Endosome,Membrane	none	3|1	oneMulti
P54725	Q5TDH0	Nucleus,Proteasome	Chromosome,Cytoplasm	2|2	bothMulti
P63316	Q8WXR4	none	Cell projection,Cytoplasm,Cytoskeleton	1|3	oneMulti
Q96BY2	Q96PV4	Cytoplasm,Membrane,Mitochondrion,Mitochondrion outer membrane	none	4|1	oneMulti
O43683	O95067	Centromere,Chromosome,Kinetochore,Nucleus	none	4|1	oneMulti
P47756	Q86W92	Cytoplasm,Cytoskeleton	none	2|1	oneMulti
O76031	Q86TU7	Mitochondrion,Mitochondrion nucleoid	Cytoplasm,Nucleus	2|2	bothMulti
P61077	Q9P2P5	Cell membrane,Endosome,Membrane	Cytoplasm,Cytoskeleton	3|2	bothMulti
Q96SD1	Q9UPT8	Nucleus	Chromosome	1|1	bothSingle
Q567U6	Q86X83	Endosome	Cytoplasm	1|1	bothSingle
A0A087WTH5	Q13061	none	Cell membrane,Membrane,Sarcoplasmic reticulum	1|3	oneMulti
Q5VT52	Q9NZQ3	none	Nucleus	1|1	bothSingle
O75381	Q7Z4N8	Membrane,Peroxisome	Endoplasmic reticulum	2|1	oneMulti
A4D1E9	Q96E29	Chromosome,Nucleus	Mitochondrion	2|1	oneMulti
Q5U5X0	Q6P9G4	Mitochondrion	Membrane	1|1	bothSingle
Q5D0E6	Q6P1Q9	none	Cytoplasm	1|1	bothSingle
O75414	Q96I51	none	Membrane,Mitochondrion,Mitochondrion inner membrane	1|3	oneMulti
Q96GF1	Q9Y2X8	Endoplasmic reticulum,Membrane,Mitochondrion,Mitochondrion outer membrane	none	4|1	oneMulti
Q8WV22	Q96LZ2	Chromosome,Nucleus,Telomere	none	3|1	oneMulti
P40429	Q5T1N1	Cytoplasm	none	1|1	bothSingle
P19784	P63208	Cytoplasm,Nucleus	none	2|1	oneMulti
P05976	Q96H55	none	Cytoplasm,Cytoskeleton,Membrane,Mitochondrion,Mitochondrion outer membrane	1|5	oneMulti
O00206	O00253	Cell membrane,Cell projection,Endosome,Membrane	Golgi apparatus,Secreted	4|2	bothMulti
Q9C0I9	Q9UFF9	none	Cytoplasm,Nucleus	1|2	oneMulti
P61088	Q96EQ8	Cytoplasm,Nucleus	Golgi apparatus,Membrane	2|2	bothMulti
P54253	Q9UJX2	Cytoplasm,Nucleus	none	2|1	oneMulti
O14950	Q13464	none	Cell membrane,Cell projection,Cytoplasm,Cytoskeleton,Golgi apparatus,Membrane	1|6	oneMulti
Q53GT1	Q9P2J3	Cytoplasm,Cytoskeleton,Lysosome,Nucleus	none	4|1	oneMulti
O95628	Q71UM5	Cytoplasm,Nucleus	none	2|1	oneMulti
Q15369	Q9Y576	Nucleus	none	1|1	bothSingle
O95711	P22794	Secreted	Membrane	1|1	bothSingle
O75344	O94966	Cytoplasm,Nucleus	Endoplasmic reticulum,Membrane	2|2	bothMulti
O60927	Q9UNZ2	none	Chromosome,Cytoplasm,Cytoskeleton,Golgi apparatus,Nucleus	1|5	oneMulti
Q6ICB0	Q7Z2D5	Cytoplasm,Nucleus	Cell membrane,Membrane,Postsynaptic cell membrane,Synapse	2|4	bothMulti
P62837	P78317	none	Cytoplasm,Nucleus	1|2	oneMulti
P10321	Q8NHW4	Cell membrane,Endoplasmic reticulum,Membrane,MHC I	Secreted	4|1	oneMulti
A8K4G0	P16619	Cell membrane,Membrane	Secreted	2|1	oneMulti
P02751	Q13797	Extracellular matrix,Secreted	Membrane	2|1	oneMulti
Q15831	Q9H9S4	Cytoplasm,Membrane,Mitochondrion,Nucleus	none	4|1	oneMulti
P12544	Q96KV7	Secreted	Cytoplasm,Cytoskeleton	1|2	oneMulti
P17181	Q7Z2W4	Cell membrane,Endosome,Lysosome,Membrane	Cytoplasm,Nucleus	4|2	bothMulti
P38606	Q96A05	Cytoplasm,Cytoplasmic vesicle,Lysosome,Membrane	none	4|1	oneMulti
P00352	P05091	Cell projection,Cytoplasm	Mitochondrion	2|1	oneMulti
Q13367	Q9Y2T4	Cytoplasmic vesicle,Golgi apparatus,Membrane	none	3|1	oneMulti
P49023	Q8NB46	Cell junction,Cytoplasm,Cytoskeleton	none	3|1	oneMulti
P62280	Q8TD47	Cytoplasm,Nucleus	none	2|1	oneMulti
O00585	Q9HBE5	Secreted	Membrane	1|1	bothSingle
Q9H869	Q9UHA2	Cytoplasm,Nucleus	none	2|1	oneMulti
O14531	Q14117	Cytoplasm	none	1|1	bothSingle
O95980	Q68CP9	Cell membrane,Membrane	Nucleus	2|1	oneMulti
P62891	Q9NZE8	Cytoplasm	Mitochondrion	1|1	bothSingle
P40123	P60709	Cell membrane,Membrane	Cytoplasm,Cytoskeleton,Nucleus	2|3	bothMulti
Q5D0E6	Q96IZ6	none	Cytoplasm	1|1	bothSingle
O14498	Q9Y6I9	Secreted	Chromosome,Cytoplasm,Cytoplasmic vesicle,Endoplasmic reticulum,Membrane,Nucleus	1|6	oneMulti
P41743	Q13163	Cytoplasm,Endosome,Membrane,Nucleus	none	4|1	oneMulti
Q96DV4	Q9Y6V7	Mitochondrion	none	1|1	bothSingle
P56524	Q96GE6	Cytoplasm,Nucleus	Cell projection	2|1	oneMulti
O94810	Q6ZS82	none	Membrane	1|1	bothSingle
O14933	Q96J02	none	Cell membrane,Cytoplasm,Endosome,Membrane,Nucleus	1|5	oneMulti
A0A1W2PR64	P21675	none	Nucleus	1|1	bothSingle
P01019	P35367	Secreted	Cell membrane,Membrane	1|2	oneMulti
Q567U6	Q9UBI1	Endosome	Cytoplasm,Nucleus	1|2	oneMulti
O00743	P55036	Cytoplasm,Mitochondrion	Proteasome	2|1	oneMulti
O60911	P45452	Lysosome	Extracellular matrix,Secreted	1|2	oneMulti
O15061	P23409	Cell junction,Cytoplasm,Cytoskeleton,Intermediate filament	Nucleus	4|1	oneMulti
Q04864	Q6DKK2	Nucleus	Membrane,Mitochondrion,Mitochondrion inner membrane	1|3	oneMulti
Q6ZNB6	Q9BQK8	Membrane	Nucleus	1|1	bothSingle
O15197	Q9NZL4	Membrane,Secreted	none	2|1	oneMulti
Q2MKA7	Q9HBX8	Nucleus,Secreted	Cell membrane,Membrane	2|2	bothMulti
O15294	Q9HCI7	Cell membrane,Cell projection,Cytoplasm,Membrane,Mitochondrion,Nucleus	none	6|1	oneMulti
P02452	P48509	Extracellular matrix,Secreted	Membrane	2|1	oneMulti
P05161	Q3LFD5	Cytoplasm,Secreted	none	2|1	oneMulti
O14561	Q9H1X3	Mitochondrion	Membrane	1|1	bothSingle
Q6UB28	Q6UVK1	Mitochondrion	Cell membrane,Cell projection,Membrane	1|3	oneMulti
P16410	P62502	Cell membrane,Membrane	Secreted	2|1	oneMulti
P50222	Q504Y2	Nucleus	Golgi apparatus,Secreted	1|2	oneMulti
P49795	Q9NZT2	Membrane	Cytoplasm,Nucleus	1|2	oneMulti
P36507	Q13233	Cytoplasm,Membrane	none	2|1	oneMulti
P78396	Q00526	Nucleus	none	1|1	bothSingle
Q9C0K7	Q9H9S4	Cytoplasm,Nucleus	none	2|1	oneMulti
Q9P035	Q9Y6E2	Endoplasmic reticulum,Membrane	Cytoplasm	2|1	oneMulti
P52292	Q9H8W3	Cytoplasm,Endoplasmic reticulum,Golgi apparatus,Membrane,Nucleus	none	5|1	oneMulti
Q8ND25	Q9Y2X8	Cytoplasmic vesicle,Endosome,Lysosome,Membrane,Synapse	none	5|1	oneMulti
Q15404	Q7Z4I7	none	Cell junction,Cell membrane,Membrane,Nucleus	1|4	oneMulti
P53804	Q8ND24	Cytoplasm,Golgi apparatus,Nucleus	none	3|1	oneMulti
P02458	P16234	Extracellular matrix,Secreted	Cell membrane,Cell projection,Golgi apparatus,Membrane	2|4	bothMulti
Q96S96	Q9BYC8	Secreted	Mitochondrion	1|1	bothSingle
Q14161	Q15052	none	Cell projection	1|1	bothSingle
O14578	Q7L2J0	Cytoplasm	Nucleus	1|1	bothSingle
Q6UVK1	Q8N2C3	Cell membrane,Cell projection,Membrane	none	3|1	oneMulti
O96011	Q9NX40	Membrane,Peroxisome	Endosome	2|1	oneMulti
Q9BUA6	Q9UKX3	none	Cytoplasm,Thick filament	1|2	oneMulti
P60520	Q9NT62	Cytoplasmic vesicle,Endoplasmic reticulum,Golgi apparatus,Membrane	Cytoplasm	4|1	oneMulti
P54619	P54646	none	Cytoplasm,Nucleus	1|2	oneMulti
O00308	Q02543	Nucleus	Cytoplasm	1|1	bothSingle
Q6PIL6	Q8N8I0	Cell membrane,Cytoplasm,Endoplasmic reticulum,Membrane,Peroxisome	none	5|1	oneMulti
Q9BXB1	Q9BXY4	Cell membrane,Membrane	Secreted	2|1	oneMulti
P0CF97	Q8TCP9	none	Membrane	1|1	bothSingle
P26374	Q92696	Cytoplasm	none	1|1	bothSingle
P51825	Q6PHR2	Nucleus	Cytoplasm	1|1	bothSingle
Q7Z2F6	Q9BVV6	none	Cell projection,Cytoplasm,Cytoskeleton	1|3	oneMulti
Q14155	Q14161	Cell junction,Cell projection,Cytoplasm	none	3|1	oneMulti
O75891	O94856	Cytoplasm	Cell junction,Cell membrane,Membrane	1|3	oneMulti
Q4G0W2	Q9BVJ7	none	Cytoplasm,Nucleus	1|2	oneMulti
P31946	P37802	Cytoplasm,Membrane,Vacuole	none	3|1	oneMulti
P78314	Q9UJU6	none	Cell junction,Cell membrane,Cell projection,Cytoplasm,Cytoplasmic vesicle,Cytoskeleton,Endosome,Golgi apparatus,Membrane,Synapse	1|10	oneMulti
P15498	P42768	none	Cytoplasm,Cytoskeleton,Nucleus	1|3	oneMulti
Q9P2G9	Q9Y2M5	none	Cell projection,Cytoplasm,Golgi apparatus,Nucleus	1|4	oneMulti
O60341	Q9H6J7	Nucleus	Cytoplasm,Cytoskeleton,Microtubule	1|3	oneMulti
P08473	Q7Z3J3	Cell membrane,Membrane	none	2|1	oneMulti
P20674	Q15744	Membrane,Mitochondrion,Mitochondrion inner membrane	Nucleus	3|1	oneMulti
O43320	P11362	Secreted	Cell membrane,Cytoplasm,Cytoplasmic vesicle,Membrane,Nucleus	1|5	oneMulti
Q07889	Q9Y6N7	none	Cell membrane,Cell projection,Membrane	1|3	oneMulti
A6NED2	Q9Y3P4	Chromosome	Membrane	1|1	bothSingle
O75896	O95757	none	Cytoplasm,Nucleus	1|2	oneMulti
P31930	Q8N8E2	Membrane,Mitochondrion,Mitochondrion inner membrane	Nucleus	3|1	oneMulti
Q92791	Q9Y5X9	Endoplasmic reticulum	Secreted	1|1	bothSingle
Q00604	Q9BXB1	Secreted	Cell membrane,Membrane	1|2	oneMulti
Q9BRV8	Q9Y228	Cytoplasm	Cell membrane,Golgi apparatus,Lysosome,Membrane,Mitochondrion,Mitochondrion outer membrane	1|6	oneMulti
O14595	Q3SXY8	Nucleus	Cell membrane,Cell projection,Cilium,Membrane	1|4	oneMulti
Q14137	Q6DKI1	Nucleus	none	1|1	bothSingle
Q9H213	Q9NXX6	none	Chromosome,Nucleus,Telomere	1|3	oneMulti
O00230	Q8IYD8	Secreted	Nucleus	1|1	bothSingle
P26374	Q9NX57	Cytoplasm	Cytoplasmic vesicle,Golgi apparatus,Membrane	1|3	oneMulti
P35225	Q01628	Secreted	Cell membrane,Cytoplasm,Endosome,Lysosome,Membrane	1|5	oneMulti
Q8TD10	Q9Y2I6	none	Cytoplasm,Cytoskeleton,Microtubule	1|3	oneMulti
P62837	Q13490	none	Cytoplasm,Nucleus	1|2	oneMulti
Q13163	Q13501	none	Cytoplasm,Cytoplasmic vesicle,Endoplasmic reticulum,Endosome,Lysosome,Nucleus	1|6	oneMulti
Q8WVF1	Q9H977	Cell membrane,Membrane	none	2|1	oneMulti
Q8IWF2	Q9Y3B7	Endoplasmic reticulum	Mitochondrion	1|1	bothSingle
P18124	Q9Y5R4	Cytoplasm	Mitochondrion	1|1	bothSingle
Q15369	Q8WXK1	Nucleus	none	1|1	bothSingle
O60318	Q8IXL9	Chromosome,Cytoplasm,Nuclear pore complex,Nucleus	none	4|1	oneMulti
Q53TS8	Q8WXI4	Cell membrane,Cell projection,Cilium,Flagellum,Membrane	Cytoplasm,Mitochondrion	5|2	bothMulti
P82279	Q496M5	Cell membrane,Cell projection,Membrane,Secreted	Cytoplasm,Nucleus	4|2	bothMulti
P31785	Q9HBE4	Cell membrane,Membrane	Secreted	2|1	oneMulti
Q15485	Q6IA17	Secreted	Membrane	1|1	bothSingle
Q7Z2W9	Q9H9Z2	Mitochondrion	Cytoplasm,Endoplasmic reticulum,Nucleus	1|3	oneMulti
Q9H1J5	Q9ULV1	Extracellular matrix,Secreted	Cell membrane,Membrane	2|2	bothMulti
Q6NY19	Q9Y490	none	Cell junction,Cell membrane,Cell projection,Cytoplasm,Cytoskeleton,Membrane	1|6	oneMulti
A8MX76	P04632	none	Cell membrane,Cytoplasm,Membrane	1|3	oneMulti
O43615	Q5T2N8	Membrane,Mitochondrion,Mitochondrion inner membrane	none	3|1	oneMulti
Q12893	Q9Y4P3	Golgi apparatus,Membrane	none	2|1	oneMulti
P02751	P05106	Extracellular matrix,Secreted	Cell junction,Cell membrane,Cell projection,Membrane,Postsynaptic cell membrane,Synapse	2|6	bothMulti
P01566	P17181	Secreted	Cell membrane,Endosome,Lysosome,Membrane	1|4	oneMulti
Q8TBH0	Q9GZV5	none	Cell membrane,Cytoplasm,Membrane,Nucleus	1|4	oneMulti
Q8NEF9	Q96EU6	Cytoplasm	Nucleus	1|1	bothSingle
O14578	Q14684	Cytoplasm	Chromosome,Nucleus	1|2	oneMulti
Q7L0Y3	Q9BRU9	Mitochondrion,Mitochondrion nucleoid	Nucleus	2|1	oneMulti
Q15287	Q9NYS7	Cytoplasm,Nucleus	none	2|1	oneMulti
P10176	Q9C002	Membrane,Mitochondrion,Mitochondrion inner membrane	Nucleus	3|1	oneMulti
P19087	Q9NX40	Cell projection	Endosome	1|1	bothSingle
P53611	Q12974	none	Cell membrane,Cytoplasm,Endosome,Membrane	1|4	oneMulti
O60234	P61160	none	Cell projection,Cytoplasm,Cytoskeleton,Nucleus	1|4	oneMulti
O00193	O43143	none	Nucleus	1|1	bothSingle
Q7Z6L1	Q9Y4F3	Cytoplasmic vesicle,Lysosome,Membrane	Peroxisome	3|1	oneMulti
Q8IV04	Q92930	none	Cell membrane,Cytoplasmic vesicle,Endosome,Membrane	1|4	oneMulti
P17301	P20908	Membrane	Extracellular matrix,Secreted	1|2	oneMulti
P48147	Q8N8Q9	Cytoplasm	Cell membrane,Endosome,Membrane	1|3	oneMulti
P63261	Q01518	Cytoplasm,Cytoskeleton	Cell membrane,Membrane	2|2	bothMulti
P22531	Q5T754	Cytoplasm	none	1|1	bothSingle
G2XKQ0	Q2WGN9	Nucleus	none	1|1	bothSingle
Q15907	Q9ULV0	Cytoplasmic vesicle,Endosome,Membrane,Synapse	Cytoplasm	4|1	oneMulti
A6NFY7	Q8N8L6	Mitochondrion	none	1|1	bothSingle
Q86X40	Q9C0C7	none	Cell junction,Cytoplasm,Cytoplasmic vesicle,Cytoskeleton,Endoplasmic reticulum,Mitochondrion,Nucleus	1|7	oneMulti
O94888	Q6RI45	Nucleus	none	1|1	bothSingle
P20248	Q00526	Cytoplasm,Nucleus	none	2|1	oneMulti
P54652	Q9NZL4	Cytoplasm,Cytoskeleton	none	2|1	oneMulti
P19878	Q9HBY0	Cytoplasm	Cell membrane,Membrane	1|2	oneMulti
A0A1W2PQ09	Q16514	none	Nucleus	1|1	bothSingle
A0A1B0GUL7	P63241	none	Cytoplasm,Endoplasmic reticulum,Membrane,Nucleus	1|4	oneMulti
Q8NCW6	Q9BPW5	Golgi apparatus,Membrane	none	2|1	oneMulti
O94988	Q9NVR7	none	Cytoplasm,Cytoskeleton	1|2	oneMulti
Q5XG87	Q9C0B9	Cytoplasm,Nucleus	none	2|1	oneMulti
P29460	Q5VWK5	Secreted	Cell membrane,Membrane	1|2	oneMulti
P60866	Q86VM9	Cytoplasm	Nucleus	1|1	bothSingle
Q5VV17	Q9UF56	none	Cytoplasm,Nucleus	1|2	oneMulti
P78362	Q8WWI1	Chromosome,Cytoplasm,Nucleus	none	3|1	oneMulti
O60258	P28360	Secreted	Nucleus	1|1	bothSingle
A6NDL7	P78413	none	Nucleus	1|1	bothSingle
P10109	Q7Z4H8	Mitochondrion	Endoplasmic reticulum	1|1	bothSingle
P36269	Q8WUX2	Membrane	Cytoplasm	1|1	bothSingle
P51668	Q9UKV5	Cytoplasm	Endoplasmic reticulum,Membrane	1|2	oneMulti
Q14164	Q9NQX4	Cytoplasm,Nucleus	none	2|1	oneMulti
P62495	Q9Y5N5	Cytoplasm	Nucleus	1|1	bothSingle
A6ND01	P54107	Cell membrane,Cell projection,Membrane	none	3|1	oneMulti
O95208	P63010	Cytoplasm,Cytoplasmic vesicle	Cell membrane,Coated pit,Membrane	2|3	bothMulti
P13693	P24534	Cytoplasm	none	1|1	bothSingle
Q01638	Q99836	Cell membrane,Membrane,Secreted	Cytoplasm,Nucleus	3|2	bothMulti
Q15369	Q9BSK4	Nucleus	Cytoplasm,Mitochondrion	1|2	oneMulti
O95198	Q9P2G9	Cell projection,Cytoplasm,Cytoskeleton	none	3|1	oneMulti
O60271	Q14683	Cytoplasm,Cytoplasmic vesicle,Lysosome,Membrane	Centromere,Chromosome,Kinetochore,Nucleus	4|4	bothMulti
P62277	Q9NWV4	Cytoplasm,Nucleus	none	2|1	oneMulti
O95445	Q86SQ4	HDL,Secreted	Cell membrane,Membrane	2|2	bothMulti
Q15056	Q9H3H3	Cytoplasm	none	1|1	bothSingle
O00522	P82930	Cell junction,Cell membrane,Cytoplasm,Cytoskeleton,Membrane	Mitochondrion	5|1	oneMulti
P54253	Q9Y575	Cytoplasm,Nucleus	none	2|1	oneMulti
P00338	Q9BYZ2	Cytoplasm	none	1|1	bothSingle
Q5W0V3	Q86VS8	none	Cytoplasm,Cytoskeleton,Golgi apparatus,Microtubule	1|4	oneMulti
Q9UPR3	Q9Y4F3	Cytoplasm,Nucleus	Peroxisome	2|1	oneMulti
O75093	Q8TDY8	Secreted	Cell membrane,Membrane	1|2	oneMulti
P43361	Q8N140	none	Chromosome,Cytoplasm,Nucleus,Telomere	1|4	oneMulti
Q6P5R6	Q9NV31	none	Nucleus	1|1	bothSingle
Q0VFZ6	Q9BZE7	Cell projection,Cytoplasm,Cytoskeleton	none	3|1	oneMulti
P36873	Q6NXS1	Centromere,Chromosome,Cytoplasm,Cytoskeleton,Kinetochore,Mitochondrion,Nucleus	none	7|1	oneMulti
Q13188	Q6ZTQ3	Cytoplasm,Cytoskeleton,Nucleus	none	3|1	oneMulti
Q15369	Q96S21	Nucleus	Cell membrane,Membrane	1|2	oneMulti
Q96DF8	Q96N46	Nucleus,Spliceosome	none	2|1	oneMulti
Q86U70	Q8TAP4	Nucleus	none	1|1	bothSingle
Q6A162	Q9Y2D8	Intermediate filament,Keratin	Cell junction,Cell projection,Cytoplasm,Cytoskeleton,Nucleus	2|5	bothMulti
Q4KMZ1	Q6ZMZ3	none	Endoplasmic reticulum,Membrane,Nucleus	1|3	oneMulti
O75427	Q9Y6X3	Cell membrane,Membrane	Chromosome,Nucleus	2|2	bothMulti
P59768	Q8IVG9	Cell membrane,Membrane	Cell projection,Cilium,Cytoplasm,Flagellum,Mitochondrion,Nucleus,Secreted	2|7	bothMulti
P61254	Q9Y3C1	Cytoplasm	Nucleus	1|1	bothSingle
O43196	P40692	none	Chromosome,Nucleus	1|2	oneMulti
Q6DKK2	Q8IYA8	Membrane,Mitochondrion,Mitochondrion inner membrane	Chromosome	3|1	oneMulti
P01579	P15260	Secreted	Cell membrane,Membrane	1|2	oneMulti
Q9NRX2	Q9Y3C6	Mitochondrion	Nucleus,Spliceosome	1|2	oneMulti
P04899	P62873	Cell membrane,Cytoplasm,Cytoskeleton,Membrane	none	4|1	oneMulti
P09919	P33681	Secreted	Membrane	1|1	bothSingle
Q9Y221	Q9Y3B9	Nucleus	none	1|1	bothSingle
O76003	Q53S33	Cytoplasm	Mitochondrion	1|1	bothSingle
O14508	O15524	none	Cytoplasmic vesicle,Nucleus	1|2	oneMulti
Q8IYB7	Q9BT43	Cytoplasm	Nucleus	1|1	bothSingle
Q6MZW2	Q9P283	Secreted	Membrane	1|1	bothSingle
Q04917	Q9H1K1	none	Cytoplasm,Mitochondrion,Nucleus	1|3	oneMulti
Q3B7T1	Q6PD74	Nucleus	Cytoplasm	1|1	bothSingle
O94805	Q4VC05	Nucleus	none	1|1	bothSingle
Q5U4P2	Q64LD2	Membrane	none	1|1	bothSingle
P41594	Q8NEV4	Cell membrane,Membrane	Cell projection,Cytoplasm,Cytoskeleton	2|3	bothMulti
Q567U6	Q96M63	Endosome	Cell projection,Cilium,Cytoplasm,Cytoskeleton	1|4	oneMulti
P42701	Q4V339	Membrane	Nucleus	1|1	bothSingle
Q8N0X2	Q9C010	Cell projection,Cilium,Cytoplasm,Cytoskeleton,Flagellum	none	5|1	oneMulti
P83731	Q92901	Cytoplasm	none	1|1	bothSingle
P15407	Q7Z7A1	Nucleus	Cytoplasm,Cytoskeleton	1|2	oneMulti
P61221	Q8NHW5	Cytoplasm,Mitochondrion	none	2|1	oneMulti
Q13177	Q8TEJ3	Cytoplasm,Membrane,Nucleus	none	3|1	oneMulti
P01133	P12544	Membrane	Secreted	1|1	bothSingle
P82663	Q66K89	Mitochondrion	Cytoplasm,Nucleus	1|2	oneMulti
O15524	O75159	Cytoplasmic vesicle,Nucleus	none	2|1	oneMulti
Q96PN8	Q99990	none	Nucleus	1|1	bothSingle
O14950	P17612	none	Cell membrane,Cell projection,Cilium,Cytoplasm,Cytoplasmic vesicle,Flagellum,Membrane,Mitochondrion,Nucleus	1|9	oneMulti
P62837	Q9H0F5	none	Nucleus	1|1	bothSingle
P05112	P21730	Secreted	Cell membrane,Cytoplasmic vesicle,Membrane	1|3	oneMulti
P52306	Q9Y343	Cytoplasm,Endoplasmic reticulum,Mitochondrion,Nucleus	Cytoplasmic vesicle,Membrane	4|2	bothMulti
P06746	Q6ZNB5	Cytoplasm,Nucleus	none	2|1	oneMulti
O60610	Q2M3V2	Cell membrane,Cell projection,Cytoplasm,Cytoskeleton,Membrane,Nucleus	none	6|1	oneMulti
Q16559	Q7RTU4	none	Cytoplasm,Nucleus	1|2	oneMulti
P43250	P46821	Membrane	Cell projection,Cytoplasm,Cytoskeleton,Microtubule,Synapse	1|5	oneMulti
P04792	P78344	Cytoplasm,Cytoskeleton,Nucleus	none	3|1	oneMulti
P41594	Q8N475	Cell membrane,Membrane	Secreted	2|1	oneMulti
P05413	P12829	Cytoplasm	none	1|1	bothSingle
Q8TCX5	Q96L33	none	Cell membrane,Endosome,Membrane	1|3	oneMulti
P11686	Q8IV31	Secreted,Surface film	Membrane	2|1	oneMulti
Q96GD4	Q9BYD6	Centromere,Chromosome,Cytoplasm,Cytoskeleton,Kinetochore,Nucleus	Mitochondrion	6|1	oneMulti
P43364	Q6PEW1	Cytoplasm,Nucleus	none	2|1	oneMulti
P18583	P61981	Nucleus	Cytoplasm	1|1	bothSingle
P14649	Q9H444	none	Cytoplasm,Endosome,Membrane,Nucleus	1|4	oneMulti
O75531	Q9NVS2	Chromosome,Cytoplasm,Nucleus	Mitochondrion	3|1	oneMulti
O94813	Q9H0X6	Secreted	none	1|1	bothSingle
O95863	Q96DC9	Cytoplasm,Nucleus	none	2|1	oneMulti
O60763	Q96N46	Cytoplasm,Golgi apparatus,Membrane	none	3|1	oneMulti
Q14117	Q14195	none	Cell projection,Cytoplasm	1|2	oneMulti
Q5VV67	Q9Y6E7	Nucleus	Mitochondrion	1|1	bothSingle
O15239	Q86WW8	Membrane,Mitochondrion,Mitochondrion inner membrane	none	3|1	oneMulti
P78414	Q16363	Nucleus	Basement membrane,Extracellular matrix,Secreted	1|3	oneMulti
A0PJX0	Q8TDI8	none	Cell membrane,Membrane	1|2	oneMulti
Q8WWX0	Q96DX5	none	Mitochondrion	1|1	bothSingle
Q7Z5M5	Q96Q77	Membrane	none	1|1	bothSingle
Q14318	Q9BQS8	Membrane,Mitochondrion	Cytoplasmic vesicle,Endosome,Lysosome	2|3	bothMulti
P57775	Q03167	none	Cell membrane,Extracellular matrix,Membrane,Secreted	1|4	oneMulti
Q1ED39	Q9UJJ7	Nucleus	none	1|1	bothSingle
Q9BW85	Q9NW82	Nucleus,Spliceosome	none	2|1	oneMulti
Q9NXR5	Q9Y4C5	none	Golgi apparatus,Membrane	1|2	oneMulti
Q7L2J0	Q9UN86	Nucleus	Cytoplasm	1|1	bothSingle
P41221	Q01974	Extracellular matrix,Secreted	Cell membrane,Membrane	2|2	bothMulti
O95382	Q99683	none	Cytoplasm,Endoplasmic reticulum	1|2	oneMulti
P40429	Q6PK04	Cytoplasm	Chromosome	1|1	bothSingle
P62873	Q13371	none	Cell projection	1|1	bothSingle
Q6ZW31	Q9H4E5	none	Cell membrane,Membrane	1|2	oneMulti
O75093	Q9HCK4	Secreted	Membrane	1|1	bothSingle
O75489	Q6ZMW2	Membrane,Mitochondrion,Mitochondrion inner membrane	Nucleus	3|1	oneMulti
P52566	P84095	Cytoplasm	Cell membrane,Membrane	1|2	oneMulti
P24864	Q96GY3	Nucleus	none	1|1	bothSingle
Q8IWL3	Q9UNK9	Cytoplasm,Mitochondrion	none	2|1	oneMulti
P62837	Q8WZ73	none	Cell membrane,Cytoplasm,Endosome,Membrane	1|4	oneMulti
Q86XD8	Q96DC7	none	Membrane	1|1	bothSingle
O14578	P18583	Cytoplasm	Nucleus	1|1	bothSingle
O60333	Q8IUR5	Cell projection,Cytoplasm,Cytoplasmic vesicle,Cytoskeleton,Microtubule,Mitochondrion,Synapse	Endoplasmic reticulum,Membrane	7|2	bothMulti
Q149N8	Q9C0K0	none	Nucleus	1|1	bothSingle
O15455	Q01201	Endoplasmic reticulum,Endosome,Membrane	Cytoplasm,Cytoskeleton,Nucleus	3|3	bothMulti
Q8ND90	Q96PV4	Nucleus	none	1|1	bothSingle
O94844	Q9Y566	none	Cytoplasm,Synapse	1|2	oneMulti
P60520	Q9NX55	Cytoplasmic vesicle,Endoplasmic reticulum,Golgi apparatus,Membrane	Cytoplasm,Nucleus	4|2	bothMulti
Q8IWL3	Q8N8L6	Cytoplasm,Mitochondrion	none	2|1	oneMulti
P07858	Q9NRD1	Cell membrane,Lysosome,Membrane,Secreted	Cytoplasm	4|1	oneMulti
Q96KQ7	Q9H9V9	Chromosome,Nucleus	Cytoplasm	2|1	oneMulti
O75558	Q15833	Golgi apparatus,Membrane	none	2|1	oneMulti
O15121	P35269	Endoplasmic reticulum,Membrane,Mitochondrion	Nucleus	3|1	oneMulti
Q86YV6	Q9HDC9	none	Membrane	1|1	bothSingle
Q9UMY4	Q9Y680	Membrane	Endoplasmic reticulum	1|1	bothSingle
O15504	Q8WUZ0	Membrane,Nuclear pore complex,Nucleus	none	3|1	oneMulti
O14715	Q8NFH3	none	Centromere,Chromosome,Kinetochore,Nuclear pore complex,Nucleus	1|5	oneMulti
A0A075B7F1	B9A064	Immunoglobulin,Membrane	Secreted	2|1	oneMulti
O95428	P21912	Secreted	Membrane,Mitochondrion,Mitochondrion inner membrane	1|3	oneMulti
Q15375	Q5TGI4	Cell membrane,Membrane	Cytoplasm	2|1	oneMulti
Q99622	Q9ULJ7	Cytoplasm	Endosome	1|1	bothSingle
Q6RI45	Q8WWQ0	none	Nucleus	1|1	bothSingle
Q6UXN9	Q9Y6X6	Chromosome,Nucleus	Cytoplasm	2|1	oneMulti
Q00059	Q8N6N2	Mitochondrion,Mitochondrion nucleoid	none	2|1	oneMulti
Q9NX40	Q9Y680	Endosome	Endoplasmic reticulum	1|1	bothSingle
O43684	P48643	Centromere,Chromosome,Kinetochore,Nucleus	Cytoplasm,Cytoskeleton	4|2	bothMulti
P60484	P63208	Cell projection,Cytoplasm,Nucleus,Secreted,Synapse	none	5|1	oneMulti
Q969E8	Q9BR61	none	Cytoplasm	1|1	bothSingle
Q02543	Q71UM5	Cytoplasm	none	1|1	bothSingle
P62750	Q59GN2	Cytoplasm,Nucleus	none	2|1	oneMulti
Q6P4F2	Q9Y536	Mitochondrion	Cytoplasm	1|1	bothSingle
Q9Y2U9	Q9Y574	Nucleus	none	1|1	bothSingle
A4D1F6	Q7Z7H3	none	Cell membrane,Cytoplasm,Cytoskeleton,Membrane,Nucleus	1|5	oneMulti
O00160	Q92882	none	Cytoplasm	1|1	bothSingle
Q8NF64	Q8TCT6	Nucleus	Endoplasmic reticulum,Golgi apparatus,Membrane	1|3	oneMulti
Q6EEV6	Q9HC62	none	Cytoplasm,Membrane,Nuclear pore complex,Nucleus	1|4	oneMulti
O95837	P49795	none	Membrane	1|1	bothSingle
P45880	Q13627	Membrane,Mitochondrion,Mitochondrion outer membrane	Nucleus	3|1	oneMulti
P20339	Q92696	Cell membrane,Cell projection,Cytoplasm,Cytoplasmic vesicle,Endosome,Membrane	none	6|1	oneMulti
P61077	Q5U5Q3	Cell membrane,Endosome,Membrane	Cytoplasm,Nucleus	3|2	bothMulti
A0A1W2PPL8	Q15543	none	Nucleus	1|1	bothSingle
Q8TF66	Q9UBU2	Cell membrane,Membrane	Secreted	2|1	oneMulti
P19876	Q15116	Secreted	Cell membrane,Membrane	1|2	oneMulti
O15027	Q96QS3	Cytoplasm,Endoplasmic reticulum,Golgi apparatus,Membrane,Microsome	Nucleus	5|1	oneMulti
P19387	P41091	DNA-directed RNA polymerase,Nucleus	Cytoplasm	2|1	oneMulti
O14931	P46379	Cell membrane,Membrane	Cytoplasm,Nucleus,Secreted	2|3	bothMulti
P22362	P51677	Secreted	Cell membrane,Membrane	1|2	oneMulti
Q8N9I9	Q96LR5	Cytoplasm	none	1|1	bothSingle
O60729	Q5MJ10	Nucleus	none	1|1	bothSingle
O95628	P61077	Cytoplasm,Nucleus	Cell membrane,Endosome,Membrane	2|3	bothMulti
P36873	Q9H7J1	Centromere,Chromosome,Cytoplasm,Cytoskeleton,Kinetochore,Mitochondrion,Nucleus	none	7|1	oneMulti
Q86U06	Q8WYQ3	Nucleus	Mitochondrion	1|1	bothSingle
P07949	Q9ULV8	Cell membrane,Endosome,Membrane	none	3|1	oneMulti
A0A1B0GVZ6	Q86YP4	none	Chromosome,Nucleus	1|2	oneMulti
P50876	P51668	Cell membrane,Cytoplasmic vesicle,Endoplasmic reticulum,Endosome,Membrane	Cytoplasm	5|1	oneMulti
Q00325	Q6NUN9	Membrane,Mitochondrion,Mitochondrion inner membrane	Cytoplasm,Nucleus	3|2	bothMulti
Q96AT9	Q9BRT3	none	Cell membrane,Cytoplasm,Membrane	1|3	oneMulti
Q71UM5	Q9HBI6	none	Endoplasmic reticulum,Membrane,Microsome	1|3	oneMulti
Q7L5Y6	Q92519	Nucleus	Cytoplasm,Cytoskeleton	1|2	oneMulti
Q5TAQ9	Q92990	Cytoplasm,Nucleus	none	2|1	oneMulti
P04839	P19878	Cell membrane,Membrane	Cytoplasm	2|1	oneMulti
P01568	Q08334	Secreted	Membrane	1|1	bothSingle
Q8WWQ0	Q9Y4H2	Nucleus	Cytoplasm	1|1	bothSingle
Q9NXS3	Q9P2G3	none	Cytoplasm,Endoplasmic reticulum,Membrane	1|3	oneMulti
P15880	Q9BRP1	Cytoplasm,Nucleus	none	2|1	oneMulti
O94826	O95793	Membrane,Mitochondrion,Mitochondrion outer membrane	Cytoplasm,Endoplasmic reticulum	3|2	bothMulti
Q96PL1	Q9C005	Secreted	Golgi apparatus,Nucleus	1|2	oneMulti
O60930	Q00059	Cytoplasm	Mitochondrion,Mitochondrion nucleoid	1|2	oneMulti
P30874	P78543	Cell membrane,Cytoplasm,Membrane	none	3|1	oneMulti
O95825	Q6ZMI0	none	Endosome	1|1	bothSingle
O43291	P35030	Cell membrane,Cytoplasm,Membrane	Secreted	3|1	oneMulti
O43837	O75874	Mitochondrion	Cytoplasm,Peroxisome	1|2	oneMulti
Q92574	Q9H3G5	Cytoplasm,Lysosome,Membrane	none	3|1	oneMulti
P05976	Q8WXR4	none	Cell projection,Cytoplasm,Cytoskeleton	1|3	oneMulti
P61077	Q9Y4X5	Cell membrane,Endosome,Membrane	Cytoplasm,Nucleus	3|2	bothMulti
P28329	Q9ULD4	none	Nucleus	1|1	bothSingle
Q8NCQ5	Q9UJT9	none	Cytoplasm,Cytoskeleton	1|2	oneMulti
P54868	Q01581	Mitochondrion	Cytoplasm	1|1	bothSingle
O15264	P10412	none	Chromosome,Nucleus	1|2	oneMulti
P60520	Q2T9L4	Cytoplasmic vesicle,Endoplasmic reticulum,Golgi apparatus,Membrane	Synapse	4|1	oneMulti
Q8IU57	Q8IZI9	Membrane	Secreted	1|1	bothSingle
P12829	Q8NEV4	none	Cell projection,Cytoplasm,Cytoskeleton	1|3	oneMulti
Q96GX2	Q96I25	Cytoplasm	Nucleus,Spliceosome	1|2	oneMulti
P29350	Q9H7E9	Cytoplasm,Nucleus	none	2|1	oneMulti
P60709	Q01518	Cytoplasm,Cytoskeleton,Nucleus	Cell membrane,Membrane	3|2	bothMulti
P17931	Q9Y3D2	Cytoplasm,Nucleus,Secreted,Spliceosome	Mitochondrion	4|1	oneMulti
Q6YP21	Q8N5Z0	none	Mitochondrion	1|1	bothSingle
Q15365	Q9UPU3	Cytoplasm,Nucleus	Membrane	2|1	oneMulti
O00220	Q13158	Cell membrane,Cytoplasm,Membrane	none	3|1	oneMulti
P98169	Q9Y2K6	Nucleus	Cytoplasm,Cytoskeleton,Endoplasmic reticulum	1|3	oneMulti
Q16667	Q96DY7	Cytoplasm	none	1|1	bothSingle
Q9HAY2	Q9NXX6	none	Chromosome,Nucleus,Telomere	1|3	oneMulti
P0DJD0	P62826	none	Cytoplasm,Nucleus	1|2	oneMulti
O60925	Q8IXL6	none	Endoplasmic reticulum,Golgi apparatus,Membrane,Secreted	1|4	oneMulti
Q8TB37	Q9Y5Y2	Mitochondrion	Cell projection,Cilium,Cytoplasm,Cytoskeleton,Nucleus	1|5	oneMulti
P49682	Q07325	Cell membrane,Membrane	Secreted	2|1	oneMulti
P52565	P84095	Cytoplasm	Cell membrane,Membrane	1|2	oneMulti
P10599	P37802	Cytoplasm,Nucleus,Secreted	none	3|1	oneMulti
O00230	Q96LB1	Secreted	Cell membrane,Membrane	1|2	oneMulti
O94813	P54764	Secreted	Cell junction,Cell membrane,Cell projection,Endosome,Membrane,Postsynaptic cell membrane,Synapse	1|7	oneMulti
O14832	O75925	Peroxisome	Cytoplasm,Cytoskeleton,Nucleus	1|3	oneMulti
Q8N7B6	Q96D15	none	Endoplasmic reticulum	1|1	bothSingle
Q13042	Q9H7N4	Cytoplasm,Cytoskeleton	Nucleus	2|1	oneMulti
P42166	Q9UGP8	Chromosome,Nucleus	Endoplasmic reticulum,Membrane	2|2	bothMulti
Q7Z6J8	Q9UKF6	Cytoplasm	Nucleus	1|1	bothSingle
O00308	P61077	Nucleus	Cell membrane,Endosome,Membrane	1|3	oneMulti
A0A075B6I7	A0A0A0MT99	Cell membrane,Immunoglobulin,Membrane,Secreted	none	4|1	oneMulti
Q9UIA0	Q9Y2L6	Cell membrane,Membrane	Cell junction,Cytoplasm,Cytoskeleton,Tight junction	2|4	bothMulti
O60516	Q8N5X7	Cytoplasm,Nucleus	none	2|1	oneMulti
Q13405	Q8NBR0	Mitochondrion	Cell membrane,Cytoplasm,Membrane	1|3	oneMulti
P61586	Q8TCX5	Cell membrane,Cell projection,Cytoplasm,Cytoskeleton,Membrane,Nucleus	none	6|1	oneMulti
O00237	P61088	Endoplasmic reticulum,Membrane	Cytoplasm,Nucleus	2|2	bothMulti
P62995	Q9BPZ3	Nucleus	Cytoplasm	1|1	bothSingle
O15212	Q9NUG6	none	Cytoplasm	1|1	bothSingle
Q15042	Q5T8D3	Cytoplasm,Endoplasmic reticulum	Membrane,Peroxisome	2|2	bothMulti
P46734	Q9Y2U5	none	Cytoplasm,Nucleus	1|2	oneMulti
Q8NB12	Q96JX3	Cytoplasm,Nucleus	Endoplasmic reticulum,Membrane,Mitochondrion	2|3	bothMulti
O15479	Q96D03	none	Cytoplasm	1|1	bothSingle
Q13576	Q2M1Z3	none	Cell junction,Cell projection	1|2	oneMulti
O60645	Q96KP1	Cell projection,Cytoplasm,Golgi apparatus	none	3|1	oneMulti
A0A1W2PPE2	P21675	none	Nucleus	1|1	bothSingle
P42677	Q6P5R6	Cytoplasm,Nucleus	none	2|1	oneMulti
Q9BU89	Q9HD15	none	Cytoplasm,Nucleus	1|2	oneMulti
O75493	Q14982	Secreted	Cell membrane,Membrane	1|2	oneMulti
P19447	Q2YD98	Nucleus	Chromosome	1|1	bothSingle
Q08357	Q7L7V1	Cell membrane,Membrane	Mitochondrion,Nucleus	2|2	bothMulti
A6NGE4	P78414	none	Nucleus	1|1	bothSingle
P35268	Q9BZE4	Cytoplasm	Nucleus	1|1	bothSingle
P02753	P49006	Secreted	Cell membrane,Cytoplasm,Cytoskeleton,Membrane	1|4	oneMulti
O60336	P23229	Cytoplasm,Cytoskeleton,Nucleus	Cell membrane,Membrane	3|2	bothMulti
O75031	Q3SX64	Chromosome,Cytoplasm	none	2|1	oneMulti
P05114	Q8N4P3	Cytoplasm,Nucleus	none	2|1	oneMulti
P10809	Q9BXB1	Mitochondrion	Cell membrane,Membrane	1|2	oneMulti
Q96S79	Q9Y3D5	Cell membrane,Membrane	Mitochondrion	2|1	oneMulti
P62993	Q96D71	Cytoplasm,Endosome,Golgi apparatus,Nucleus	Coated pit,Membrane	4|2	bothMulti
Q9UG01	Q9UM11	Cell projection,Cilium	Cytoplasm,Nucleus	2|2	bothMulti
O75473	Q6UXX9	Cell membrane,Golgi apparatus,Membrane	Secreted	3|1	oneMulti
Q6QNY0	Q8IYW4	Cytoplasm	none	1|1	bothSingle
P51965	Q9P0P0	Nucleus	none	1|1	bothSingle
O15235	Q96CT7	Mitochondrion	Cytoplasm,Cytoskeleton	1|2	oneMulti
P04632	Q9UMQ6	Cell membrane,Cytoplasm,Membrane	Cytoplasmic vesicle	3|1	oneMulti
P49588	P63146	Cytoplasm	Cell membrane,Membrane,Nucleus	1|3	oneMulti
Q9NZ63	Q9UBB4	Centromere,Chromosome,Nucleus,Spliceosome	Cytoplasm	4|1	oneMulti
Q96B01	Q9H967	Chromosome,Nucleus,Telomere	none	3|1	oneMulti
O00308	P62253	Nucleus	none	1|1	bothSingle
O95837	P57771	none	Cell membrane,Cell projection,Membrane,Nucleus	1|4	oneMulti
O60566	Q6DKK2	Centromere,Chromosome,Cytoplasm,Cytoskeleton,Kinetochore,Nucleus	Membrane,Mitochondrion,Mitochondrion inner membrane	6|3	bothMulti
P83859	Q16570	Secreted	Endosome,Membrane	1|2	oneMulti
P63279	Q9Y385	Cytoplasm,Nucleus	Endoplasmic reticulum,Membrane	2|2	bothMulti
Q6QEF8	Q9ULV4	none	Cell membrane,Cell projection,Cytoplasm,Cytoskeleton,Endosome,Membrane,Synapse	1|7	oneMulti
P55085	P78545	Cell membrane,Membrane	Cytoplasm,Nucleus	2|2	bothMulti
P04075	P09972	Cytoplasm	none	1|1	bothSingle
P42568	Q8NCB2	Chromosome,Nucleus	Cell membrane,Cytoplasmic vesicle,Membrane	2|3	bothMulti
Q5QP82	Q5TAQ9	none	Cytoplasm,Nucleus	1|2	oneMulti
Q96L08	Q99675	Cell membrane,Membrane	Endoplasmic reticulum,Nucleus	2|2	bothMulti
P30154	Q66LE6	none	Cytoplasm	1|1	bothSingle
P13693	P29692	Cytoplasm	Nucleus	1|1	bothSingle
Q32NB8	Q5TBB1	Mitochondrion	Nucleus	1|1	bothSingle
O15027	Q9UL15	Cytoplasm,Endoplasmic reticulum,Golgi apparatus,Membrane,Microsome	none	5|1	oneMulti
P58004	Q96S15	Cytoplasm	Lysosome,Membrane	1|2	oneMulti
O00459	Q5UE93	none	Cell membrane,Cytoplasm,Membrane	1|3	oneMulti
O60343	Q86TI0	Cytoplasm	Nucleus	1|1	bothSingle
P20674	Q10587	Membrane,Mitochondrion,Mitochondrion inner membrane	Nucleus	3|1	oneMulti
Q14119	Q86YR5	Nucleus	Cell membrane,Cytoplasm,Endoplasmic reticulum,Golgi apparatus,Membrane	1|5	oneMulti
P22695	P52272	Membrane,Mitochondrion,Mitochondrion inner membrane	Nucleus,Spliceosome	3|2	bothMulti
Q02750	Q96S96	Cytoplasm,Cytoskeleton,Membrane,Nucleus	Secreted	4|1	oneMulti
P15289	Q9H0I2	Endoplasmic reticulum,Lysosome	Cell projection,Cytoplasm,Cytoskeleton,Microtubule	2|4	bothMulti
Q99469	Q9NZQ3	Cell membrane,Cytoplasm,Membrane	Nucleus	3|1	oneMulti
P83111	Q9NRA2	Mitochondrion	Cell membrane,Cytoplasmic vesicle,Lysosome,Membrane,Synapse	1|5	oneMulti
A0A0G2JNQ3	Q92734	none	Endoplasmic reticulum	1|1	bothSingle
O14949	Q9C002	Membrane,Mitochondrion,Mitochondrion inner membrane	Nucleus	3|1	oneMulti
P61353	Q9Y221	Cytoplasm,Endoplasmic reticulum	Nucleus	2|1	oneMulti
Q9NWK9	Q9NWS0	none	Nucleus	1|1	bothSingle
O76014	Q8IUD2	Intermediate filament,Keratin	Cell membrane,Cell projection,Cytoplasm,Cytoskeleton,Golgi apparatus,Membrane,Synapse	2|7	bothMulti
Q4G0U5	Q9P1Z9	Cell projection,Cilium,Cytoplasm,Cytoskeleton	none	4|1	oneMulti
Q07020	Q9BXY0	Cytoplasm,Endoplasmic reticulum	Nucleus	2|1	oneMulti
Q96SD1	Q9Y6H3	Nucleus	none	1|1	bothSingle
Q8IU54	Q8IU57	Secreted	Membrane	1|1	bothSingle
P40939	Q15648	Membrane,Mitochondrion,Mitochondrion inner membrane	Nucleus	3|1	oneMulti
O75051	Q99985	Cell membrane,Membrane	Secreted	2|1	oneMulti
Q70EK9	Q9ULK2	Chromosome	none	1|1	bothSingle
P23458	P42229	Membrane	Cytoplasm,Nucleus	1|2	oneMulti
A6NGN9	Q7Z3B1	Secreted	Cell membrane,Membrane	1|2	oneMulti
P29017	P61769	Cell membrane,Endosome,Lysosome,Membrane	Amyloid,MHC I,Secreted	4|3	bothMulti
Q9H9P5	Q9UBI9	Cytoplasm,Nucleus	none	2|1	oneMulti
P18124	Q9Y2X3	Cytoplasm	Nucleus	1|1	bothSingle
Q14318	Q8WXR4	Membrane,Mitochondrion	Cell projection,Cytoplasm,Cytoskeleton	2|3	bothMulti
Q07325	Q9ULY5	Secreted	Cell membrane,Cell projection,Membrane	1|3	oneMulti
Q13351	Q8NEV1	Nucleus	none	1|1	bothSingle
Q3ZCW2	Q8WUA8	none	Secreted	1|1	bothSingle
P00167	P04179	Cytoplasm,Endoplasmic reticulum,Membrane,Microsome	Mitochondrion	4|1	oneMulti
Q00722	Q9NQ66	none	Cytoplasm,Membrane,Nucleus	1|3	oneMulti
Q17RN3	Q9Y3I0	none	Cytoplasm,Nucleus	1|2	oneMulti
P00533	Q99797	Cell membrane,Endoplasmic reticulum,Endosome,Golgi apparatus,Membrane,Nucleus,Secreted	Mitochondrion	7|1	oneMulti
O15382	P54687	Mitochondrion	Cytoplasm	1|1	bothSingle
P01567	Q08334	Secreted	Membrane	1|1	bothSingle
P27986	Q07666	none	Cytoplasm,Membrane,Nucleus	1|3	oneMulti
P08134	Q9NQW6	Cell membrane,Membrane	Cell projection,Cytoplasm,Cytoskeleton,Nucleus	2|4	bothMulti
P26992	Q9UBD9	Cell membrane,Membrane	Secreted	2|1	oneMulti
Q9P2I0	Q9P2P5	Nucleus	Cytoplasm,Cytoskeleton	1|2	oneMulti
Q86VX2	Q9H0A8	Cytoplasmic vesicle	Cytoplasm,Nucleus	1|2	oneMulti
Q15303	Q16825	Cell membrane,Membrane,Mitochondrion,Nucleus	Cytoplasm,Cytoskeleton	4|2	bothMulti
Q13387	Q8N461	Cytoplasm	none	1|1	bothSingle
A0A1W2PQ09	Q6SJ96	none	Cytoplasm,Nucleus	1|2	oneMulti
Q03701	Q07020	Nucleus	Cytoplasm,Endoplasmic reticulum	1|2	oneMulti
O75594	Q9H756	Secreted	Membrane	1|1	bothSingle
Q92520	Q9NQQ7	Cytoplasmic vesicle,Secreted	Golgi apparatus,Membrane	2|2	bothMulti
O75094	Q9HCK4	Secreted	Membrane	1|1	bothSingle
Q6PII3	Q8NHQ9	Nucleus	none	1|1	bothSingle
O15455	Q99836	Endoplasmic reticulum,Endosome,Membrane	Cytoplasm,Nucleus	3|2	bothMulti
Q13794	Q16548	Mitochondrion	Cytoplasm	1|1	bothSingle
P60520	Q96KQ7	Cytoplasmic vesicle,Endoplasmic reticulum,Golgi apparatus,Membrane	Chromosome,Nucleus	4|2	bothMulti
P55884	Q86YP4	Cytoplasm	Chromosome,Nucleus	1|2	oneMulti
Q8N8Z8	Q9BUD6	Nucleus	Extracellular matrix,Secreted	1|2	oneMulti
Q4G0X9	Q96JM4	Cell projection,Cilium,Cytoplasm	none	3|1	oneMulti
P08590	Q6PIF6	none	Cell projection,Cytoplasm,Cytoskeleton	1|3	oneMulti
Q3SXY7	Q6GPH4	Cell projection,Endoplasmic reticulum,Membrane	Cytoplasm,Mitochondrion,Nucleus	3|3	bothMulti
Q71UM5	Q9UI95	none	Chromosome,Cytoplasm,Cytoskeleton,Nucleus	1|4	oneMulti
P41252	Q96GW9	Cytoplasm	Mitochondrion	1|1	bothSingle
P49643	Q15054	Primosome	Cytoplasm,Nucleus	1|2	oneMulti
P08833	P61073	Secreted	Cell junction,Cell membrane,Endosome,Lysosome,Membrane	1|5	oneMulti
Q07890	Q9Y6N7	none	Cell membrane,Cell projection,Membrane	1|3	oneMulti
O95835	Q9H8S9	Cytoplasm,Cytoskeleton	none	2|1	oneMulti
P19087	P41220	Cell projection	Cell membrane,Cytoplasm,Membrane,Mitochondrion,Nucleus	1|5	oneMulti
P22681	P52735	Cell membrane,Cell projection,Cytoplasm,Golgi apparatus,Membrane	none	5|1	oneMulti
Q96GA7	Q99489	none	Cytoplasm,Peroxisome	1|2	oneMulti
P53041	Q9HCN8	Amyloid,Cell membrane,Cytoplasm,Membrane,Nucleus	Endoplasmic reticulum	5|1	oneMulti
Q6P9H4	Q9BYL1	Cell membrane,Cytoplasm,Membrane	none	3|1	oneMulti
P24941	P63208	Cytoplasm,Cytoskeleton,Endosome,Nucleus	none	4|1	oneMulti
Q9P1W9	Q9Y2W7	none	Cell membrane,Cytoplasm,Endoplasmic reticulum,Golgi apparatus,Membrane,Nucleus	1|6	oneMulti
O00488	Q92901	Cytoplasm,Nucleus	none	2|1	oneMulti
Q96GE6	Q9UII2	Cell projection	Mitochondrion	1|1	bothSingle
A0A1W2PPW3	P21675	none	Nucleus	1|1	bothSingle
P42263	Q8IXF0	Cell membrane,Membrane,Postsynaptic cell membrane,Synapse	Nucleus	4|1	oneMulti
P37235	P80192	Membrane	none	1|1	bothSingle
O94889	O95429	none	Cytoplasm	1|1	bothSingle
P23588	Q9H074	none	Cytoplasm	1|1	bothSingle
O75157	Q8NHW3	none	Nucleus	1|1	bothSingle
B4E2M5	P01178	none	Secreted	1|1	bothSingle
O15335	Q02846	Extracellular matrix,Secreted	Cell projection,Endoplasmic reticulum,Membrane	2|3	bothMulti
P08069	P49023	Cell membrane,Membrane	Cell junction,Cytoplasm,Cytoskeleton	2|3	bothMulti
Q99549	Q9Y3U8	Chromosome,Nucleus	Cytoplasm	2|1	oneMulti
O95295	Q16890	Cytoplasm,Cytoplasmic vesicle,Golgi apparatus,Lysosome,Membrane,Synapse	none	6|1	oneMulti
A6NNY8	Q9ULK2	Cytoplasm,Nucleus	none	2|1	oneMulti
Q4G0W2	Q8TAC2	none	Cytoplasm	1|1	bothSingle
O94813	Q01973	Secreted	Cell projection,Membrane	1|2	oneMulti
Q8IZD4	Q92636	Cytoplasm,Nucleus	none	2|1	oneMulti
O95968	Q9NZT1	Secreted	none	1|1	bothSingle
O15480	Q8N140	none	Chromosome,Cytoplasm,Nucleus,Telomere	1|4	oneMulti
P49366	Q9GZV4	none	Cytoplasm,Endoplasmic reticulum,Membrane,Nucleus	1|4	oneMulti
Q5VSL9	Q8NBJ5	Cytoplasm	Endoplasmic reticulum	1|1	bothSingle
Q08050	Q9UKC9	Nucleus	Membrane	1|1	bothSingle
P23434	Q16621	Mitochondrion	Cytoplasm,Nucleus	1|2	oneMulti
Q71UM5	Q9H8H0	none	Nucleus	1|1	bothSingle
P03956	P25025	Extracellular matrix,Secreted	Cell membrane,Membrane	2|2	bothMulti
Q494V2	Q96M95	Cell projection,Cilium,Cytoplasm,Cytoskeleton	none	4|1	oneMulti
O60260	Q96LR5	Cell projection,Cytoplasm,Endoplasmic reticulum,Membrane,Mitochondrion,Mitochondrion outer membrane,Nucleus,Synapse	none	8|1	oneMulti
Q3SY56	Q6TFL4	Nucleus	Cell junction,Cell projection,Cytoplasm	1|3	oneMulti
Q5TZF3	Q9P0M9	Cytoplasm	Mitochondrion	1|1	bothSingle
Q96A32	Q9UKX3	none	Cytoplasm,Thick filament	1|2	oneMulti
P17301	Q07092	Membrane	Extracellular matrix,Secreted	1|2	oneMulti
P68431	Q9Y3B9	Chromosome,Nucleosome core,Nucleus	none	3|1	oneMulti
P26715	Q16552	Cell membrane,Membrane	Secreted	2|1	oneMulti
P46934	P62837	Cell membrane,Cytoplasm,Membrane,Nucleus	none	4|1	oneMulti
O15442	Q8N3J6	none	Cell membrane,Cell projection,Membrane,Synapse	1|4	oneMulti
Q6DKI1	Q9BT43	none	Nucleus	1|1	bothSingle
P18621	Q9BZE4	Cytoplasm	Nucleus	1|1	bothSingle
Q9ULK2	Q9UPT9	none	Nucleus	1|1	bothSingle
P41221	Q14332	Extracellular matrix,Secreted	Cell membrane,Membrane	2|2	bothMulti
Q6IQ55	Q8N3P4	Cell projection,Cilium,Cytoplasm,Cytoskeleton,Nucleus	Endosome	5|1	oneMulti
P00533	P10398	Cell membrane,Endoplasmic reticulum,Endosome,Golgi apparatus,Membrane,Nucleus,Secreted	none	7|1	oneMulti
A6NDB9	Q8IYD8	Cell membrane,Cytoplasm,Membrane	Nucleus	3|1	oneMulti
P0CG39	P31146	none	Cytoplasm,Cytoplasmic vesicle,Cytoskeleton,Membrane	1|4	oneMulti
P13385	Q6VN20	Cell membrane,Membrane,Secreted	Cytoplasm,Nucleus	3|2	bothMulti
P23786	Q9Y5Q9	Membrane,Mitochondrion,Mitochondrion inner membrane	Nucleus	3|1	oneMulti
P35557	Q99062	Cytoplasm,Mitochondrion,Nucleus	Cell membrane,Membrane,Secreted	3|3	bothMulti
P52198	P52566	Cytoplasmic vesicle,Membrane	Cytoplasm	2|1	oneMulti
Q15051	Q96KN7	Cytoplasm,Cytoskeleton	Cell projection,Cilium	2|2	bothMulti
Q8NA92	Q9BR76	none	Cytoplasm,Cytoskeleton	1|2	oneMulti
P62891	Q9BZE4	Cytoplasm	Nucleus	1|1	bothSingle
O15355	Q16654	Cytoplasm,Membrane	Mitochondrion	2|1	oneMulti
Q15369	Q96DX5	Nucleus	Mitochondrion	1|1	bothSingle
O75385	Q8IYT8	Cytoplasm	Cytoplasmic vesicle,Membrane	1|2	oneMulti
Q04917	Q9H6H4	none	Endoplasmic reticulum,Membrane,Microtubule	1|3	oneMulti
P78317	Q9Y2X8	Cytoplasm,Nucleus	none	2|1	oneMulti
O43414	O75616	none	Membrane,Mitochondrion,Mitochondrion inner membrane	1|3	oneMulti
P01116	Q9BXI6	Cell membrane,Cytoplasm,Membrane	Cell projection	3|1	oneMulti
P62136	Q86WC6	Cytoplasm,Nucleus	none	2|1	oneMulti
O75093	Q96MS0	Secreted	Membrane	1|1	bothSingle
Q13795	Q8N336	Golgi apparatus	none	1|1	bothSingle
Q86VI1	Q96KP1	Cytoplasmic vesicle	none	1|1	bothSingle
O75078	Q9UM19	Cell membrane,Cell projection,Membrane,Synapse	none	4|1	oneMulti
P61020	Q8IV53	Cell membrane,Endosome,Membrane	Cytoplasm,Cytoplasmic vesicle	3|2	bothMulti
Q13683	Q9C0K7	Membrane	Cytoplasm,Nucleus	1|2	oneMulti
O95711	P36888	Secreted	Endoplasmic reticulum,Membrane	1|2	oneMulti
A8MVU1	P13498	Cytoplasm	Cell membrane,Membrane	1|2	oneMulti
Q5JSS6	Q86V81	none	Cytoplasm,Nucleus,Spliceosome	1|3	oneMulti
Q92576	Q96ST3	none	Nucleus	1|1	bothSingle
O96020	Q96GY3	Nucleus	none	1|1	bothSingle
P22674	Q9UJF2	Cytoplasm,Nucleus	none	2|1	oneMulti
O75879	P00533	Mitochondrion	Cell membrane,Endoplasmic reticulum,Endosome,Golgi apparatus,Membrane,Nucleus,Secreted	1|7	oneMulti
O15541	Q8IZP6	Nucleus,Spliceosome	none	2|1	oneMulti
Q12846	Q15833	Cell membrane,Cell projection,Membrane	none	3|1	oneMulti
Q6PB30	Q8NFD5	Cytoplasm,Cytoskeleton	Nucleus	2|1	oneMulti
A0A0A0MT99	P01721	none	Cell membrane,Immunoglobulin,Membrane,Secreted	1|4	oneMulti
P27469	Q8TCD1	Mitochondrion	Endoplasmic reticulum,Lipid droplet	1|2	oneMulti
P62837	Q9P2P5	none	Cytoplasm,Cytoskeleton	1|2	oneMulti
P54725	Q96S82	Nucleus,Proteasome	none	2|1	oneMulti
P24534	Q5VTE0	none	Cytoplasm	1|1	bothSingle
O43559	Q3SY00	Membrane	none	1|1	bothSingle
Q400G9	Q8N4Q0	none	Peroxisome	1|1	bothSingle
P54136	Q6UX04	Cytoplasm	Nucleus	1|1	bothSingle
O95817	P0DPD6	Cytoplasm,Nucleus	Cytoplasmic vesicle,Golgi apparatus,Membrane	2|3	bothMulti
Q6NVH7	Q9Y6H3	Nucleus	none	1|1	bothSingle
P49902	Q9Y5Q9	Cytoplasm	Nucleus	1|1	bothSingle
P00736	Q9Y279	Secreted	Membrane	1|1	bothSingle
Q13619	Q6PH85	none	Cytoplasm,Nucleus	1|2	oneMulti
P41221	Q13467	Extracellular matrix,Secreted	Cell membrane,Cell projection,Golgi apparatus,Membrane,Synapse	2|5	bothMulti
O14498	Q8N1F8	Secreted	Cytoplasm	1|1	bothSingle
P40123	Q8TDG2	Cell membrane,Membrane	Cytoplasm,Cytoskeleton,Nucleus	2|3	bothMulti
P62841	Q96T21	Cytoplasm	Mitochondrion,Nucleus	1|2	oneMulti
Q13233	Q9P0J1	none	Mitochondrion	1|1	bothSingle
P51553	P52292	Mitochondrion	Cytoplasm,Endoplasmic reticulum,Golgi apparatus,Membrane,Nucleus	1|5	oneMulti
P56937	Q8N945	Endoplasmic reticulum,Membrane	none	2|1	oneMulti
A8MTJ3	P49795	Cytoplasm	Membrane	1|1	bothSingle
Q53LP3	Q9UGI8	none	Cell junction,Cytoplasm	1|2	oneMulti
Q86VI1	Q9Y2D4	Cytoplasmic vesicle	none	1|1	bothSingle
P51810	Q92902	Cell membrane,Lysosome,Membrane	none	3|1	oneMulti
Q8NBZ0	Q8NDC4	Nucleus	Cell projection,Cytoplasm	1|2	oneMulti
O75369	P05556	Cytoplasm,Cytoskeleton	Cell junction,Cell membrane,Cell projection,Endosome,Membrane	2|5	bothMulti
Q9NXS3	Q9Y573	none	Cytoplasm,Cytoskeleton	1|2	oneMulti
Q8NHS9	Q9UL33	Chromosome	Cytoplasm,Endoplasmic reticulum,Golgi apparatus	1|3	oneMulti
O94887	P41002	none	Cytoplasm,Cytoskeleton,Nucleus	1|3	oneMulti
Q8TDZ2	Q9NTG7	Cytoplasm,Cytoskeleton,Endosome,Membrane	Mitochondrion	4|1	oneMulti
P35236	Q10713	Cytoplasm,Cytoskeleton	Membrane,Mitochondrion,Mitochondrion inner membrane	2|3	bothMulti
A6NFY7	Q6B0K9	Mitochondrion	none	1|1	bothSingle
O95456	Q969U7	Cytoplasm,Endoplasmic reticulum	Nucleus	2|1	oneMulti
Q8TC07	Q9Y3D6	Cytoplasm	Membrane,Mitochondrion,Mitochondrion outer membrane,Peroxisome	1|4	oneMulti
Q9GZX6	Q9UHF4	Secreted	Membrane	1|1	bothSingle
P36578	Q96IR2	Cytoplasm	Nucleus	1|1	bothSingle
Q8NCA5	Q92499	none	Cytoplasm,Mitochondrion,Nucleus	1|3	oneMulti
A0A087WTH5	P18827	none	Membrane,Secreted	1|2	oneMulti
P61026	Q9NU19	Cell projection,Cytoplasm,Cytoplasmic vesicle,Cytoskeleton,Endoplasmic reticulum,Endosome,Golgi apparatus,Membrane	none	8|1	oneMulti
Q86UZ6	Q9Y575	Nucleus	none	1|1	bothSingle
P50221	Q96Q77	Cytoplasm,Nucleus	none	2|1	oneMulti
P51668	Q5T0T0	Cytoplasm	Cytoplasmic vesicle,Endoplasmic reticulum,Endosome,Golgi apparatus,Lysosome,Membrane	1|6	oneMulti
Q5BKU9	Q9NQE9	none	Cytoplasm,Nucleus	1|2	oneMulti
P35268	Q8IYU4	Cytoplasm	none	1|1	bothSingle
Q8IVS8	Q9BYM8	Cytoplasm,Mitochondrion	none	2|1	oneMulti
P61313	Q13610	Cytoplasm	Chromosome,Nucleus	1|2	oneMulti
Q9H9S4	Q9P289	none	Cytoplasm,Golgi apparatus	1|2	oneMulti
Q6ZN54	Q6ZWE6	none	Cell membrane,Cytoplasm,Golgi apparatus,Membrane	1|4	oneMulti
P61081	P63027	none	Cell membrane,Cytoplasmic vesicle,Membrane,Synapse	1|4	oneMulti
B7ZBB8	P36873	none	Centromere,Chromosome,Cytoplasm,Cytoskeleton,Kinetochore,Mitochondrion,Nucleus	1|7	oneMulti
Q13255	Q8N475	Cell membrane,Membrane	Secreted	2|1	oneMulti
A1XBS5	A6NI87	Cell projection,Cytoplasm,Cytoskeleton,Membrane,Mitochondrion,Mitochondrion inner membrane,Nucleus	none	7|1	oneMulti
Q16763	Q9BS18	none	Nucleus	1|1	bothSingle
Q13887	Q86V86	Nucleus	Cytoplasm	1|1	bothSingle
Q13564	Q8TBC4	Cell membrane,Membrane	none	2|1	oneMulti
P60510	Q9UIC8	Cytoplasm,Cytoskeleton,Nucleus	none	3|1	oneMulti
P62891	Q9UNX3	Cytoplasm	none	1|1	bothSingle
O43281	Q8N5H7	none	Cell membrane,Cell projection,Cytoplasm,Membrane	1|4	oneMulti
Q58WW2	Q5QP82	Nucleus	none	1|1	bothSingle
Q8IWF2	Q9NX20	Endoplasmic reticulum	Mitochondrion	1|1	bothSingle
O95881	P25325	Endoplasmic reticulum	Cytoplasm,Mitochondrion,Synapse,Synaptosome	1|4	oneMulti
O60602	P17931	Cell membrane,Membrane	Cytoplasm,Nucleus,Secreted,Spliceosome	2|4	bothMulti
O60313	Q9NWU2	Membrane,Mitochondrion,Mitochondrion inner membrane	Cytoplasm,Nucleus	3|2	bothMulti
Q07890	Q86VK4	none	Chromosome,Nucleus	1|2	oneMulti
Q5VTB9	Q86VZ2	Cytoplasm,Nucleus	none	2|1	oneMulti
O43583	P52294	none	Cytoplasm,Nucleus	1|2	oneMulti
Q14129	Q9NR12	Nucleus	Cytoplasm,Cytoskeleton	1|2	oneMulti
Q70EK8	Q8TEY7	Cell junction,Tight junction	Cytoplasm,Cytoskeleton,Golgi apparatus	2|3	bothMulti
P62253	Q96J02	none	Cell membrane,Cytoplasm,Endosome,Membrane,Nucleus	1|5	oneMulti
Q12866	Q96SZ5	Cell membrane,Membrane	none	2|1	oneMulti
P22612	Q9UMX1	none	Cytoplasm,Nucleus	1|2	oneMulti
O75379	Q9ULV0	Golgi apparatus,Membrane	Cytoplasm	2|1	oneMulti
Q99459	Q9NW82	Cytoplasm,Nucleus,Spliceosome	none	3|1	oneMulti
Q8TDQ7	Q9Y303	Cytoplasm	none	1|1	bothSingle
Q14213	Q6UWB1	Secreted	Membrane	1|1	bothSingle
O95678	Q08379	Intermediate filament,Keratin	Cytoplasm,Cytoskeleton,Golgi apparatus,Membrane,Microtubule	2|5	bothMulti
P51677	P80075	Cell membrane,Membrane	Secreted	2|1	oneMulti
Q9Y2X8	Q9Y3C5	none	Cytoplasm,Endosome,Nucleus	1|3	oneMulti
A0A1W2PQ09	Q8IZX4	none	Nucleus	1|1	bothSingle
Q9HAF1	Q9NQC1	Centromere,Chromosome,Kinetochore,Nucleus	none	4|1	oneMulti
P56597	Q96IM9	Cell projection,Cilium,Cytoplasm,Cytoskeleton,Flagellum	none	5|1	oneMulti
Q05D32	Q9Y6Q9	none	Cytoplasm,Nucleus	1|2	oneMulti
Q07890	Q8IZP0	none	Cell projection,Cytoplasm,Cytoskeleton,Nucleus,Synapse	1|5	oneMulti
Q13627	Q96FJ2	Nucleus	Cytoplasm,Cytoskeleton,Dynein,Microtubule	1|4	oneMulti
Q05D32	Q15059	none	Chromosome,Nucleus	1|2	oneMulti
Q7RTX0	Q8N427	Cell membrane,Membrane	Cytoplasm	2|1	oneMulti
P51668	Q9H9V4	Cytoplasm	Endoplasmic reticulum,Golgi apparatus,Membrane	1|3	oneMulti
Q6N069	Q9GZZ1	none	Cytoplasm,Nucleus	1|2	oneMulti
P11686	Q13113	Secreted,Surface film	Membrane	2|1	oneMulti
P82673	Q9NVX0	Mitochondrion	Cytoplasm,Cytoskeleton,Microtubule	1|3	oneMulti
O95644	P13995	Cytoplasm,Nucleus	Mitochondrion	2|1	oneMulti
P60660	Q9UII2	none	Mitochondrion	1|1	bothSingle
P61077	Q9NWF9	Cell membrane,Endosome,Membrane	Cytoplasm,Cytoplasmic vesicle	3|2	bothMulti
P31994	Q14116	Cell membrane,Membrane	Cytoplasm,Secreted	2|2	bothMulti
P51677	P80098	Cell membrane,Membrane	Secreted	2|1	oneMulti
O95817	Q9HBX8	Cytoplasm,Nucleus	Cell membrane,Membrane	2|2	bothMulti
P22362	P51685	Secreted	Cell membrane,Membrane	1|2	oneMulti
P51148	Q92696	Cell membrane,Endosome,Membrane	none	3|1	oneMulti
Q13472	Q8IYD8	Mitochondrion	Nucleus	1|1	bothSingle
O75901	Q02833	Endosome	Cytoplasm,Cytoskeleton	1|2	oneMulti
O43172	P27816	Nucleus,Spliceosome	Cytoplasm,Cytoskeleton,Microtubule	2|3	bothMulti
Q9H0E9	Q9HCI7	Nucleus	none	1|1	bothSingle
P0C0E4	Q15369	Cytoplasm,Membrane,Mitochondrion	Nucleus	3|1	oneMulti
Q8N336	Q96BM9	none	Cell projection,Cytoplasm,Cytoskeleton,Endosome,Lysosome,Membrane,Synapse	1|7	oneMulti
Q15746	Q9BQI5	Cell projection,Cytoplasm,Cytoskeleton	Coated pit,Membrane	3|2	bothMulti
Q9NWS1	Q9Y575	Cytoplasm,Nucleus	none	2|1	oneMulti
Q86VZ2	Q9P0U4	none	Nucleus	1|1	bothSingle
Q9BQ75	Q9UNX4	none	Nucleus	1|1	bothSingle
Q96NS1	Q9UKC9	Nucleus	Membrane	1|1	bothSingle
Q96M69	Q9ULG3	Cell projection,Cytoplasm,Cytoplasmic vesicle,Cytoskeleton	none	4|1	oneMulti
O14792	O95153	Golgi apparatus	Cytoplasm,Mitochondrion	1|2	oneMulti
P00492	P21860	Cytoplasm	Cell membrane,Membrane,Secreted	1|3	oneMulti
O43150	P16401	Cell membrane,Cytoplasm,Golgi apparatus,Membrane	Chromosome,Nucleus	4|2	bothMulti
P17655	Q9BQ24	Cell membrane,Cytoplasm,Membrane	Cell junction,Cytoplasmic vesicle,Endosome	3|3	bothMulti
P49754	Q92636	Cytoplasm,Cytoplasmic vesicle,Endosome,Golgi apparatus,Lysosome,Membrane	none	6|1	oneMulti
P42575	Q00987	none	Cytoplasm,Nucleus	1|2	oneMulti
P09497	Q96F86	Coated pit,Cytoplasmic vesicle,Membrane	Cytoplasm	3|1	oneMulti
O60264	Q12965	Chromosome,Nucleus	Cell junction,Cytoplasm,Cytoplasmic vesicle,Cytoskeleton	2|4	bothMulti
Q02878	Q9BXY0	Cytoplasm,Endoplasmic reticulum	Nucleus	2|1	oneMulti
O95273	Q8NHW5	Cytoplasm,Nucleus	none	2|1	oneMulti
Q8NF99	Q96JS3	Cytoplasm,Nucleus	none	2|1	oneMulti
Q8WWF5	Q96B02	Endoplasmic reticulum,Membrane	Nucleus	2|1	oneMulti
Q8IWT0	Q9Y3I0	none	Cytoplasm,Nucleus	1|2	oneMulti
P61968	Q96CA5	none	Cytoplasm,Golgi apparatus,Nucleus	1|3	oneMulti
P61601	Q9P0K9	none	Cell membrane,Membrane,Synapse	1|3	oneMulti
Q13616	Q6PH85	none	Cytoplasm,Nucleus	1|2	oneMulti
O15519	P29466	none	Cell membrane,Cytoplasm,Membrane	1|3	oneMulti
O60812	Q9UII2	Nucleus	Mitochondrion	1|1	bothSingle
Q8NA56	Q9H0C1	Cell projection,Cilium,Cytoplasm,Cytoskeleton,Flagellum	none	5|1	oneMulti
O60336	Q13683	Cytoplasm,Cytoskeleton,Nucleus	Membrane	3|1	oneMulti
P12724	P13489	Secreted	Cytoplasm	1|1	bothSingle
A1KZ92	P46100	Cell membrane,Cytoplasm,Endoplasmic reticulum,Membrane,Secreted	Chromosome,Nucleus,Telomere	5|3	bothMulti
Q96GE6	Q9HDC5	Cell projection	Cell membrane,Endoplasmic reticulum,Membrane,Sarcoplasmic reticulum	1|4	oneMulti
Q9H9S4	Q9Y6E0	none	Cytoplasm,Membrane,Nucleus	1|3	oneMulti
Q8IVV7	Q96S59	none	Cell membrane,Cytoplasm,Membrane,Nucleus	1|4	oneMulti
O14578	Q16891	Cytoplasm	Membrane,Mitochondrion,Mitochondrion inner membrane	1|3	oneMulti
P54725	Q96IV0	Nucleus,Proteasome	Cytoplasm	2|1	oneMulti
O14931	P17931	Cell membrane,Membrane	Cytoplasm,Nucleus,Secreted,Spliceosome	2|4	bothMulti
Q15208	Q86TA1	Cytoplasm,Nucleus	none	2|1	oneMulti
Q14865	Q6PH81	Nucleus	none	1|1	bothSingle
O14561	Q5VVC0	Mitochondrion	Chromosome	1|1	bothSingle
P41587	Q7Z4Q2	Cell membrane,Membrane	none	2|1	oneMulti
Q8WUD4	Q9ULR0	none	Nucleus,Spliceosome	1|2	oneMulti
P84098	Q71UM5	Cytoplasm	none	1|1	bothSingle
P61619	Q9UNX3	Endoplasmic reticulum,Membrane	none	2|1	oneMulti
Q96T53	Q9UBU3	Endoplasmic reticulum,Membrane	Secreted	2|1	oneMulti
P61927	Q59GN2	Cytoplasm	none	1|1	bothSingle
P53701	Q5BKU9	Membrane,Mitochondrion,Mitochondrion inner membrane	none	3|1	oneMulti
Q5TZF3	Q9NZL4	Cytoplasm	none	1|1	bothSingle
Q8N8R7	Q96T68	Cytoplasm	Chromosome,Nucleus	1|2	oneMulti
Q8NBR0	Q9NX20	Cell membrane,Cytoplasm,Membrane	Mitochondrion	3|1	oneMulti
P0DJI8	Q00978	Amyloid,HDL,Secreted	Cytoplasm,Nucleus	3|2	bothMulti
A0A2R8Y422	Q12888	none	Centromere,Chromosome,Kinetochore,Nucleus	1|4	oneMulti
P19105	Q9UKX3	none	Cytoplasm,Thick filament	1|2	oneMulti
P51911	P68133	none	Cytoplasm,Cytoskeleton	1|2	oneMulti
Q8N2M8	Q9NYS7	Nucleus	none	1|1	bothSingle
P78364	Q13042	Nucleus	Cytoplasm,Cytoskeleton	1|2	oneMulti
Q6Y7W6	Q9UFF9	none	Cytoplasm,Nucleus	1|2	oneMulti
P26641	P68104	none	Cell membrane,Cytoplasm,Membrane,Nucleus	1|4	oneMulti
P04626	Q9UQQ2	Cell membrane,Cell projection,Cytoplasm,Endosome,Membrane,Nucleus	none	6|1	oneMulti
Q14966	Q96KV7	Nucleus	Cytoplasm,Cytoskeleton	1|2	oneMulti
P14649	Q53H80	none	Cytoplasm,Membrane,Nucleus	1|3	oneMulti
P04792	Q8NBJ7	Cytoplasm,Cytoskeleton,Nucleus	Endoplasmic reticulum	3|1	oneMulti
O60671	Q8NHY5	Nucleus	none	1|1	bothSingle
Q86SK9	Q9NSA1	Endoplasmic reticulum,Membrane	Secreted	2|1	oneMulti
Q92696	Q96AH8	none	Cytoplasmic vesicle,Endosome,Golgi apparatus,Lysosome,Membrane	1|5	oneMulti
O43295	Q13464	none	Cell membrane,Cell projection,Cytoplasm,Cytoskeleton,Golgi apparatus,Membrane	1|6	oneMulti
P22459	P26641	Cell membrane,Cell projection,Membrane	none	3|1	oneMulti
O43143	Q8N954	Nucleus	Centromere,Chromosome,Kinetochore	1|3	oneMulti
O76015	Q8IUD2	Intermediate filament,Keratin	Cell membrane,Cell projection,Cytoplasm,Cytoskeleton,Golgi apparatus,Membrane,Synapse	2|7	bothMulti
Q86YV9	Q92902	Cytoplasm,Endoplasmic reticulum,Endosome,Lysosome,Membrane,Microsome	none	6|1	oneMulti
P08708	Q71UM5	Cytoplasm,Nucleus	none	2|1	oneMulti
Q3KP44	Q8N4P2	none	Cell projection,Cilium	1|2	oneMulti
Q13042	Q9Y2X9	Cytoplasm,Cytoskeleton	Nucleus	2|1	oneMulti
P09234	Q8WVJ2	Nucleus	Centromere,Chromosome,Cytoplasm,Cytoskeleton,Kinetochore	1|5	oneMulti
O15355	Q96RU8	Cytoplasm,Membrane	none	2|1	oneMulti
P02792	Q8N4E7	none	Mitochondrion	1|1	bothSingle
O75444	P15498	Nucleus	none	1|1	bothSingle
Q02809	Q9P218	Endoplasmic reticulum,Membrane	Secreted	2|1	oneMulti
Q6DKK2	Q8N1D0	Membrane,Mitochondrion,Mitochondrion inner membrane	none	3|1	oneMulti
P23434	Q9BY49	Mitochondrion	Peroxisome	1|1	bothSingle
Q6PJ21	Q92834	none	Cell projection,Cilium,Cytoplasm,Cytoskeleton,Flagellum,Golgi apparatus	1|6	oneMulti
O14815	P04632	none	Cell membrane,Cytoplasm,Membrane	1|3	oneMulti
P62837	Q9HAU4	none	Cell membrane,Cytoplasm,Membrane,Nucleus	1|4	oneMulti
Q2KHT3	Q9H4P4	Endosome,Lysosome,Membrane	none	3|1	oneMulti
Q5JR12	Q96MI6	none	Nucleus	1|1	bothSingle
Q8N126	Q8N145	Cell junction,Cell membrane,Membrane	Cell projection,Cytoplasmic vesicle,Secreted,Synapse,Synaptosome	3|5	bothMulti
P36578	Q14684	Cytoplasm	Chromosome,Nucleus	1|2	oneMulti
P47813	Q9NY12	Cytoplasm	Nucleus	1|1	bothSingle
O75056	P21246	Cell membrane,Membrane	Secreted	2|1	oneMulti
O75525	Q92608	Nucleus	Cytoplasm,Cytoskeleton,Membrane	1|3	oneMulti
P61088	Q15819	Cytoplasm,Nucleus	none	2|1	oneMulti
O75094	Q96MS0	Secreted	Membrane	1|1	bothSingle
Q8NA92	Q9UBB9	none	Cytoplasm,Nucleus,Spliceosome	1|3	oneMulti
P51808	Q8N7M0	Centromere,Chromosome,Cytoplasm,Cytoskeleton,Dynein,Kinetochore,Microtubule,Nucleus	none	8|1	oneMulti
P20674	P49715	Membrane,Mitochondrion,Mitochondrion inner membrane	Nucleus	3|1	oneMulti
Q86Y01	Q9Y2X8	Cytoplasm,Nucleus	none	2|1	oneMulti
Q15327	Q96H55	Nucleus	Cytoplasm,Cytoskeleton,Membrane,Mitochondrion,Mitochondrion outer membrane	1|5	oneMulti
O60939	Q9Y2D4	Membrane	none	1|1	bothSingle
O43684	Q15056	Centromere,Chromosome,Kinetochore,Nucleus	Cytoplasm	4|1	oneMulti
P07225	Q06418	Secreted	Cell membrane,Membrane	1|2	oneMulti
O60264	Q8NC96	Chromosome,Nucleus	Cell membrane,Cytoplasmic vesicle,Membrane	2|3	bothMulti
O14561	Q8NHS0	Mitochondrion	none	1|1	bothSingle
O00469	P20908	Endoplasmic reticulum,Membrane	Extracellular matrix,Secreted	2|2	bothMulti
O75147	Q9P283	Cytoplasm,Cytoskeleton,Golgi apparatus	Membrane	3|1	oneMulti
O43617	P0DI81	Endoplasmic reticulum,Golgi apparatus	Cytoplasm,Nucleus	2|2	bothMulti
P49411	Q9C086	Mitochondrion	Nucleus	1|1	bothSingle
Q8IVS2	Q9NZL9	Mitochondrion	none	1|1	bothSingle
B9A064	Q9UKI3	Secreted	none	1|1	bothSingle
P36897	Q9Y4K3	Cell junction,Cell membrane,Membrane,Tight junction	Cytoplasm,Lipid droplet,Nucleus	4|3	bothMulti
A6NIE6	Q3B726	none	DNA-directed RNA polymerase,Nucleus	1|2	oneMulti
P30154	Q13362	none	Centromere,Chromosome,Nucleus	1|3	oneMulti
P61604	Q5VVH2	Mitochondrion	none	1|1	bothSingle
O94813	O95490	Secreted	Membrane	1|1	bothSingle
O00623	P43378	Membrane,Peroxisome	Cytoplasm	2|1	oneMulti
O43583	Q9ULC4	none	Cytoplasm	1|1	bothSingle
O00499	Q07890	Cell membrane,Cytoplasm,Endosome,Membrane,Nucleus	none	5|1	oneMulti
Q8N831	Q9H2G4	none	Cytoplasm,Nucleus	1|2	oneMulti
O75344	Q587J7	Cytoplasm,Nucleus	none	2|1	oneMulti
Q7Z2D5	Q96AX9	Cell membrane,Membrane,Postsynaptic cell membrane,Synapse	Cytoplasm,Endosome	4|2	bothMulti
Q8WUD4	Q9UMS4	none	Cytoplasm,Cytoskeleton,Lipid droplet,Nucleus,Spliceosome	1|5	oneMulti
O76093	P11362	Secreted	Cell membrane,Cytoplasm,Cytoplasmic vesicle,Membrane,Nucleus	1|5	oneMulti
O75379	Q15833	Golgi apparatus,Membrane	none	2|1	oneMulti
O43281	Q8TF42	none	Cytoplasm,Nucleus	1|2	oneMulti
Q86V87	Q86VS8	none	Cytoplasm,Cytoskeleton,Golgi apparatus,Microtubule	1|4	oneMulti
Q86VI3	Q8N4T4	none	Cell membrane,Membrane	1|2	oneMulti
P00533	Q15120	Cell membrane,Endoplasmic reticulum,Endosome,Golgi apparatus,Membrane,Nucleus,Secreted	Mitochondrion	7|1	oneMulti
Q14690	Q9H4M7	Nucleus	Cytoplasm,Membrane	1|2	oneMulti
O14921	P29992	none	Cell membrane,Cytoplasm,Membrane	1|3	oneMulti
O00308	P62888	Nucleus	Cytoplasm	1|1	bothSingle
O00471	Q9C0C4	Cytoplasm	Cell membrane,Cytoplasmic vesicle,Membrane,Postsynaptic cell membrane,Synapse	1|5	oneMulti
Q8NBE8	Q9H5J0	none	Nucleus	1|1	bothSingle
P57075	Q9H9H4	Cytoplasm,Nucleus	Endosome,Membrane	2|2	bothMulti
O94856	P31371	Cell junction,Cell membrane,Membrane	Secreted	3|1	oneMulti
A1X283	Q99523	Cell junction,Cell projection,Cytoplasm	Cell membrane,Endoplasmic reticulum,Endosome,Golgi apparatus,Lysosome,Membrane,Nucleus	3|7	bothMulti
P62837	Q9UKV5	none	Endoplasmic reticulum,Membrane	1|2	oneMulti
Q13795	Q9HBH0	Golgi apparatus	Cell membrane,Cytoplasm,Cytoskeleton,Membrane	1|4	oneMulti
P01100	Q8TF66	Cytoplasm,Endoplasmic reticulum,Nucleus	Cell membrane,Membrane	3|2	bothMulti
Q8N8E3	Q9H0A9	Cytoplasm,Cytoskeleton	none	2|1	oneMulti
P29320	Q15699	Cell membrane,Membrane,Secreted	Nucleus	3|1	oneMulti
P51884	Q8TD86	Extracellular matrix,Secreted	Cytoplasm,Nucleus	2|2	bothMulti
Q05DH4	Q86VS8	none	Cytoplasm,Cytoskeleton,Golgi apparatus,Microtubule	1|4	oneMulti
P62424	Q14137	Cytoplasm	Nucleus	1|1	bothSingle
P60006	Q9UJX5	none	Nucleus	1|1	bothSingle
O14775	O95837	Membrane	none	1|1	bothSingle
P43366	Q8WV22	none	Chromosome,Nucleus,Telomere	1|3	oneMulti
Q15004	Q99640	Cytoplasm,Nucleus	Endoplasmic reticulum,Golgi apparatus,Membrane	2|3	bothMulti
Q5VT52	Q9NWT6	none	Cytoplasm,Nucleus	1|2	oneMulti
Q96T68	Q9BQF6	Chromosome,Nucleus	Cytoplasm	2|1	oneMulti
P09912	Q8IXQ6	Endoplasmic reticulum,Membrane,Mitochondrion,Mitochondrion inner membrane	Cytoplasm,Nucleus	4|2	bothMulti
A0A0J9YX57	Q8N140	none	Chromosome,Cytoplasm,Nucleus,Telomere	1|4	oneMulti
O95178	Q9Y3B1	Membrane,Mitochondrion,Mitochondrion inner membrane	none	3|1	oneMulti
P09382	Q9Y286	Cytoplasm,Extracellular matrix,Secreted	Membrane	3|1	oneMulti
P14635	Q00526	Cytoplasm,Cytoskeleton,Nucleus	none	3|1	oneMulti
P36578	Q8IY81	Cytoplasm	Nucleus	1|1	bothSingle
P51116	Q92731	Cytoplasm,Synapse	Nucleus	2|1	oneMulti
A0PJY2	P37235	Nucleus	Membrane	1|1	bothSingle
P10153	P13489	Lysosome	Cytoplasm	1|1	bothSingle
P55040	Q504Y2	Cell membrane,Membrane	Golgi apparatus,Secreted	2|2	bothMulti
P78317	Q9Y3E0	Cytoplasm,Nucleus	Golgi apparatus,Membrane	2|2	bothMulti
Q6MZP7	Q96GY3	Nucleus	none	1|1	bothSingle
P17174	Q6YP21	Cytoplasm	none	1|1	bothSingle
Q14563	Q9HCM2	Secreted	Cell membrane,Membrane	1|2	oneMulti
A0A075B6U6	A0A075B7B6	none	Immunoglobulin,Membrane	1|2	oneMulti
Q8N9N5	Q969S9	Nucleus	Mitochondrion	1|1	bothSingle
Q02928	Q9C086	Endoplasmic reticulum,Membrane,Microsome	Nucleus	3|1	oneMulti
P22897	Q03181	Cell membrane,Endosome,Membrane	Nucleus	3|1	oneMulti
P61077	Q86UW9	Cell membrane,Endosome,Membrane	Cytoplasm,Nucleus	3|2	bothMulti
P43363	Q5JQC4	Nucleus	none	1|1	bothSingle
P01588	P40238	Secreted	Cell membrane,Golgi apparatus,Membrane	1|3	oneMulti
Q02878	Q9H9Y2	Cytoplasm,Endoplasmic reticulum	Nucleus	2|1	oneMulti
O43293	Q96GE6	Cytoplasm,Nucleus	Cell projection	2|1	oneMulti
O94952	Q7L2J0	none	Nucleus	1|1	bothSingle
O76081	P19087	Cytoplasm,Membrane,Nucleus	Cell projection	3|1	oneMulti
O60688	Q96IG2	Nucleus	Cytoplasm	1|1	bothSingle
P53582	Q8IUF1	Cytoplasm	Nucleus	1|1	bothSingle
O94952	Q9UK99	none	Nucleus	1|1	bothSingle
O75197	Q9H1J5	Endoplasmic reticulum,Membrane	Extracellular matrix,Secreted	2|2	bothMulti
Q9NUP1	Q9Y3C0	Cytoplasm	Endosome	1|1	bothSingle
A8MXT2	Q8WV22	none	Chromosome,Nucleus,Telomere	1|3	oneMulti
P22090	P42677	none	Cytoplasm,Nucleus	1|2	oneMulti
P51531	Q9UHA2	Nucleus	none	1|1	bothSingle
P06870	P15328	none	Cell membrane,Cytoplasmic vesicle,Endosome,Membrane,Secreted	1|5	oneMulti
H0Y354	P18077	none	Cytoplasm	1|1	bothSingle
P10147	P32246	Secreted	Cell membrane,Membrane	1|2	oneMulti
P61077	Q9ULV8	Cell membrane,Endosome,Membrane	none	3|1	oneMulti
Q13131	Q9UGJ0	Cytoplasm,Nucleus	none	2|1	oneMulti
Q12933	Q86SE9	Cytoplasm	Nucleus	1|1	bothSingle
P14651	Q8WU39	Nucleus	Cytoplasm,Endoplasmic reticulum,Secreted	1|3	oneMulti
P50579	Q9HC44	Cytoplasm	Nucleus	1|1	bothSingle
Q9Y5A7	Q9Y6H5	Nucleus	Cytoplasm	1|1	bothSingle
Q96CT2	Q96DT7	none	Nucleus	1|1	bothSingle
P13501	Q6ZTQ4	Secreted	Cell membrane,Membrane	1|2	oneMulti
P42696	Q7Z4Q2	Nucleus	none	1|1	bothSingle
P51787	Q9NZT1	Cell membrane,Cytoplasmic vesicle,Endoplasmic reticulum,Endosome,Membrane	none	5|1	oneMulti
P53582	Q9BRT8	Cytoplasm	Nucleus	1|1	bothSingle
O75940	Q9UJ41	Nucleus,Spliceosome	Cytoplasm,Endosome	2|2	bothMulti
Q96LR5	Q99942	none	Cell membrane,Endoplasmic reticulum,Membrane,Mitochondrion	1|4	oneMulti
P41236	P62136	none	Cytoplasm,Nucleus	1|2	oneMulti
A6NCI4	Q8N9B4	Secreted	none	1|1	bothSingle
P04628	Q5T9L3	Extracellular matrix,Secreted	Cell membrane,Cytoplasmic vesicle,Endoplasmic reticulum,Endosome,Golgi apparatus,Membrane	2|6	bothMulti
P49746	Q16832	none	Cell membrane,Membrane	1|2	oneMulti
Q8N6G6	Q9BQI9	Extracellular matrix,Secreted	Nucleus	2|1	oneMulti
Q07889	Q8IZP0	none	Cell projection,Cytoplasm,Cytoskeleton,Nucleus,Synapse	1|5	oneMulti
E7EU14	P08238	none	Cell membrane,Cytoplasm,Membrane,Nucleus,Secreted	1|5	oneMulti
Q13619	Q6PD62	none	Nucleus	1|1	bothSingle
O15145	Q9C0K3	Cell projection,Cytoplasm,Cytoskeleton,Nucleus	none	4|1	oneMulti
P11086	P35270	none	Cytoplasm	1|1	bothSingle
P53805	Q9Y297	none	Cytoplasm,Nucleus	1|2	oneMulti
P82933	Q8NBR0	Mitochondrion	Cell membrane,Cytoplasm,Membrane	1|3	oneMulti
O15173	Q8IWL3	Endoplasmic reticulum,Membrane,Nucleus,Secreted	Cytoplasm,Mitochondrion	4|2	bothMulti
P62837	Q96P09	none	Cytoplasm	1|1	bothSingle
Q5JS13	Q9BV94	Cell membrane,Cytoplasm,Membrane	Endoplasmic reticulum	3|1	oneMulti
A0A087WTH5	Q8WZ55	none	Cell membrane,Cytoplasm,Membrane	1|3	oneMulti
P46100	Q07889	Chromosome,Nucleus,Telomere	none	3|1	oneMulti
P01040	P09668	Cytoplasm	Lysosome	1|1	bothSingle
Q8TE02	Q9H553	Cytoplasm,Nucleus	Membrane	2|1	oneMulti
P18077	P22090	Cytoplasm	none	1|1	bothSingle
A6NMX2	Q13541	none	Cytoplasm,Nucleus	1|2	oneMulti
Q14442	Q9BRB3	Cytoplasm	Membrane	1|1	bothSingle
P51686	P80098	Cell membrane,Membrane	Secreted	2|1	oneMulti
Q99728	Q9H4G4	Nucleus	Golgi apparatus,Membrane	1|2	oneMulti
Q8WWF5	Q969T4	Endoplasmic reticulum,Membrane	Cytoplasm,Nucleus	2|2	bothMulti
O95837	P62879	none	Cell membrane,Cytoplasm,Membrane	1|3	oneMulti
P46087	Q9BRJ6	Nucleus	none	1|1	bothSingle
Q05DH4	Q9H8T0	none	Cell membrane,Cytoplasm,Membrane	1|3	oneMulti
Q12797	Q9NX40	Endoplasmic reticulum,Membrane,Sarcoplasmic reticulum	Endosome	3|1	oneMulti
O14508	O75716	none	Cytoplasm,Membrane	1|2	oneMulti
O75717	Q6DKK2	Nucleus	Membrane,Mitochondrion,Mitochondrion inner membrane	1|3	oneMulti
P23025	Q5QP82	Nucleus	none	1|1	bothSingle
Q9UNX3	Q9Y3C1	none	Nucleus	1|1	bothSingle
O94827	Q9P0J1	Cell junction,Cell membrane,Cell projection,Cytoplasm,Membrane	Mitochondrion	5|1	oneMulti
Q8NFY9	Q9H0H3	Cytoplasm,Cytoskeleton,Golgi apparatus	none	3|1	oneMulti
P00488	Q8N103	Cytoplasm,Secreted	none	2|1	oneMulti
P61758	Q9GZY8	Cytoplasm,Nucleus	Cytoplasmic vesicle,Membrane,Mitochondrion,Mitochondrion outer membrane,Peroxisome,Synapse	2|6	bothMulti
Q96J92	Q9H4A3	Cell junction,Tight junction	Cytoplasm,Cytoskeleton,Nucleus	2|3	bothMulti
P0DP25	P48539	Cytoplasm,Cytoskeleton	none	2|1	oneMulti
O95256	Q14116	Cell membrane,Membrane	Cytoplasm,Secreted	2|2	bothMulti
P62837	Q86UD3	none	Cytoplasmic vesicle,Endosome,Membrane	1|3	oneMulti
O14874	Q14157	Mitochondrion	Chromosome,Cytoplasm,Nucleus	1|3	oneMulti
A6NHM9	Q15485	none	Secreted	1|1	bothSingle
P61601	Q86VH5	none	Cell membrane,Membrane,Postsynaptic cell membrane,Synapse	1|4	oneMulti
P06400	Q13042	Nucleus	Cytoplasm,Cytoskeleton	1|2	oneMulti
P47755	P47756	none	Cytoplasm,Cytoskeleton	1|2	oneMulti
O60927	P62136	none	Cytoplasm,Nucleus	1|2	oneMulti
P08754	Q9HAV0	Cell membrane,Cytoplasm,Cytoskeleton,Membrane	none	4|1	oneMulti
O15266	Q9UHP6	Nucleus	Cell projection,Cilium,Cytoplasm,Cytoskeleton,Flagellum	1|5	oneMulti
Q7Z340	Q96CB9	Nucleus	Mitochondrion	1|1	bothSingle
P35228	Q9NZT1	Cytoplasm	none	1|1	bothSingle
P61088	Q99942	Cytoplasm,Nucleus	Cell membrane,Endoplasmic reticulum,Membrane,Mitochondrion	2|4	bothMulti
P08648	P39060	Cell junction,Cell membrane,Membrane	Basement membrane,Extracellular matrix,Secreted	3|3	bothMulti
A5D8V7	Q8NA47	Cell projection,Cytoplasm,Cytoskeleton	none	3|1	oneMulti
Q5U623	Q9BQ48	Nucleus	Mitochondrion	1|1	bothSingle
Q9BVG4	Q9H009	none	Cytoplasm,Nucleus	1|2	oneMulti
Q5H8C1	Q9NQ40	Basement membrane,Extracellular matrix,Secreted	Cell membrane,Cytoplasm,Membrane,Nucleus	3|4	bothMulti
P61513	P61964	Cytoplasm	Nucleus	1|1	bothSingle
H3BPM6	Q96JP2	none	Cytoplasm	1|1	bothSingle
A2PYH4	O15457	none	Chromosome	1|1	bothSingle
O00308	P51668	Nucleus	Cytoplasm	1|1	bothSingle
P46776	Q99848	Cytoplasm	Nucleus	1|1	bothSingle
Q6DKI1	Q9BYG3	none	Chromosome,Nucleus	1|2	oneMulti
P51553	Q9NQW6	Mitochondrion	Cell projection,Cytoplasm,Cytoskeleton,Nucleus	1|4	oneMulti
P61081	Q15843	none	Nucleus	1|1	bothSingle
O14867	P63208	Nucleus	none	1|1	bothSingle
A6NDB9	Q6PEZ8	Cell membrane,Cytoplasm,Membrane	Extracellular matrix,Secreted	3|2	bothMulti
P82909	Q07020	Mitochondrion	Cytoplasm,Endoplasmic reticulum	1|2	oneMulti
P30405	Q5VVH2	Mitochondrion	none	1|1	bothSingle
P35268	Q15843	Cytoplasm	Nucleus	1|1	bothSingle
O75078	P62760	Cell membrane,Cell projection,Membrane,Synapse	none	4|1	oneMulti
Q4L235	Q86YC2	none	Nucleus	1|1	bothSingle
A0PJX0	Q7Z404	none	Membrane	1|1	bothSingle
P10114	Q5TC63	Endosome,Membrane	none	2|1	oneMulti
P15408	Q9HD26	Nucleus	Cell projection,Cytoplasm,Golgi apparatus,Membrane,Synapse	1|5	oneMulti
Q9BRP1	Q9NZQ3	none	Nucleus	1|1	bothSingle
O95400	Q7Z422	Cytoplasm,Nucleus	none	2|1	oneMulti
P46778	Q96EY4	Cytoplasm,Endoplasmic reticulum	Nucleus	2|1	oneMulti
O15524	P17181	Cytoplasmic vesicle,Nucleus	Cell membrane,Endosome,Lysosome,Membrane	2|4	bothMulti
Q96R05	Q9NZQ3	Cytoplasm	Nucleus	1|1	bothSingle
Q4VC12	Q9BXY8	none	Cytoplasm,Nucleus	1|2	oneMulti
P85037	Q16832	Cytoplasm,Nucleus	Cell membrane,Membrane	2|2	bothMulti
P51805	Q13214	Cell membrane,Membrane	Endoplasmic reticulum,Secreted	2|2	bothMulti
O14682	Q9H0H3	Cytoplasm,Cytoskeleton,Nucleus	none	3|1	oneMulti
Q7Z3J3	Q96DC7	none	Membrane	1|1	bothSingle
P49639	Q5T4B2	Nucleus	Endoplasmic reticulum	1|1	bothSingle
O43286	O60938	Golgi apparatus,Membrane	Extracellular matrix,Secreted	2|2	bothMulti
O15547	Q9UKQ9	Membrane	Secreted	1|1	bothSingle
Q8N4Q0	Q8NBN7	Peroxisome	Membrane,Mitochondrion,Mitochondrion inner membrane	1|3	oneMulti
P60953	Q3KRB8	Cell membrane,Cell projection,Cytoplasm,Cytoskeleton,Membrane	Mitochondrion	5|1	oneMulti
Q6EBC2	Q99650	Secreted	Membrane	1|1	bothSingle
Q4G0W2	Q969Q5	none	Cytoplasm,Membrane	1|2	oneMulti
P50747	Q96BZ9	Cytoplasm,Mitochondrion	Membrane	2|1	oneMulti
O60832	Q8WV16	Cytoplasm,Nucleus	none	2|1	oneMulti
Q05516	Q9UJP4	Nucleus	Cytoplasm,Cytoskeleton	1|2	oneMulti
P29692	Q969K4	Nucleus	Cytoplasm	1|1	bothSingle
P50479	Q9P2G9	Cell projection,Cytoplasm,Cytoskeleton,Endosome,Membrane,Nucleus,Synapse,Synaptosome	none	8|1	oneMulti
P62837	Q86YT6	none	Cell membrane,Cytoplasm,Cytoskeleton,Membrane	1|4	oneMulti
P01562	P17181	Secreted	Cell membrane,Endosome,Lysosome,Membrane	1|4	oneMulti
Q7Z7H8	Q8IWF2	Mitochondrion	Endoplasmic reticulum	1|1	bothSingle
Q5T8D3	Q8NC06	Membrane,Peroxisome	none	2|1	oneMulti
Q5VXD3	Q8NA19	none	Nucleus	1|1	bothSingle
P62745	Q9BXI6	Cell membrane,Endosome,Membrane,Nucleus	Cell projection	4|1	oneMulti
P01133	P07585	Membrane	Extracellular matrix,Secreted	1|2	oneMulti
P62837	Q9Y4L5	none	Cytoplasm,Endoplasmic reticulum,Golgi apparatus,Nucleus	1|4	oneMulti
Q9P2G9	Q9UH77	none	Cytoplasm,Cytoskeleton	1|2	oneMulti
P51668	Q9NX47	Cytoplasm	Endoplasmic reticulum,Membrane,Mitochondrion,Mitochondrion outer membrane	1|4	oneMulti
Q3V6T2	Q9Y236	Cell membrane,Cell projection,Cytoplasm,Cytoplasmic vesicle,Cytoskeleton,Membrane	none	6|1	oneMulti
Q13042	Q9UJX2	Cytoplasm,Cytoskeleton	none	2|1	oneMulti
A0AVI4	P62837	Endoplasmic reticulum,Membrane	none	2|1	oneMulti
Q96KN7	Q96RU7	Cell projection,Cilium	Nucleus	2|1	oneMulti
Q07889	Q9C0H5	none	Nucleus	1|1	bothSingle
Q8N5M1	Q8N720	Mitochondrion	Nucleus	1|1	bothSingle
A6NLC8	Q92750	none	Cytoplasm,Nucleus	1|2	oneMulti
O75147	Q9BQE6	Cytoplasm,Cytoskeleton,Golgi apparatus	none	3|1	oneMulti
O94813	P43146	Secreted	Membrane	1|1	bothSingle
Q04912	Q9P0G3	Membrane	Secreted	1|1	bothSingle
P43362	Q9NXX6	none	Chromosome,Nucleus,Telomere	1|3	oneMulti
Q9C0D6	Q9NQU5	Cell projection,Golgi apparatus,Microtubule	Cytoplasm,Nucleus	3|2	bothMulti
P10643	Q8IX05	Membrane attack complex,Secreted	Cell projection,Cytoplasm,Membrane	2|3	bothMulti
Q8TCD5	Q9NPB1	Cytoplasm	Mitochondrion	1|1	bothSingle
Q9H6T3	Q9Y265	none	Cytoplasm,Cytoskeleton,Membrane,Nucleus	1|4	oneMulti
P41182	Q53G59	Nucleus	Cytoplasmic vesicle	1|1	bothSingle
Q9H9E1	Q9UIC8	Cytoplasm,Cytoskeleton,Membrane	none	3|1	oneMulti
P0DMV9	Q9NZL4	Cytoplasm,Cytoskeleton	none	2|1	oneMulti
O75832	Q8WV35	Cytoplasm,Nucleus	none	2|1	oneMulti
O60688	Q9UKC9	Nucleus	Membrane	1|1	bothSingle
O43741	Q13131	none	Cytoplasm,Nucleus	1|2	oneMulti
P15408	Q13464	Nucleus	Cell membrane,Cell projection,Cytoplasm,Cytoskeleton,Golgi apparatus,Membrane	1|6	oneMulti
O43402	Q9NSI2	Endoplasmic reticulum,Membrane	Nucleus	2|1	oneMulti
Q08334	Q8IZI9	Membrane	Secreted	1|1	bothSingle
Q02543	Q8IY81	Cytoplasm	Nucleus	1|1	bothSingle
P17275	Q9NX18	Nucleus	Mitochondrion	1|1	bothSingle
A0A1W2PRN6	Q15543	none	Nucleus	1|1	bothSingle
O43795	Q8TD86	none	Cytoplasm,Nucleus	1|2	oneMulti
Q3B820	Q86TI0	Cell projection,Cilium,Cytoplasm,Cytoskeleton	Nucleus	4|1	oneMulti
P60983	Q92747	none	Cytoplasm,Cytoskeleton,Nucleus	1|3	oneMulti
O75077	Q9UM19	Cell membrane,Membrane,Secreted	none	3|1	oneMulti
Q8NEB9	Q96TC7	Cytoplasmic vesicle,Endosome	Cytoplasm,Cytoskeleton,Membrane,Microtubule,Mitochondrion,Mitochondrion outer membrane,Nucleus	2|7	bothMulti
Q92917	Q9P2G9	Nucleus	none	1|1	bothSingle
Q68CZ2	Q68DK2	Cell junction,Cell projection	Cytoplasm,Cytoskeleton	2|2	bothMulti
P12524	Q6P597	Nucleus	Cytoplasm,Cytoskeleton,Microtubule,Mitochondrion	1|4	oneMulti
Q96EP0	Q9H2H8	Cytoplasm	Spliceosome	1|1	bothSingle
O14610	Q9HAV0	Cell membrane,Membrane	none	2|1	oneMulti
P18621	Q9H9Y2	Cytoplasm	Nucleus	1|1	bothSingle
P62330	Q712K3	Cell membrane,Cell projection,Cytoplasm,Endosome,Golgi apparatus,Membrane	none	6|1	oneMulti
P60660	Q8WXR4	none	Cell projection,Cytoplasm,Cytoskeleton	1|3	oneMulti
P62256	P78317	none	Cytoplasm,Nucleus	1|2	oneMulti
Q16533	Q9NWK9	Nucleus	none	1|1	bothSingle
Q8N2A8	Q96S16	Golgi apparatus,Membrane,Mitochondrion,Mitochondrion outer membrane	Cytoplasm,Endoplasmic reticulum	4|2	bothMulti
O15228	Q9Y5Q9	Membrane,Peroxisome	Nucleus	2|1	oneMulti
O95067	P06493	none	Cytoplasm,Cytoskeleton,Mitochondrion,Nucleus	1|4	oneMulti
P48454	Q08209	Mitochondrion	Cell membrane,Cell projection,Cytoplasm,Membrane,Synapse	1|5	oneMulti
O95782	Q9Y6R0	Cell membrane,Coated pit,Membrane	Cytoplasm	3|1	oneMulti
A0A087WTH5	O00631	none	Endoplasmic reticulum,Membrane,Sarcoplasmic reticulum	1|3	oneMulti
P35637	Q07343	Nucleus	Cell membrane,Cytoplasm,Membrane	1|3	oneMulti
Q99622	Q9UM73	Cytoplasm	Cell membrane,Membrane	1|2	oneMulti
P0CG36	Q96KV7	Secreted	Cytoplasm,Cytoskeleton	1|2	oneMulti
P61077	Q9BV68	Cell membrane,Endosome,Membrane	Cytoplasm,Nucleus	3|2	bothMulti
Q13255	Q9Y6K8	Cell membrane,Membrane	Cytoplasm	2|1	oneMulti
Q2VPK5	Q5TGI0	Cytoplasm	Membrane	1|1	bothSingle
Q07889	Q12778	none	Cytoplasm,Nucleus	1|2	oneMulti
Q6AW86	Q9HD33	Nucleus	Mitochondrion	1|1	bothSingle
O15085	Q92731	Cytoplasm,Membrane	Nucleus	2|1	oneMulti
Q99731	Q9HBE5	Secreted	Membrane	1|1	bothSingle
Q6TFL4	Q9P2J3	Cell junction,Cell projection,Cytoplasm	none	3|1	oneMulti
Q8NEF9	Q8TAS1	Cytoplasm	Nucleus	1|1	bothSingle
A6NLX3	P06493	none	Cytoplasm,Cytoskeleton,Mitochondrion,Nucleus	1|4	oneMulti
O00244	Q13107	none	Cytoplasm,Nucleus	1|2	oneMulti
Q15466	Q9NR96	Cytoplasm,Nucleus	Cytoplasmic vesicle,Endoplasmic reticulum,Endosome,Lysosome,Membrane	2|5	bothMulti
Q8N4P6	Q96M32	none	Cell projection,Cilium,Cytoplasm,Flagellum	1|4	oneMulti
O60353	P41221	Cell membrane,Cytoplasmic vesicle,Endoplasmic reticulum,Membrane	Extracellular matrix,Secreted	4|2	bothMulti
Q8NCP5	Q9UJP4	Nucleus	Cytoplasm,Cytoskeleton	1|2	oneMulti
P20062	Q6UVK1	Secreted	Cell membrane,Cell projection,Membrane	1|3	oneMulti
Q6ICB0	Q8IYU4	Cytoplasm,Nucleus	none	2|1	oneMulti
A4D1S5	Q92696	Cell membrane,Membrane	none	2|1	oneMulti
P51668	Q96GF1	Cytoplasm	Endoplasmic reticulum,Membrane,Mitochondrion,Mitochondrion outer membrane	1|4	oneMulti
O75888	Q02223	Secreted	Cell membrane,Membrane	1|2	oneMulti
Q14681	Q8N5Z5	none	Cytoplasm	1|1	bothSingle
Q99062	Q9UPV0	Cell membrane,Membrane,Secreted	Cytoplasm,Cytoskeleton,Nucleus	3|3	bothMulti
P54646	Q9UGJ0	Cytoplasm,Nucleus	none	2|1	oneMulti
P16333	Q14161	Cytoplasm,Endoplasmic reticulum,Nucleus	none	3|1	oneMulti
Q8NEY4	Q9HBG4	none	Cell membrane,Membrane	1|2	oneMulti
Q6NVY1	Q86V87	Mitochondrion	none	1|1	bothSingle
Q6NVY1	Q9UBS3	Mitochondrion	Endoplasmic reticulum	1|1	bothSingle
Q8TD86	Q9UQM7	Cytoplasm,Nucleus	Cell projection,Synapse	2|2	bothMulti
O00339	Q8N9N5	Secreted	Nucleus	1|1	bothSingle
Q13214	Q9HCM2	Endoplasmic reticulum,Secreted	Cell membrane,Membrane	2|2	bothMulti
Q14690	Q9BXS4	Nucleus	Cell membrane,Endosome,Golgi apparatus,Lysosome,Membrane	1|5	oneMulti
Q8N8Y2	Q9Y5K8	none	Cell projection,Cytoplasm,Cytoplasmic vesicle,Cytoskeleton,Membrane	1|5	oneMulti
Q04917	Q13188	none	Cytoplasm,Cytoskeleton,Nucleus	1|3	oneMulti
Q13467	Q9Y6F9	Cell membrane,Cell projection,Golgi apparatus,Membrane,Synapse	Extracellular matrix,Secreted	5|2	bothMulti
Q96RR4	Q9NZT1	Cell projection,Cytoplasm,Nucleus	none	3|1	oneMulti
P07900	Q719I0	Cell membrane,Cytoplasm,Membrane,Mitochondrion,Nucleus	none	5|1	oneMulti
Q8TBK6	Q9HCG8	none	Nucleus,Spliceosome	1|2	oneMulti
Q6EEV6	Q9Y385	none	Endoplasmic reticulum,Membrane	1|2	oneMulti
P78556	Q7RTX0	Secreted	Cell membrane,Membrane	1|2	oneMulti
Q92686	Q96C90	none	Cytoplasm	1|1	bothSingle
P20941	Q9HAV0	Cell projection,Cilium,Cytoplasm,Nucleus	none	4|1	oneMulti
Q2MV58	Q6NUS6	Cell projection,Cytoplasm,Cytoskeleton,Secreted	Membrane	4|1	oneMulti
Q8NHG8	Q9Y2X8	Cell membrane,Cell projection,Cytoplasm,Endosome,Lysosome,Membrane,Synapse	none	7|1	oneMulti
Q8NHQ8	Q96C92	none	Cell projection,Cytoplasm,Cytoskeleton,Endosome	1|4	oneMulti
P61086	Q9P0P0	Cytoplasm	none	1|1	bothSingle
P24863	Q9H9E1	Nucleus	Cytoplasm,Cytoskeleton,Membrane	1|3	oneMulti
Q53GT1	Q9P2G9	Cytoplasm,Cytoskeleton,Lysosome,Nucleus	none	4|1	oneMulti
O15033	Q9NYV4	none	Nucleus	1|1	bothSingle
Q5W5X9	Q9NZV7	Cell projection	Nucleus	1|1	bothSingle
P18085	P52306	Golgi apparatus,Membrane	Cytoplasm,Endoplasmic reticulum,Mitochondrion,Nucleus	2|4	bothMulti
P29401	P51854	none	Cytoplasm	1|1	bothSingle
Q13216	Q2YD98	Nucleus	Chromosome	1|1	bothSingle
P49418	Q9Y6J0	Cytoplasm,Cytoplasmic vesicle,Cytoskeleton,Membrane,Synapse	Nucleus	5|1	oneMulti
Q8N0S2	Q9NSB8	Chromosome,Nucleus	Cell membrane,Cell projection,Cytoplasm,Membrane,Synapse	2|5	bothMulti
P0CW20	Q13418	none	Cell junction,Cell membrane,Cell projection,Cytoplasm,Membrane	1|5	oneMulti
Q6P1N9	Q9H2J4	Nucleus	Cytoplasm,Endoplasmic reticulum	1|2	oneMulti
O60269	Q05586	none	Cell membrane,Membrane,Postsynaptic cell membrane,Synapse	1|4	oneMulti
Q8J025	Q9H2X0	Cell membrane,Membrane	Secreted	2|1	oneMulti
Q5VVH2	Q9UBN1	none	Cell membrane,Membrane	1|2	oneMulti
Q86TU7	Q8TF66	Cytoplasm,Nucleus	Cell membrane,Membrane	2|2	bothMulti
Q008S8	Q9NVP4	none	Cell projection,Cytoplasm,Cytoskeleton	1|3	oneMulti
O95198	Q53G59	Cell projection,Cytoplasm,Cytoskeleton	Cytoplasmic vesicle	3|1	oneMulti
A8MW95	Q99570	Cytoplasm	Cytoplasmic vesicle,Endosome,Membrane	1|3	oneMulti
Q6EEV6	Q9BQF6	none	Cytoplasm	1|1	bothSingle
P62310	Q04837	Nucleus,Spliceosome	Mitochondrion,Mitochondrion nucleoid	2|2	bothMulti
Q58FF3	Q96HD1	none	Membrane	1|1	bothSingle
Q96I24	Q9BYF1	Nucleus	Cell membrane,Cell projection,Cytoplasm,Membrane,Secreted	1|5	oneMulti
O75896	Q92598	none	Cytoplasm	1|1	bothSingle
A6NKD2	Q9UJ04	Cytoplasm,Nucleus	none	2|1	oneMulti
A0A1W2PRV1	Q15543	none	Nucleus	1|1	bothSingle
P49771	Q53G44	Cell membrane,Membrane,Secreted	Cytoplasm	3|1	oneMulti
P61088	Q6EEV6	Cytoplasm,Nucleus	none	2|1	oneMulti
Q92796	Q9Y698	none	Membrane,Synapse,Synaptosome	1|3	oneMulti
P36507	Q9BYZ6	Cytoplasm,Membrane	none	2|1	oneMulti
Q9BXY4	Q9ULT6	Secreted	Cell membrane,Membrane	1|2	oneMulti
Q9H0H3	Q9UJP4	none	Cytoplasm,Cytoskeleton	1|2	oneMulti
Q86Z20	Q8WYQ4	Cytoplasm	none	1|1	bothSingle
P26373	Q8TD47	Cytoplasm	none	1|1	bothSingle
A6NKG5	P50897	Membrane	Lysosome,Secreted	1|2	oneMulti
O14976	Q9UL15	Cell junction,Cytoplasm,Cytoplasmic vesicle,Golgi apparatus	none	4|1	oneMulti
Q9NVX7	Q9P2G3	none	Cytoplasm,Endoplasmic reticulum,Membrane	1|3	oneMulti
P20132	Q96GA7	Cytoplasm	none	1|1	bothSingle
P82663	Q5JVS0	Mitochondrion	Cytoplasm,Nucleus	1|2	oneMulti
O95166	Q969E8	Cytoplasm,Cytoplasmic vesicle,Cytoskeleton,Golgi apparatus,Membrane,Microtubule	none	6|1	oneMulti
Q13596	Q86XE0	Cell projection,Endosome,Golgi apparatus,Membrane	none	4|1	oneMulti
P15313	Q8NI08	Cell membrane,Membrane	Nucleus	2|1	oneMulti
P60520	Q86TL0	Cytoplasmic vesicle,Endoplasmic reticulum,Golgi apparatus,Membrane	Cytoplasm,Mitochondrion	4|2	bothMulti
P29353	Q07889	Cell junction,Cytoplasm,Mitochondrion	none	3|1	oneMulti
Q15323	Q96MT8	Intermediate filament,Keratin	Cytoplasm,Cytoskeleton	2|2	bothMulti
O94900	P56277	Nucleus	Mitochondrion	1|1	bothSingle
P26373	Q9BZE4	Cytoplasm	Nucleus	1|1	bothSingle
Q6VMQ6	Q8N8R7	Nucleus	Cytoplasm	1|1	bothSingle
Q8WV22	Q9BZ81	Chromosome,Nucleus,Telomere	none	3|1	oneMulti
Q9NZQ3	Q9P2B4	Nucleus	Cell projection,Cytoplasm,Cytoskeleton	1|3	oneMulti
Q6WQI6	Q86SG7	Cytoplasm	Secreted	1|1	bothSingle
A6NKU9	P06493	none	Cytoplasm,Cytoskeleton,Mitochondrion,Nucleus	1|4	oneMulti
Q5TD97	Q96A83	Nucleus	Extracellular matrix,Secreted	1|2	oneMulti
P55774	Q9HBE5	Secreted	Membrane	1|1	bothSingle
P35590	Q5VZ18	Cell membrane,Membrane	none	2|1	oneMulti
Q86VG3	Q9HBG6	none	Cell projection,Cilium,Cytoplasm,Cytoskeleton	1|4	oneMulti
O00206	P08246	Cell membrane,Cell projection,Endosome,Membrane	Cytoplasmic vesicle	4|1	oneMulti
P60604	Q6ZNA4	Endoplasmic reticulum,Lipid droplet	Cytoplasm,Nucleus	2|2	bothMulti
P08134	Q96PY5	Cell membrane,Membrane	Cytoplasm	2|1	oneMulti
Q5TKA1	Q96GY3	Nucleus	none	1|1	bothSingle
P63316	Q8NEV4	none	Cell projection,Cytoplasm,Cytoskeleton	1|3	oneMulti
P63104	Q9NWS0	Cytoplasm	Nucleus	1|1	bothSingle
P17612	P19105	Cell membrane,Cell projection,Cilium,Cytoplasm,Cytoplasmic vesicle,Flagellum,Membrane,Mitochondrion,Nucleus	none	9|1	oneMulti
P26641	P29692	none	Nucleus	1|1	bothSingle
P50151	P62873	Cell membrane,Membrane	none	2|1	oneMulti
O15481	Q9NXX6	Cytoplasm	Chromosome,Nucleus,Telomere	1|3	oneMulti
P61086	Q9H0F5	Cytoplasm	Nucleus	1|1	bothSingle
P42696	Q9UPE1	Nucleus	none	1|1	bothSingle
Q13042	Q86T82	Cytoplasm,Cytoskeleton	Chromosome,Nucleus	2|2	bothMulti
Q4VC12	Q9Y3D3	none	Mitochondrion	1|1	bothSingle
Q6DHV5	Q9BPU9	none	Cell projection,Cilium,Cytoplasm,Cytoskeleton,Nucleus	1|5	oneMulti
Q6IAA8	Q6ZSJ8	Endosome,Lysosome,Membrane	none	3|1	oneMulti
O43930	P13861	none	Cell membrane,Cytoplasm,Membrane	1|3	oneMulti
Q6UWY5	Q9UK39	Secreted	Cytoplasm,Mitochondrion,Nucleus	1|3	oneMulti
Q00688	Q86YV6	Nucleus	none	1|1	bothSingle
L0R819	Q9NWS0	Cytoplasm	Nucleus	1|1	bothSingle
P12544	Q13325	Secreted	Cell membrane,Cell projection,Membrane	1|3	oneMulti
Q504Q3	Q9NYK5	Cytoplasm,Nucleus	Mitochondrion	2|1	oneMulti
Q13685	Q9H7E9	Cell membrane,Cytoplasm,Membrane	none	3|1	oneMulti
O75439	P0C7P4	Mitochondrion	Membrane	1|1	bothSingle
Q6N069	Q9BSU3	none	Cytoplasm,Nucleus	1|2	oneMulti
Q04917	Q9HB19	none	Cell membrane,Cytoplasm,Membrane,Nucleus	1|4	oneMulti
P60484	Q96KB5	Cell projection,Cytoplasm,Nucleus,Secreted,Synapse	none	5|1	oneMulti
Q9NZT1	Q9UQM7	none	Cell projection,Synapse	1|2	oneMulti
O43819	P10914	Membrane,Mitochondrion,Mitochondrion inner membrane	Cytoplasm,Nucleus	3|2	bothMulti
Q6ZSG1	Q9Y2X8	Nucleus	none	1|1	bothSingle
P49459	Q9H0F5	none	Nucleus	1|1	bothSingle
Q96PV0	Q9Y6R0	none	Cytoplasm	1|1	bothSingle
Q99757	Q9UF47	Mitochondrion	Membrane	1|1	bothSingle
Q8IZ26	Q96PV6	Nucleus	none	1|1	bothSingle
P40939	Q13501	Membrane,Mitochondrion,Mitochondrion inner membrane	Cytoplasm,Cytoplasmic vesicle,Endoplasmic reticulum,Endosome,Lysosome,Nucleus	3|6	bothMulti
O00237	Q96B02	Endoplasmic reticulum,Membrane	Nucleus	2|1	oneMulti
O94844	Q9NR12	none	Cytoplasm,Cytoskeleton	1|2	oneMulti
P06307	Q4L235	Secreted	none	1|1	bothSingle
Q8WZA0	Q9H0A8	none	Cytoplasm,Nucleus	1|2	oneMulti
P18847	Q9NZ72	Nucleus	Cell projection,Cytoplasm,Golgi apparatus	1|3	oneMulti
P78329	Q9C086	Endoplasmic reticulum,Membrane,Microsome	Nucleus	3|1	oneMulti
O00746	P15531	Membrane,Mitochondrion	Cytoplasm,Nucleus	2|2	bothMulti
P40123	P68133	Cell membrane,Membrane	Cytoplasm,Cytoskeleton	2|2	bothMulti
O15085	Q96PX9	Cytoplasm,Membrane	none	2|1	oneMulti
Q8N5M4	Q96DE5	none	Centromere,Chromosome,Cytoplasm,Kinetochore,Nucleus	1|5	oneMulti
Q76FK4	Q96FK6	Nucleus	none	1|1	bothSingle
P16298	P48454	Cytoplasm	Mitochondrion	1|1	bothSingle
Q01973	Q9H1J7	Cell projection,Membrane	Extracellular matrix,Secreted	2|2	bothMulti
Q63HR2	Q9HBE1	Cell junction,Cell membrane,Cytoplasm,Membrane	Nucleus	4|1	oneMulti
Q07890	Q96A58	none	Cytoplasm	1|1	bothSingle
Q9BV68	Q9Y2X8	Cytoplasm,Nucleus	none	2|1	oneMulti
Q8NA47	Q9HAE3	none	Cell projection,Cytoplasm,Cytoskeleton	1|3	oneMulti
P62330	Q9NU19	Cell membrane,Cell projection,Cytoplasm,Endosome,Golgi apparatus,Membrane	none	6|1	oneMulti
Q5T1N1	Q9HB96	none	Nucleus	1|1	bothSingle
Q15843	Q6P5R6	Nucleus	none	1|1	bothSingle
P05111	Q96SZ5	Secreted	none	1|1	bothSingle
Q8WUZ0	Q969G3	none	Nucleus	1|1	bothSingle
Q96BD6	Q96LA8	Cytoplasm	Nucleus	1|1	bothSingle
O43175	Q14676	none	Chromosome,Nucleus	1|2	oneMulti
A8MW95	Q8NEB9	Cytoplasm	Cytoplasmic vesicle,Endosome	1|2	oneMulti
O94973	Q2VIQ3	Cell membrane,Coated pit,Membrane	Cytoplasm,Cytoskeleton,Microtubule,Nucleus	3|4	bothMulti
P09544	Q9H461	Extracellular matrix,Secreted	Cell membrane,Golgi apparatus,Membrane	2|3	bothMulti
Q12816	Q8WV22	none	Chromosome,Nucleus,Telomere	1|3	oneMulti
P46109	Q14289	none	Cell junction,Cell membrane,Cell projection,Cytoplasm,Membrane,Nucleus	1|6	oneMulti
O75439	Q99729	Mitochondrion	Cytoplasm,Nucleus	1|2	oneMulti
P46781	Q9BY44	Cytoplasm,Nucleus	none	2|1	oneMulti
B9A064	S4R460	Secreted	none	1|1	bothSingle
P27482	Q9H1R3	none	Cytoplasm	1|1	bothSingle
P63208	P68400	none	Nucleus	1|1	bothSingle
O60884	Q9Y266	Membrane	Cytoplasm,Cytoskeleton,Microtubule,Nucleus	1|4	oneMulti
O75928	Q6EEV6	Nucleus	none	1|1	bothSingle
P02768	P55899	Secreted	Cell membrane,Endosome,Membrane	1|3	oneMulti
Q5VYV7	Q92889	none	Chromosome,Nucleus	1|2	oneMulti
Q9H8W4	Q9Y266	Endoplasmic reticulum,Endosome,Membrane	Cytoplasm,Cytoskeleton,Microtubule,Nucleus	3|4	bothMulti
O15160	Q15041	Cytoplasm,DNA-directed RNA polymerase,Nucleus	Endoplasmic reticulum,Membrane	3|2	bothMulti
O00233	P61247	none	Cytoplasm,Nucleus	1|2	oneMulti
Q15527	Q8IV38	none	Cell projection,Cilium	1|2	oneMulti
P31944	P42575	Cytoplasm,Nucleus	none	2|1	oneMulti
Q8IVT2	Q96EM0	Cell junction,Cytoplasm,Cytoskeleton	none	3|1	oneMulti
P07360	Q53H80	Membrane attack complex,Secreted	Cytoplasm,Membrane,Nucleus	2|3	bothMulti
O43837	O94906	Mitochondrion	Nucleus,Spliceosome	1|2	oneMulti
Q9BZJ0	Q9NW82	Nucleus,Spliceosome	none	2|1	oneMulti
Q8N488	Q9BRJ6	Cytoplasm,Nucleus	none	2|1	oneMulti
P23786	P28715	Membrane,Mitochondrion,Mitochondrion inner membrane	Chromosome,Nucleus	3|2	bothMulti
A6NNX1	Q86UN6	none	Cytoplasm	1|1	bothSingle
O15455	O60880	Endoplasmic reticulum,Endosome,Membrane	Cytoplasm	3|1	oneMulti
O15042	Q9BQ61	Nucleus	none	1|1	bothSingle
P62837	Q9NWF9	none	Cytoplasm,Cytoplasmic vesicle	1|2	oneMulti
Q9C0C4	Q9Y5A7	Cell membrane,Cytoplasmic vesicle,Membrane,Postsynaptic cell membrane,Synapse	Nucleus	5|1	oneMulti
P42773	Q8WTS6	none	Chromosome,Nucleus	1|2	oneMulti
P30838	P48448	Cytoplasm	Lipid droplet	1|1	bothSingle
Q9H0F5	Q9Y2X8	Nucleus	none	1|1	bothSingle
Q14982	Q6NUI6	Cell membrane,Membrane	Extracellular matrix,Secreted	2|2	bothMulti
P62256	Q9H871	none	Cytoplasm,Nucleus	1|2	oneMulti
O14498	O75628	Secreted	none	1|1	bothSingle
Q92624	Q9NXR5	Cytoplasm,Cytoskeleton,Membrane,Microtubule,Nucleus	none	5|1	oneMulti
P19957	Q92817	Secreted	Cell junction,Cytoplasm,Cytoskeleton	1|3	oneMulti
P01825	Q9UKI3	Cell membrane,Immunoglobulin,Membrane,Secreted	none	4|1	oneMulti
P49841	Q9UBP4	Cell membrane,Cytoplasm,Membrane,Nucleus	Secreted	4|1	oneMulti
P02790	Q8WWH4	Secreted	Cytoplasm	1|1	bothSingle
Q14152	Q71UM5	Cytoplasm	none	1|1	bothSingle
P15408	Q92673	Nucleus	Cell membrane,Cytoplasmic vesicle,Endoplasmic reticulum,Endosome,Golgi apparatus,Membrane,Secreted	1|7	oneMulti
Q8NI22	Q9HAT1	Endoplasmic reticulum,Golgi apparatus	Membrane	2|1	oneMulti
Q92545	Q9UBS3	Membrane	Endoplasmic reticulum	1|1	bothSingle
Q8IZS6	Q8N7M0	Cytoplasm,Cytoskeleton,Dynein,Membrane,Microtubule	none	5|1	oneMulti
Q13042	Q6ZW49	Cytoplasm,Cytoskeleton	Chromosome,Nucleus	2|2	bothMulti
P62256	Q9H0F5	none	Nucleus	1|1	bothSingle
Q14C86	Q66K64	Endosome,Membrane	none	2|1	oneMulti
P16298	Q06190	Cytoplasm	none	1|1	bothSingle
Q14562	Q9BRR8	Nucleus,Spliceosome	none	2|1	oneMulti
Q86XI2	Q96C24	Nucleus	Cell membrane,Cytoplasmic vesicle,Membrane	1|3	oneMulti
P54725	Q6P5R6	Nucleus,Proteasome	none	2|1	oneMulti
P0DMT0	Q06413	Membrane,Sarcoplasmic reticulum	Cytoplasm,Nucleus	2|2	bothMulti
P00167	Q07973	Cytoplasm,Endoplasmic reticulum,Membrane,Microsome	Mitochondrion	4|1	oneMulti
P13500	Q15116	Secreted	Cell membrane,Membrane	1|2	oneMulti
O60602	Q5VV67	Cell membrane,Membrane	Nucleus	2|1	oneMulti
P61513	Q9UG63	Cytoplasm	none	1|1	bothSingle
Q96LR5	Q9Y3C5	none	Cytoplasm,Endosome,Nucleus	1|3	oneMulti
P60520	Q8TC07	Cytoplasmic vesicle,Endoplasmic reticulum,Golgi apparatus,Membrane	Cytoplasm	4|1	oneMulti
Q6YFQ2	Q9BZP6	Membrane,Mitochondrion,Mitochondrion inner membrane	Cytoplasm,Secreted	3|2	bothMulti
Q504Q3	Q9NQG7	Cytoplasm,Nucleus	none	2|1	oneMulti
P14868	Q96BZ8	Cytoplasm	none	1|1	bothSingle
P54619	Q8TF40	none	Cytoplasm,Lysosome,Membrane	1|3	oneMulti
P53675	Q9BRP8	Coated pit,Cytoplasmic vesicle,Membrane	Cytoplasm,Nucleus	3|2	bothMulti
Q13275	Q96CC6	Secreted	Endoplasmic reticulum,Golgi apparatus,Membrane	1|3	oneMulti
P15918	P49771	Nucleus	Cell membrane,Membrane,Secreted	1|3	oneMulti
O76014	Q9NUQ3	Intermediate filament,Keratin	Cytoplasm,Membrane,Nucleus	2|3	bothMulti
Q96DN0	Q9BXS4	Endoplasmic reticulum	Cell membrane,Endosome,Golgi apparatus,Lysosome,Membrane	1|5	oneMulti
P48539	Q9BZI1	none	Nucleus	1|1	bothSingle
Q71UM5	Q9Y3A2	none	Nucleus	1|1	bothSingle
O94776	Q8NCE2	Nucleus	Cytoplasm	1|1	bothSingle
P50914	Q6NVV1	Cytoplasm	none	1|1	bothSingle
P62826	Q7Z3J3	Cytoplasm,Nucleus	none	2|1	oneMulti
P62837	Q9H9V4	none	Endoplasmic reticulum,Golgi apparatus,Membrane	1|3	oneMulti
P30838	P43353	Cytoplasm	Cell membrane,Membrane	1|2	oneMulti
Q14596	Q9NVH0	Cytoplasm,Cytoplasmic vesicle,Lysosome	Chromosome,Membrane,Mitochondrion,Mitochondrion outer membrane,Nucleus	3|5	bothMulti
P36542	Q6ZMW2	CF(1),Membrane,Mitochondrion,Mitochondrion inner membrane	Nucleus	4|1	oneMulti
P60604	Q13795	Endoplasmic reticulum,Lipid droplet	Golgi apparatus	2|1	oneMulti
O14656	Q9UII2	Cell projection,Cytoplasm,Cytoplasmic vesicle,Cytoskeleton,Endoplasmic reticulum,Membrane,Nucleus,Synapse	Mitochondrion	8|1	oneMulti
O96013	Q8TEC5	Cytoplasm	Nucleus	1|1	bothSingle
P62310	P62888	Nucleus,Spliceosome	Cytoplasm	2|1	oneMulti
P63208	Q8WUJ0	none	Cytoplasm,Nucleus	1|2	oneMulti
Q9H8S9	Q9Y2H1	none	Cytoplasm,Cytoskeleton,Membrane	1|3	oneMulti
P68431	Q8N806	Chromosome,Nucleosome core,Nucleus	none	3|1	oneMulti
P51668	Q8ND25	Cytoplasm	Cytoplasmic vesicle,Endosome,Lysosome,Membrane,Synapse	1|5	oneMulti
Q9NQY0	Q9NXL2	Cytoplasm,Cytoskeleton	none	2|1	oneMulti
Q96G27	Q96J86	none	Membrane	1|1	bothSingle
P08575	P51124	Cell membrane,Membrane	Secreted	2|1	oneMulti
Q9UK00	Q9UNS1	Membrane	Chromosome,Nucleus	1|2	oneMulti
A8MW95	Q9HBF5	Cytoplasm	none	1|1	bothSingle
Q8N7B1	Q9Y2R2	Chromosome,Nucleus	Cytoplasm	2|1	oneMulti
Q04917	Q6NUK4	none	Endoplasmic reticulum,Membrane,Microtubule	1|3	oneMulti
P62424	Q9BYG3	Cytoplasm	Chromosome,Nucleus	1|2	oneMulti
P29350	Q07889	Cytoplasm,Nucleus	none	2|1	oneMulti
O95429	Q96MA1	Cytoplasm	Nucleus	1|1	bothSingle
Q86VS8	Q8N612	Cytoplasm,Cytoskeleton,Golgi apparatus,Microtubule	none	4|1	oneMulti
O15164	Q07890	Cytoplasm,Mitochondrion,Nucleus	none	3|1	oneMulti
P13497	Q9GZV5	Extracellular matrix,Golgi apparatus,Secreted	Cell membrane,Cytoplasm,Membrane,Nucleus	3|4	bothMulti
O00160	P0DP25	none	Cytoplasm,Cytoskeleton	1|2	oneMulti
P39060	P53708	Basement membrane,Extracellular matrix,Secreted	Cell membrane,Membrane	3|2	bothMulti
P51959	Q659C4	Nucleus	none	1|1	bothSingle
P16619	P51679	Secreted	Cell membrane,Membrane	1|2	oneMulti
P20774	Q9H1C3	Extracellular matrix,Secreted	Membrane	2|1	oneMulti
P00505	Q6YP21	Cell membrane,Membrane,Mitochondrion	none	3|1	oneMulti
Q07889	Q9H0E9	none	Nucleus	1|1	bothSingle
A0A5S8K742	P23415	none	Cell membrane,Cell projection,Membrane,Postsynaptic cell membrane,Synapse	1|5	oneMulti
Q06547	Q8TAP4	Nucleus	none	1|1	bothSingle
P00533	Q07889	Cell membrane,Endoplasmic reticulum,Endosome,Golgi apparatus,Membrane,Nucleus,Secreted	none	7|1	oneMulti
O95183	Q15833	Cell membrane,Golgi apparatus,Membrane	none	3|1	oneMulti
O60603	P33316	Cytoplasmic vesicle,Membrane	Mitochondrion,Nucleus	2|2	bothMulti
P55036	Q9GZP4	Proteasome	Cytoplasm	1|1	bothSingle
Q15506	Q9BZX4	Membrane	Cell projection,Cilium,Flagellum	1|3	oneMulti
O15403	Q86W34	Cell membrane,Membrane	none	2|1	oneMulti
A8MUP2	Q9BV86	Mitochondrion	Nucleus	1|1	bothSingle
P62745	Q8IVF5	Cell membrane,Endosome,Membrane,Nucleus	Cell projection,Cytoplasm	4|2	bothMulti
Q8IUQ4	Q96LR5	Cytoplasm,Nucleus	none	2|1	oneMulti
P37235	Q9Y2E6	Membrane	Cytoplasm	1|1	bothSingle
P56182	P60520	Nucleus	Cytoplasmic vesicle,Endoplasmic reticulum,Golgi apparatus,Membrane	1|4	oneMulti
O94769	P54826	Extracellular matrix,Secreted	Cell membrane,Membrane	2|2	bothMulti
P07741	P11172	Cytoplasm	none	1|1	bothSingle
A0A096LP55	P46783	Membrane,Mitochondrion,Mitochondrion inner membrane	Cytoplasm,Nucleus	3|2	bothMulti
A2A368	Q8WV22	none	Chromosome,Nucleus,Telomere	1|3	oneMulti
O43679	P61968	Nucleus	none	1|1	bothSingle
P29373	Q01974	Cytoplasm,Endoplasmic reticulum,Nucleus	Cell membrane,Membrane	3|2	bothMulti
P60660	Q53H80	none	Cytoplasm,Membrane,Nucleus	1|3	oneMulti
Q8WVJ2	Q9Y3A2	Centromere,Chromosome,Cytoplasm,Cytoskeleton,Kinetochore	Nucleus	5|1	oneMulti
Q9BS18	Q9UJX2	Nucleus	none	1|1	bothSingle
P30203	Q14690	Cell membrane,Membrane,Secreted	Nucleus	3|1	oneMulti
P61077	Q05086	Cell membrane,Endosome,Membrane	Cytoplasm,Nucleus,Proteasome	3|3	bothMulti
Q13601	Q8N9T8	Cytoplasm,Nucleus	none	2|1	oneMulti
P05386	P62910	none	Cytoplasm	1|1	bothSingle
P61586	Q7Z6B7	Cell membrane,Cell projection,Cytoplasm,Cytoskeleton,Membrane,Nucleus	none	6|1	oneMulti
Q2T9L4	Q9Y618	Synapse	Nucleus	1|1	bothSingle
P14616	P50222	Membrane	Nucleus	1|1	bothSingle
P02585	Q12965	none	Cell junction,Cytoplasm,Cytoplasmic vesicle,Cytoskeleton	1|4	oneMulti
P10451	P38567	Secreted	Cell membrane,Membrane	1|2	oneMulti
P04004	P53708	Secreted	Cell membrane,Membrane	1|2	oneMulti
O15146	Q68D10	Cell membrane,Membrane,Postsynaptic cell membrane,Synapse	Nucleus	4|1	oneMulti
P00492	P08134	Cytoplasm	Cell membrane,Membrane	1|2	oneMulti
Q13905	Q9Y5K6	Endosome	Cell junction,Cell projection,Cytoplasm,Cytoskeleton	1|4	oneMulti
Q13416	Q4G0Z9	Nucleus	none	1|1	bothSingle
Q8WUD4	Q9HCS7	none	Nucleus,Spliceosome	1|2	oneMulti
Q86VG3	Q8NEZ3	none	Cell projection,Cilium,Cytoplasm,Cytoskeleton,Flagellum	1|5	oneMulti
Q96HB5	Q9UIA0	Cell projection,Cytoplasm,Cytoskeleton,Endosome	Cell membrane,Membrane	4|2	bothMulti
P45985	Q13233	Cytoplasm,Nucleus	none	2|1	oneMulti
P19652	P30041	Secreted	Cytoplasm,Lysosome	1|2	oneMulti
O95881	Q13576	Endoplasmic reticulum	none	1|1	bothSingle
Q96PQ0	Q9H0L4	Cell membrane,Cell projection,Cytoplasmic vesicle,Endosome,Membrane,Postsynaptic cell membrane,Synapse,Synaptosome	Nucleus	8|1	oneMulti
Q15697	Q96JS3	Nucleus	none	1|1	bothSingle
O15444	Q9NPB9	Secreted	Cell membrane,Endosome,Membrane	1|3	oneMulti
O75380	Q15843	Membrane,Mitochondrion,Mitochondrion inner membrane	Nucleus	3|1	oneMulti
P62277	Q9BQC6	Cytoplasm,Nucleus	Mitochondrion	2|1	oneMulti
Q56P03	Q9Y312	Cytoplasm,Nucleus	Spliceosome	2|1	oneMulti
Q5SY80	Q658L1	Cell membrane,Cell projection,Cilium,Flagellum,Membrane	none	5|1	oneMulti
Q86VQ3	Q9Y3E2	Cytoplasm	Mitochondrion	1|1	bothSingle
P02741	P22083	Secreted	Golgi apparatus,Membrane	1|2	oneMulti
Q02383	Q9NS25	Secreted	Cytoplasm,Nucleus	1|2	oneMulti
Q8TAC2	Q96RU2	Cytoplasm	Nucleus	1|1	bothSingle
Q02040	Q9H8G2	Nucleus,Spliceosome	none	2|1	oneMulti
P50222	P58397	Nucleus	Extracellular matrix,Secreted	1|2	oneMulti
A0A1B0GUS4	Q8NHG8	none	Cell membrane,Cell projection,Cytoplasm,Endosome,Lysosome,Membrane,Synapse	1|7	oneMulti
O43169	Q9BTE7	Membrane,Mitochondrion,Mitochondrion outer membrane	Cytoplasm,Cytoskeleton,Nucleus	3|3	bothMulti
Q07817	Q96LC9	Cytoplasm,Cytoplasmic vesicle,Cytoskeleton,Membrane,Mitochondrion,Mitochondrion inner membrane,Mitochondrion outer membrane,Nucleus,Synapse	none	9|1	oneMulti
O95789	P30203	Nucleus	Cell membrane,Membrane,Secreted	1|3	oneMulti
Q4G0J3	Q8N9T8	Nucleus	none	1|1	bothSingle
Q07890	Q9C0H5	none	Nucleus	1|1	bothSingle
P62837	Q8WY64	none	Cell membrane,Cytoplasm,Membrane	1|3	oneMulti
Q8WUH2	Q9H628	Cytoplasm,Endosome	none	2|1	oneMulti
O14508	O60502	none	Cytoplasm,Nucleus	1|2	oneMulti
Q01167	Q8NB46	Cytoplasm,Nucleus	none	2|1	oneMulti
P43628	Q07325	Cell membrane,Membrane	Secreted	2|1	oneMulti
O60504	Q9NYF3	Cell junction,Cytoplasm,Cytoskeleton,Nucleus	none	4|1	oneMulti
Q6IPT4	Q9BVJ7	none	Cytoplasm,Nucleus	1|2	oneMulti
Q5JPH6	Q9C0B5	Mitochondrion	Cell membrane,Membrane,Synapse	1|3	oneMulti
Q53GT1	Q9H0H3	Cytoplasm,Cytoskeleton,Lysosome,Nucleus	none	4|1	oneMulti
Q9HBM0	Q9Y4I1	Cell junction,Cell membrane,Cell projection,Cytoplasmic vesicle,Membrane,Nucleus	none	6|1	oneMulti
P84098	Q8IY81	Cytoplasm	Nucleus	1|1	bothSingle
Q8N3L3	Q9NUQ3	none	Cytoplasm,Membrane,Nucleus	1|3	oneMulti
P08134	Q6P5Z2	Cell membrane,Membrane	Cytoplasm,Nucleus	2|2	bothMulti
Q5T6C5	Q70EK9	none	Chromosome	1|1	bothSingle
P48382	Q9H9E1	Nucleus	Cytoplasm,Cytoskeleton,Membrane	1|3	oneMulti
Q9UBS8	Q9Y2X8	Cytoplasm,Nucleus	none	2|1	oneMulti
P0C7P4	Q9H1K1	Membrane	Cytoplasm,Mitochondrion,Nucleus	1|3	oneMulti
Q8IX12	Q9BTT4	Cytoplasm	Nucleus	1|1	bothSingle
P28329	Q8N302	none	Cytoplasm,Secreted	1|2	oneMulti
Q8N8Y2	Q9HBG4	none	Cell membrane,Membrane	1|2	oneMulti
O75344	Q8N307	Cytoplasm,Nucleus	Cell membrane,Cell projection,Membrane,Secreted	2|4	bothMulti
Q68D10	Q8NI37	Nucleus	Mitochondrion	1|1	bothSingle
P22362	P51686	Secreted	Cell membrane,Membrane	1|2	oneMulti
Q502W6	Q8N309	Cytoplasm	none	1|1	bothSingle
P62837	Q86UW9	none	Cytoplasm,Nucleus	1|2	oneMulti
P51452	Q86XH1	Nucleus	Cell projection,Cilium,Cytoplasm,Cytoskeleton,Flagellum	1|5	oneMulti
P16157	P48382	Cytoplasm,Cytoskeleton,Membrane,Sarcoplasmic reticulum	Nucleus	4|1	oneMulti
O75477	Q7Z4R8	Endoplasmic reticulum,Membrane	Secreted	2|1	oneMulti
Q7Z3H0	Q9UM19	Cytoplasm,Nucleus	none	2|1	oneMulti
A6NJR5	P06493	none	Cytoplasm,Cytoskeleton,Mitochondrion,Nucleus	1|4	oneMulti
Q07889	Q96A58	none	Cytoplasm	1|1	bothSingle
P14635	Q14680	Cytoplasm,Cytoskeleton,Nucleus	Cell membrane,Membrane	3|2	bothMulti
P63208	P68036	none	Cytoplasm,Nucleus	1|2	oneMulti
A0AV96	Q6P1W5	Cytoplasm,Nucleus	none	2|1	oneMulti
P05387	P62910	none	Cytoplasm	1|1	bothSingle
Q6P2P2	Q8N806	Cytoplasm	none	1|1	bothSingle
P50914	Q8TD47	Cytoplasm	none	1|1	bothSingle
Q01469	Q9NZT1	Cytoplasm,Nucleus,Secreted,Synapse	none	4|1	oneMulti
Q12829	Q15369	Cell membrane,Membrane	Nucleus	2|1	oneMulti
P17568	Q9BWG6	Membrane,Mitochondrion,Mitochondrion inner membrane	Nucleus,Spliceosome	3|2	bothMulti
O14978	Q96PV6	Nucleus	none	1|1	bothSingle
P24588	P84243	Endosome,Membrane,Synapse	Chromosome,Nucleosome core,Nucleus	3|3	bothMulti
P0DKL9	Q96T68	none	Chromosome,Nucleus	1|2	oneMulti
Q96C24	Q9ULV0	Cell membrane,Cytoplasmic vesicle,Membrane	Cytoplasm	3|1	oneMulti
Q9HCJ0	Q9NZM3	none	Cytoplasm	1|1	bothSingle
P18124	Q9BZE4	Cytoplasm	Nucleus	1|1	bothSingle
P23409	Q86WC6	Nucleus	none	1|1	bothSingle
Q96JS3	Q9UNY5	none	Nucleus	1|1	bothSingle
P49593	Q00987	none	Cytoplasm,Nucleus	1|2	oneMulti
Q13064	Q969T4	none	Cytoplasm,Nucleus	1|2	oneMulti
P46781	Q8TD47	Cytoplasm,Nucleus	none	2|1	oneMulti
A0A1B0GUL7	P15056	none	Cell membrane,Cytoplasm,Membrane,Nucleus	1|4	oneMulti
P40429	Q9BYG3	Cytoplasm	Chromosome,Nucleus	1|2	oneMulti
P08240	Q96L21	Endoplasmic reticulum,Membrane	Cytoplasm	2|1	oneMulti
Q9C0B0	Q9UBI9	Cytoplasm	none	1|1	bothSingle
P01019	P50052	Secreted	Cell membrane,Membrane	1|2	oneMulti
Q07890	Q12778	none	Cytoplasm,Nucleus	1|2	oneMulti
Q96LD8	Q9GZS9	none	Golgi apparatus,Membrane	1|2	oneMulti
P13533	Q96A32	Cytoplasm,Thick filament	none	2|1	oneMulti
Q13042	Q8NHZ8	Cytoplasm,Cytoskeleton	Nucleus	2|1	oneMulti
P05387	Q10567	none	Cytoplasmic vesicle,Golgi apparatus,Membrane	1|3	oneMulti
Q8NDH6	Q9NRD5	none	Cytoplasm,Cytoskeleton,Membrane,Synapse,Synaptosome	1|5	oneMulti
O43524	P56705	Cytoplasm,Membrane,Mitochondrion,Mitochondrion outer membrane,Nucleus	Extracellular matrix,Secreted	5|2	bothMulti
O94768	P19105	Cell membrane,Membrane,Nucleus	none	3|1	oneMulti
P40939	P42166	Membrane,Mitochondrion,Mitochondrion inner membrane	Chromosome,Nucleus	3|2	bothMulti
P19105	Q9Y5S2	none	Cell junction,Cell membrane,Cell projection,Cytoplasm,Membrane	1|5	oneMulti
O75943	Q6WBX8	Nucleus	none	1|1	bothSingle
P56851	Q8N386	Secreted	Cytoplasm,Membrane	1|2	oneMulti
P04198	Q15118	Nucleus	Mitochondrion	1|1	bothSingle
P0C1Z6	Q9UEE9	Nucleus	Centromere,Chromosome,Kinetochore	1|3	oneMulti
P04066	Q9BTY2	Lysosome	Secreted	1|1	bothSingle
P49841	Q5VUJ6	Cell membrane,Cytoplasm,Membrane,Nucleus	none	4|1	oneMulti
O00311	Q68CZ2	Nucleus	Cell junction,Cell projection	1|2	oneMulti
O95881	Q02790	Endoplasmic reticulum	Cell projection,Cytoplasm,Cytoskeleton,Microtubule,Mitochondrion,Nucleus	1|6	oneMulti
Q9GZS9	Q9NXK8	Golgi apparatus,Membrane	none	2|1	oneMulti
P49639	Q9UHG3	Nucleus	Lysosome	1|1	bothSingle
O43166	Q9Y463	Cytoplasm,Cytoskeleton,Synapse,Synaptosome	Chromosome,Nucleus	4|2	bothMulti
Q13625	Q8NHQ8	Cytoplasm,Nucleus	none	2|1	oneMulti
Q13614	Q9NXD2	Cell projection,Cytoplasm,Endosome,Membrane	none	4|1	oneMulti
P48506	Q13541	none	Cytoplasm,Nucleus	1|2	oneMulti
Q9H6Z9	Q9NX40	Cytoplasm,Nucleus	Endosome	2|1	oneMulti
Q2WGJ6	Q9C004	none	Cell membrane,Cell projection,Cytoplasm,Membrane	1|4	oneMulti
O95747	Q9H9S4	Cytoplasm	none	1|1	bothSingle
P80075	Q15116	Secreted	Cell membrane,Membrane	1|2	oneMulti
O94763	Q9UHW5	Cell projection,Cytoplasm,Mitochondrion,Nucleus	none	4|1	oneMulti
Q9HAV0	Q9P2W3	none	Cell membrane,Membrane	1|2	oneMulti
P41208	P54368	Cytoplasm,Cytoskeleton,Nuclear pore complex,Nucleus	none	4|1	oneMulti
P53803	Q86WR6	DNA-directed RNA polymerase,Nucleus	Cytoplasm	2|1	oneMulti
P30154	P62714	none	Centromere,Chromosome,Cytoplasm,Cytoskeleton,Nucleus	1|5	oneMulti
P61077	Q96DX4	Cell membrane,Endosome,Membrane	Secreted	3|1	oneMulti
Q5JR59	Q9Y2S7	Cytoplasm,Cytoskeleton,Microtubule	Mitochondrion,Nucleus	3|2	bothMulti
P24386	Q9NX57	Cytoplasm	Cytoplasmic vesicle,Golgi apparatus,Membrane	1|3	oneMulti
Q8WVL7	Q96DC7	Nucleus	Membrane	1|1	bothSingle
Q8N2A8	Q9BXT6	Golgi apparatus,Membrane,Mitochondrion,Mitochondrion outer membrane	Cytoplasm	4|1	oneMulti
P11940	Q9ULR5	Cell projection,Cytoplasm,Nucleus,Spliceosome	none	4|1	oneMulti
Q8NEY4	Q93050	none	Cytoplasmic vesicle,Membrane,Synapse	1|3	oneMulti
P54652	Q8WW22	Cytoplasm,Cytoskeleton	Membrane	2|1	oneMulti
O00193	P27348	none	Cytoplasm	1|1	bothSingle
O95456	Q5JS54	Cytoplasm,Endoplasmic reticulum	none	2|1	oneMulti
O95789	Q96S79	Nucleus	Cell membrane,Membrane	1|2	oneMulti
Q00059	Q7L014	Mitochondrion,Mitochondrion nucleoid	Nucleus,Spliceosome	2|2	bothMulti
P16619	P32246	Secreted	Cell membrane,Membrane	1|2	oneMulti
A6NFE3	Q96MA6	none	Cell projection,Cytoplasm,Cytoskeleton	1|3	oneMulti
Q68CL5	Q6NSI8	Cytoplasm,Cytoskeleton,Microtubule	none	3|1	oneMulti
P62854	Q71UM5	Cytoplasm,Endoplasmic reticulum	none	2|1	oneMulti
O94826	Q6P4R8	Membrane,Mitochondrion,Mitochondrion outer membrane	Nucleus	3|1	oneMulti
O75762	Q9NWT6	Cell membrane,Membrane	Cytoplasm,Nucleus	2|2	bothMulti
O14974	O60341	Cytoplasm,Cytoskeleton	Nucleus	2|1	oneMulti
Q9C0D3	Q9Y2U9	Cytoplasm	Nucleus	1|1	bothSingle
O00170	P07949	Cytoplasm	Cell membrane,Endosome,Membrane	1|3	oneMulti
P29353	Q07890	Cell junction,Cytoplasm,Mitochondrion	none	3|1	oneMulti
P61163	P63027	Cytoplasm,Cytoskeleton	Cell membrane,Cytoplasmic vesicle,Membrane,Synapse	2|4	bothMulti
P37275	Q8IV61	Nucleus	none	1|1	bothSingle
Q9NV31	Q9NZL4	Nucleus	none	1|1	bothSingle
P24386	Q96AH8	Cytoplasm	Cytoplasmic vesicle,Endosome,Golgi apparatus,Lysosome,Membrane	1|5	oneMulti
Q8IZP6	Q9P021	none	Cell projection,Cytoplasm,Spliceosome,Synapse	1|4	oneMulti
Q96CN9	Q9UK45	Cytoplasm,Golgi apparatus,Membrane	Nucleus,Spliceosome	3|2	bothMulti
Q9BTV6	Q9UGK8	none	Cytoplasm,Nucleus	1|2	oneMulti
Q13275	Q9UIW2	Secreted	Cell membrane,Membrane	1|2	oneMulti
P15812	P61769	Endosome,Golgi apparatus,Lysosome,Membrane	Amyloid,MHC I,Secreted	4|3	bothMulti
P18621	Q9BXY0	Cytoplasm	Nucleus	1|1	bothSingle
O75147	P30203	Cytoplasm,Cytoskeleton,Golgi apparatus	Cell membrane,Membrane,Secreted	3|3	bothMulti
Q70EK9	Q9NPA8	Chromosome	Nucleus	1|1	bothSingle
Q15208	Q96BX8	Cytoplasm,Nucleus	none	2|1	oneMulti
P49639	Q6UXH1	Nucleus	Endoplasmic reticulum	1|1	bothSingle
P22090	P46781	none	Cytoplasm,Nucleus	1|2	oneMulti
O75473	Q9BXY4	Cell membrane,Golgi apparatus,Membrane	Secreted	3|1	oneMulti
Q9UJX2	Q9UJX4	none	Cytoplasm,Cytoskeleton,Nucleus	1|3	oneMulti
Q6V702	Q8IV35	Cytoplasm,Nucleus	none	2|1	oneMulti
P16410	Q6JVE5	Cell membrane,Membrane	Secreted	2|1	oneMulti
Q9UKV5	Q9Y2X8	Endoplasmic reticulum,Membrane	none	2|1	oneMulti
P48730	Q6PEV8	Cell membrane,Cytoplasm,Cytoskeleton,Golgi apparatus,Membrane,Nucleus	none	6|1	oneMulti
P00167	Q6BCY4	Cytoplasm,Endoplasmic reticulum,Membrane,Microsome	none	4|1	oneMulti
P51149	Q9P2M4	Cytoplasmic vesicle,Endosome,Lipid droplet,Lysosome,Membrane,Mitochondrion	Golgi apparatus	6|1	oneMulti
Q75QN2	Q9NX40	Nucleus	Endosome	1|1	bothSingle
Q9H082	Q9NU19	Golgi apparatus,Membrane	none	2|1	oneMulti
O60927	Q14CS0	none	Cytoplasm,Cytoskeleton,Endoplasmic reticulum,Golgi apparatus,Nucleus	1|5	oneMulti
Q14241	Q15276	Nucleus	Cytoplasm,Cytoplasmic vesicle,Endosome	1|3	oneMulti
P11234	Q9NZL6	Cell membrane,Membrane	none	2|1	oneMulti
P05976	Q8NEV4	none	Cell projection,Cytoplasm,Cytoskeleton	1|3	oneMulti
P62324	Q9UFF9	none	Cytoplasm,Nucleus	1|2	oneMulti
Q8WW22	Q9Y266	Membrane	Cytoplasm,Cytoskeleton,Microtubule,Nucleus	1|4	oneMulti
P84095	Q8IZ81	Cell membrane,Membrane	none	2|1	oneMulti
A0A1W2PPH5	P21675	none	Nucleus	1|1	bothSingle
Q5FYB1	Q8NEF9	Endoplasmic reticulum,Secreted	Cytoplasm	2|1	oneMulti
O00206	P01185	Cell membrane,Cell projection,Endosome,Membrane	Secreted	4|1	oneMulti
O75031	Q13064	Chromosome,Cytoplasm	none	2|1	oneMulti
P10243	Q9HA92	Nucleus	Mitochondrion	1|1	bothSingle
P63316	Q12965	none	Cell junction,Cytoplasm,Cytoplasmic vesicle,Cytoskeleton	1|4	oneMulti
P02751	P21709	Extracellular matrix,Secreted	Cell membrane,Membrane	2|2	bothMulti
O75874	P50213	Cytoplasm,Peroxisome	Mitochondrion	2|1	oneMulti
P40616	Q96BN8	Golgi apparatus,Membrane	Cytoplasm	2|1	oneMulti
P27348	Q04917	Cytoplasm	none	1|1	bothSingle
O94813	Q8N7M0	Secreted	none	1|1	bothSingle
Q8WX93	Q9NZQ3	Cell junction,Cell projection,Cytoplasm,Cytoskeleton	Nucleus	4|1	oneMulti
O15294	P26641	Cell membrane,Cell projection,Cytoplasm,Membrane,Mitochondrion,Nucleus	none	6|1	oneMulti
Q14849	Q6N063	Endosome,Membrane	none	2|1	oneMulti
O14519	Q96HT8	Chromosome,Nucleus	none	2|1	oneMulti
P62910	Q71UM5	Cytoplasm	none	1|1	bothSingle
O00244	Q04656	none	Cell membrane,Cell projection,Cytoplasm,Endoplasmic reticulum,Endosome,Golgi apparatus,Membrane,Synapse	1|8	oneMulti
P43234	Q86W34	Lysosome	none	1|1	bothSingle
P30519	Q9Y2X7	Endoplasmic reticulum,Membrane,Microsome	Cell junction,Cell projection,Cytoplasm,Cytoskeleton,Synapse	3|5	bothMulti
P99999	Q9Y3D8	Mitochondrion	Cytoplasm,Nucleus	1|2	oneMulti
P55795	Q6RI45	Nucleus	none	1|1	bothSingle
P57077	Q13227	none	Cytoplasm,Mitochondrion,Nucleus	1|3	oneMulti
Q03468	Q5QP82	Nucleus	none	1|1	bothSingle
P60983	Q8NHG7	none	Cell membrane,Endoplasmic reticulum,Golgi apparatus,Membrane	1|4	oneMulti
P84095	Q53GG5	Cell membrane,Membrane	Cytoplasm	2|1	oneMulti
P15408	Q99418	Nucleus	Cell junction,Cell membrane,Cell projection,Cytoplasm,Membrane,Tight junction	1|6	oneMulti
P11233	Q3MIN7	Cell membrane,Membrane,Mitochondrion	none	3|1	oneMulti
Q13241	Q15485	Cell membrane,Membrane	Secreted	2|1	oneMulti
P29466	P51878	Cell membrane,Cytoplasm,Membrane	none	3|1	oneMulti
P11309	P30304	Cell membrane,Cytoplasm,Membrane,Nucleus	none	4|1	oneMulti
O43345	Q9GZU5	Nucleus	Extracellular matrix,Secreted	1|2	oneMulti
Q16552	Q6IA17	Secreted	Membrane	1|1	bothSingle
P63096	Q2M5E4	Cell membrane,Cytoplasm,Cytoskeleton,Membrane,Nucleus	none	5|1	oneMulti
Q8WYH8	Q92613	Chromosome,Nucleus	none	2|1	oneMulti
P0DI82	Q5T215	Cytoplasm,Nucleus	Endoplasmic reticulum,Golgi apparatus	2|2	bothMulti
Q86UD3	Q96LR5	Cytoplasmic vesicle,Endosome,Membrane	none	3|1	oneMulti
Q6EEV6	Q9H4L4	none	Cytoplasm,Nucleus	1|2	oneMulti
A8MW92	Q9BYD2	Nucleus	Mitochondrion	1|1	bothSingle
O75506	Q8WUW1	Nucleus	Cytoplasm,Cytoskeleton	1|2	oneMulti
O00746	O60361	Membrane,Mitochondrion	none	2|1	oneMulti
O75400	Q8WZ74	Nucleus	Cell projection,Cytoplasm,Synapse	1|3	oneMulti
P46777	Q9BYC8	Cytoplasm,Nucleus	Mitochondrion	2|1	oneMulti
Q96A73	Q9H078	Cytoplasm	Mitochondrion	1|1	bothSingle
P50148	Q2M5E4	Cell membrane,Golgi apparatus,Membrane,Nucleus	none	4|1	oneMulti
P04049	P62873	Cell membrane,Cytoplasm,Membrane,Mitochondrion,Nucleus	none	5|1	oneMulti
P31276	Q6RW13	Nucleus	Cytoplasmic vesicle,Endoplasmic reticulum,Golgi apparatus,Membrane	1|4	oneMulti
P30050	Q6P5R6	Cytoplasm	none	1|1	bothSingle
A0A0A0MT82	A0A0G2JS06	none	Cell membrane,Immunoglobulin,Membrane,Secreted	1|4	oneMulti
Q5XUX0	Q70EK8	none	Cell junction,Tight junction	1|2	oneMulti
A6NKT7	P35658	none	Nuclear pore complex,Nucleus	1|2	oneMulti
Q9H1Y0	Q9HBF4	Cytoplasm,Membrane	Endoplasmic reticulum,Golgi apparatus,Lipid droplet,Mitochondrion	2|4	bothMulti
P01019	Q969V1	Secreted	Cell membrane,Membrane	1|2	oneMulti
Q9NZV7	Q9P289	Nucleus	Cytoplasm,Golgi apparatus	1|2	oneMulti
P61088	Q9P0P0	Cytoplasm,Nucleus	none	2|1	oneMulti
Q3YBR2	Q9ULM0	Nucleus	none	1|1	bothSingle
P62837	Q9Y4X5	none	Cytoplasm,Nucleus	1|2	oneMulti
Q7L804	Q9ULV0	Cell membrane,Cell projection,Endosome,Membrane	Cytoplasm	4|1	oneMulti
Q15369	Q3SY89	Nucleus	none	1|1	bothSingle
A0A1W2PR64	Q15543	none	Nucleus	1|1	bothSingle
P49771	P52815	Cell membrane,Membrane,Secreted	Mitochondrion	3|1	oneMulti
P31152	Q7L8L6	Cytoplasm,Nucleus	Mitochondrion,Mitochondrion nucleoid	2|2	bothMulti
Q86Y13	Q96EF6	Cytoplasm	none	1|1	bothSingle
Q9NWT1	Q9Y3B9	Nucleus	none	1|1	bothSingle
O94979	Q92696	Cytoplasm,Cytoplasmic vesicle,Endoplasmic reticulum,Membrane	none	4|1	oneMulti
P49459	P78317	none	Cytoplasm,Nucleus	1|2	oneMulti
P20701	Q9Y6C2	Cell membrane,Membrane	Extracellular matrix,Secreted	2|2	bothMulti
Q99467	Q9Y6Y9	Cell membrane,Membrane	Secreted	2|1	oneMulti
Q6ZUT1	Q9UK58	none	Nucleus	1|1	bothSingle
Q8NG41	Q9BTV6	Secreted	none	1|1	bothSingle
P14649	Q8NEV4	none	Cell projection,Cytoplasm,Cytoskeleton	1|3	oneMulti
P61601	Q86VH4	none	Cell membrane,Membrane,Postsynaptic cell membrane,Synapse	1|4	oneMulti
P61204	P63027	Cytoplasm,Golgi apparatus	Cell membrane,Cytoplasmic vesicle,Membrane,Synapse	2|4	bothMulti
P09012	Q8WUD4	Nucleus,Spliceosome	none	2|1	oneMulti
Q8TER5	Q9BXB1	Cytoplasm	Cell membrane,Membrane	1|2	oneMulti
Q14137	Q9Y3U8	Nucleus	Cytoplasm	1|1	bothSingle
Q86YC3	Q9Y2R2	Cell membrane,Endoplasmic reticulum,Membrane	Cytoplasm	3|1	oneMulti
Q13042	Q9H3D4	Cytoplasm,Cytoskeleton	Nucleus	2|1	oneMulti
P40225	P40238	Secreted	Cell membrane,Golgi apparatus,Membrane	1|3	oneMulti
O43583	Q7L5N1	none	Cytoplasm,Nucleus,Signalosome	1|3	oneMulti
Q8TAA3	Q8TD47	Nucleus,Proteasome	none	2|1	oneMulti
O60925	Q9UHV9	none	Cytoplasm,Mitochondrion,Nucleus	1|3	oneMulti
Q14416	Q8WXD9	Cell membrane,Cell projection,Membrane,Synapse	Cytoplasm	4|1	oneMulti
P29323	Q9NZL4	Cell membrane,Cell projection,Membrane	none	3|1	oneMulti
Q8N831	Q96NT1	none	Nucleus	1|1	bothSingle
P84022	Q8TF66	Cytoplasm,Nucleus	Cell membrane,Membrane	2|2	bothMulti
Q15327	Q5VV17	Nucleus	none	1|1	bothSingle
P41221	Q9UP38	Extracellular matrix,Secreted	Cell membrane,Membrane	2|2	bothMulti
P19878	Q9Y5S8	Cytoplasm	Cell junction,Cell membrane,Cell projection,Membrane	1|4	oneMulti
O00206	P25774	Cell membrane,Cell projection,Endosome,Membrane	Cytoplasmic vesicle,Lysosome,Secreted	4|3	bothMulti
P11686	Q9BZL3	Secreted,Surface film	Membrane	2|1	oneMulti
P40616	Q8WUA7	Golgi apparatus,Membrane	none	2|1	oneMulti
Q6MZW2	Q9Y4C0	Secreted	Cell membrane,Cell projection,Membrane,Synapse	1|4	oneMulti
Q08043	Q9H987	none	Cytoplasm,Cytoskeleton	1|2	oneMulti
P78556	Q9P126	Secreted	Membrane	1|1	bothSingle
P12829	Q6PIF6	none	Cell projection,Cytoplasm,Cytoskeleton	1|3	oneMulti
O14965	P46100	Cell membrane,Cell projection,Cilium,Cytoplasm,Cytoskeleton,Membrane,Microtubule	Chromosome,Nucleus,Telomere	7|3	bothMulti
O60671	Q6WBX8	Nucleus	none	1|1	bothSingle
P40429	Q96T21	Cytoplasm	Mitochondrion,Nucleus	1|2	oneMulti
O00231	Q16401	Cytoplasm,Nucleus,Proteasome	none	3|1	oneMulti
O43255	Q8IW03	Cytoplasm,Nucleus	Mitochondrion	2|1	oneMulti
P61077	Q86Y01	Cell membrane,Endosome,Membrane	Cytoplasm,Nucleus	3|2	bothMulti
P30405	P55854	Mitochondrion	Cytoplasm,Nucleus	1|2	oneMulti
Q155Q3	Q86V42	Cell junction,Cytoplasm,Cytoskeleton	none	3|1	oneMulti
Q9H0F5	Q9Y385	Nucleus	Endoplasmic reticulum,Membrane	1|2	oneMulti
P62837	Q969K3	none	Cell membrane,Cytoplasm,Membrane,Nucleus	1|4	oneMulti
Q13129	Q9NQX4	Nucleus	none	1|1	bothSingle
Q6NVY1	Q9Y376	Mitochondrion	Cytoplasm	1|1	bothSingle
Q96RV3	Q9UGL1	Membrane	Nucleus	1|1	bothSingle
Q16611	Q96PG8	Membrane,Mitochondrion,Mitochondrion outer membrane	none	3|1	oneMulti
Q14590	Q9NUC0	Nucleus	none	1|1	bothSingle
A0A096LPH7	Q8WVR3	none	Cytoplasm,Cytoskeleton	1|2	oneMulti
Q13635	Q9C0D3	Cell membrane,Membrane	Cytoplasm	2|1	oneMulti
Q4VC31	Q99623	none	Cell membrane,Cytoplasm,Membrane,Mitochondrion,Mitochondrion inner membrane,Nucleus	1|6	oneMulti
A0A024R1R8	Q9BZL1	none	Cytoplasm,Nucleus	1|2	oneMulti
O75581	P49840	Cell membrane,Endoplasmic reticulum,Membrane	none	3|1	oneMulti
P51668	Q9NS56	Cytoplasm	Nucleus	1|1	bothSingle
P19387	Q9H6T3	DNA-directed RNA polymerase,Nucleus	none	2|1	oneMulti
Q96EQ8	Q96LR5	Golgi apparatus,Membrane	none	2|1	oneMulti
Q04656	Q15120	Cell membrane,Cell projection,Cytoplasm,Endoplasmic reticulum,Endosome,Golgi apparatus,Membrane,Synapse	Mitochondrion	8|1	oneMulti
Q8IWX8	Q9UHX1	Cytoplasm,Endoplasmic reticulum	Nucleus	2|1	oneMulti
Q70EK8	Q9Y2K6	Cell junction,Tight junction	Cytoplasm,Cytoskeleton,Endoplasmic reticulum	2|3	bothMulti
Q9BPW5	Q9NZM3	none	Cytoplasm	1|1	bothSingle
P55010	Q2VIR3	Cytoplasm	none	1|1	bothSingle
P31939	Q9UM73	Cytoplasm	Cell membrane,Membrane	1|2	oneMulti
Q6EEV6	Q9P0U3	none	Cytoplasm,Nucleus	1|2	oneMulti
P60006	Q13042	none	Cytoplasm,Cytoskeleton	1|2	oneMulti
P56704	Q8J025	Extracellular matrix,Secreted	Cell membrane,Membrane	2|2	bothMulti
Q8N5N7	Q9Y4Y9	Mitochondrion	Nucleus,Spliceosome	1|2	oneMulti
Q5HYK7	Q96HL8	Cytoplasm,Nucleus	none	2|1	oneMulti
P61081	Q9H9Q2	none	Cytoplasm,Nucleus,Signalosome	1|3	oneMulti
Q6AI39	Q9H8M2	none	Nucleus	1|1	bothSingle
Q16665	Q16821	Cytoplasm,Nucleus	Membrane	2|1	oneMulti
P62837	Q13489	none	Cytoplasm,Nucleus	1|2	oneMulti
Q9NYG5	Q9UJX6	Cytoplasm,Nucleus	none	2|1	oneMulti
Q13637	Q9H814	Cytoplasmic vesicle,Membrane,Mitochondrion,Mitochondrion outer membrane	Cytoplasm,Nucleus	4|2	bothMulti
P61513	Q9UHA3	Cytoplasm	Nucleus	1|1	bothSingle
Q96EK9	Q9H9T3	none	Cytoplasm,Nucleus	1|2	oneMulti
O14829	Q96GE6	none	Cell projection	1|1	bothSingle
P30203	Q8WUA4	Cell membrane,Membrane,Secreted	Nucleus	3|1	oneMulti
P49746	P49747	none	Extracellular matrix,Secreted	1|2	oneMulti
Q9ULW3	Q9Y6V7	Nucleus	none	1|1	bothSingle
Q8TAM1	Q9NPJ1	Cell projection	Cytoplasm,Cytoskeleton,Nucleus	1|3	oneMulti
Q8NHM5	Q969U6	Chromosome,Nucleus	Cytoplasm	2|1	oneMulti
P62888	Q9UNX3	Cytoplasm	none	1|1	bothSingle
A0A2R8Y422	P83881	none	Cytoplasm	1|1	bothSingle
O43739	P15408	Cell junction,Cell membrane,Cytoplasm,Membrane,Tight junction	Nucleus	5|1	oneMulti
Q9P2S6	Q9Y238	none	Cytoplasm	1|1	bothSingle
P15813	P61769	Cell membrane,Endoplasmic reticulum,Endosome,Lysosome,Membrane	Amyloid,MHC I,Secreted	5|3	bothMulti
O95931	P42772	Nucleus	Cytoplasm	1|1	bothSingle
P08620	P11362	Secreted	Cell membrane,Cytoplasm,Cytoplasmic vesicle,Membrane,Nucleus	1|5	oneMulti
P40939	Q8NHW5	Membrane,Mitochondrion,Mitochondrion inner membrane	none	3|1	oneMulti
P50222	Q8WXB1	Nucleus	Cytoplasm	1|1	bothSingle
Q8N5M4	Q9HBH0	none	Cell membrane,Cytoplasm,Cytoskeleton,Membrane	1|4	oneMulti
Q14790	Q92851	Cell projection,Cytoplasm,Nucleus	none	3|1	oneMulti
Q4KMZ1	Q8TD31	none	Cytoplasm,Nucleus	1|2	oneMulti
O95881	Q86SX6	Endoplasmic reticulum	Mitochondrion	1|1	bothSingle
P61077	Q9NS56	Cell membrane,Endosome,Membrane	Nucleus	3|1	oneMulti
Q9H2K0	Q9Y5W7	Mitochondrion	Cell projection,Endosome,Lysosome,Membrane	1|4	oneMulti
P62837	Q96GF1	none	Endoplasmic reticulum,Membrane,Mitochondrion,Mitochondrion outer membrane	1|4	oneMulti
O14578	O75947	Cytoplasm	CF(0),Membrane,Mitochondrion,Mitochondrion inner membrane	1|4	oneMulti
A0A087WX78	Q15369	none	Nucleus	1|1	bothSingle
P62253	Q147X3	none	Cytoplasm,Nucleus	1|2	oneMulti
O60884	Q9UL15	Membrane	none	1|1	bothSingle
P51805	Q13275	Cell membrane,Membrane	Secreted	2|1	oneMulti
Q13203	Q96NY8	Thick filament	Cell junction,Cell membrane,Membrane,Secreted	1|4	oneMulti
P04183	Q15262	Cytoplasm	Cell junction,Cell membrane,Membrane	1|3	oneMulti
O43930	P31321	none	Cell membrane,Membrane	1|2	oneMulti
P83859	Q96P65	Secreted	Cell membrane,Membrane	1|2	oneMulti
O15013	P61586	none	Cell membrane,Cell projection,Cytoplasm,Cytoskeleton,Membrane,Nucleus	1|6	oneMulti
A6NEL2	O60610	none	Cell membrane,Cell projection,Cytoplasm,Cytoskeleton,Membrane,Nucleus	1|6	oneMulti
O94813	Q9P283	Secreted	Membrane	1|1	bothSingle
Q9Y3A6	Q9Y5X9	Endoplasmic reticulum,Golgi apparatus,Membrane	Secreted	3|1	oneMulti
Q4G0X4	Q96BH1	none	Cytoplasm	1|1	bothSingle
P57060	Q9H790	none	Cytoplasm,Nucleus	1|2	oneMulti
Q765P7	Q9NZQ3	Cell projection,Cytoplasm	Nucleus	2|1	oneMulti
P30203	Q92759	Cell membrane,Membrane,Secreted	Nucleus	3|1	oneMulti
P00533	Q07890	Cell membrane,Endoplasmic reticulum,Endosome,Golgi apparatus,Membrane,Nucleus,Secreted	none	7|1	oneMulti
A8MW92	Q96JG6	Nucleus	Endosome,Membrane	1|2	oneMulti
O14974	P15498	Cytoplasm,Cytoskeleton	none	2|1	oneMulti
Q02750	Q96RU8	Cytoplasm,Cytoskeleton,Membrane,Nucleus	none	4|1	oneMulti
O15355	Q96RU7	Cytoplasm,Membrane	Nucleus	2|1	oneMulti
P62745	Q52LW3	Cell membrane,Endosome,Membrane,Nucleus	none	4|1	oneMulti
Q8WVP5	Q8WW52	Cytoplasm	Membrane	1|1	bothSingle
P40933	Q9UHX3	Cytoplasm,Nucleus,Secreted	Cell membrane,Cell projection,Membrane	3|3	bothMulti
Q13255	Q9NZR4	Cell membrane,Membrane	Nucleus	2|1	oneMulti
Q8N594	Q9UIF8	none	Nucleus	1|1	bothSingle
Q6ZN54	Q9Y4G2	none	Cytoplasmic vesicle,Endosome,Lysosome,Membrane	1|4	oneMulti
Q5EBL8	Q9Y3C6	Cell junction,Cell membrane,Cytoplasm,Membrane,Secreted	Nucleus,Spliceosome	5|2	bothMulti
P49715	Q96RU8	Nucleus	none	1|1	bothSingle
O15479	Q9NXX6	none	Chromosome,Nucleus,Telomere	1|3	oneMulti
O75674	Q9NWM3	Cytoplasm,Endosome,Golgi apparatus,Membrane	none	4|1	oneMulti
A0A1W2PPL8	Q8IZX4	none	Nucleus	1|1	bothSingle
Q5VV17	Q6EMK4	none	Membrane,Secreted	1|2	oneMulti
O95396	Q6P4F2	Cytoplasm	Mitochondrion	1|1	bothSingle
P46821	Q9HC96	Cell projection,Cytoplasm,Cytoskeleton,Microtubule,Synapse	none	5|1	oneMulti
O75838	Q92623	Cell membrane,Cell projection,Cilium,Cytoplasm,Membrane	none	5|1	oneMulti
P36873	Q86WC6	Centromere,Chromosome,Cytoplasm,Cytoskeleton,Kinetochore,Mitochondrion,Nucleus	none	7|1	oneMulti
O60524	Q8NHW5	Cytoplasm,Nucleus	none	2|1	oneMulti
O43301	Q9NZU0	Cytoplasm,Nucleus	Cell junction,Cell membrane,Cell projection,Endoplasmic reticulum,Membrane,Secreted	2|6	bothMulti
A6NI28	Q9UNA1	none	Cell junction,Cytoplasm,Cytoskeleton,Endosome,Membrane	1|5	oneMulti
P30530	Q14393	Cell membrane,Membrane	Secreted	2|1	oneMulti
O15040	P49754	none	Cytoplasm,Cytoplasmic vesicle,Endosome,Golgi apparatus,Lysosome,Membrane	1|6	oneMulti
Q8TAP6	Q9HBE1	Cytoplasm,Cytoskeleton	Nucleus	2|1	oneMulti
Q13795	Q15669	Golgi apparatus	Cell membrane,Cytoplasm,Membrane	1|3	oneMulti
P12104	Q9UKU7	Cytoplasm	Mitochondrion	1|1	bothSingle
P52948	Q16543	Membrane,Nuclear pore complex,Nucleus	Cytoplasm	3|1	oneMulti
P05386	Q5JPH6	none	Mitochondrion	1|1	bothSingle
P28328	Q9GZS3	Membrane,Peroxisome	Cytoplasm,Nucleus	2|2	bothMulti
P47755	Q12792	none	Cytoplasm,Cytoskeleton	1|2	oneMulti
P30043	Q9NRX3	Cytoplasm	none	1|1	bothSingle
P30679	Q9NS28	none	Cytoplasm	1|1	bothSingle
P03971	Q16671	Secreted	Membrane	1|1	bothSingle
P01825	S4R460	Cell membrane,Immunoglobulin,Membrane,Secreted	none	4|1	oneMulti
P24386	Q92930	Cytoplasm	Cell membrane,Cytoplasmic vesicle,Endosome,Membrane	1|4	oneMulti
A6NDZ8	Q8WXI9	none	Chromosome,Nucleus	1|2	oneMulti
P15954	Q9C002	Membrane,Mitochondrion,Mitochondrion inner membrane	Nucleus	3|1	oneMulti
Q99966	Q9BQP7	Cytoplasm,Nucleus	Mitochondrion	2|1	oneMulti
O75838	Q8N6N2	Cell membrane,Cell projection,Cilium,Cytoplasm,Membrane	none	5|1	oneMulti
P16066	P16860	Membrane	Secreted	1|1	bothSingle
Q5VZL5	Q9UMX0	none	Cell membrane,Cytoplasm,Cytoplasmic vesicle,Endoplasmic reticulum,Membrane,Nucleus,Proteasome	1|7	oneMulti
O95164	Q8WUI4	Cell membrane,Membrane	Cytoplasm,Nucleus	2|2	bothMulti
Q8WZ60	Q9ULM3	none	Nucleus	1|1	bothSingle
O00267	P09001	Nucleus	Mitochondrion	1|1	bothSingle
O15062	Q2TBA0	Nucleus	Cytoplasm	1|1	bothSingle
P48058	Q8IXF0	Cell membrane,Cell projection,Membrane,Postsynaptic cell membrane,Synapse	Nucleus	5|1	oneMulti
P20042	Q7L1Q6	Cytoplasm	none	1|1	bothSingle
O60880	Q9P1W9	Cytoplasm	none	1|1	bothSingle
P31321	P51817	Cell membrane,Membrane	Cytoplasm,Nucleus	2|2	bothMulti
P13497	Q04721	Extracellular matrix,Golgi apparatus,Secreted	Cell membrane,Cytoplasm,Membrane,Nucleus	3|4	bothMulti
Q9HCM3	Q9NZM3	Cell projection,Membrane	Cytoplasm	2|1	oneMulti
P30154	P67775	none	Centromere,Chromosome,Cytoplasm,Cytoskeleton,Nucleus	1|5	oneMulti
Q8NER5	Q93097	Membrane	Extracellular matrix,Secreted	1|2	oneMulti
P43358	Q9NXX6	none	Chromosome,Nucleus,Telomere	1|3	oneMulti
P07202	Q9UBX0	Membrane	Nucleus	1|1	bothSingle
P37275	Q9Y6C5	Nucleus	Membrane	1|1	bothSingle
Q4G0X9	Q9UIA0	Cell projection,Cilium,Cytoplasm	Cell membrane,Membrane	3|2	bothMulti
Q00535	Q6ZMN8	Cell membrane,Cell projection,Cytoplasm,Membrane,Nucleus,Synapse	none	6|1	oneMulti
Q567U6	Q9H0A8	Endosome	Cytoplasm,Nucleus	1|2	oneMulti
Q9BQ61	Q9BZI1	none	Nucleus	1|1	bothSingle
O60812	Q86SE5	Nucleus	none	1|1	bothSingle
P40222	Q13136	none	Cytoplasm	1|1	bothSingle
Q7Z465	Q9H6Z9	none	Cytoplasm,Nucleus	1|2	oneMulti
P05412	Q5JPB2	Nucleus	none	1|1	bothSingle
O14543	P40189	none	Cell membrane,Membrane,Secreted	1|3	oneMulti
P23763	Q15833	Cytoplasmic vesicle,Membrane,Mitochondrion,Mitochondrion outer membrane,Synapse,Synaptosome	none	6|1	oneMulti
Q16671	Q92904	Membrane	Cytoplasm,Nucleus	1|2	oneMulti
P61026	Q92696	Cell projection,Cytoplasm,Cytoplasmic vesicle,Cytoskeleton,Endoplasmic reticulum,Endosome,Golgi apparatus,Membrane	none	8|1	oneMulti
Q6PK04	Q9UGI0	Chromosome	Cytoplasm,Nucleus	1|2	oneMulti
P49257	Q99674	Endoplasmic reticulum,Golgi apparatus,Membrane	Secreted	3|1	oneMulti
Q9NRI5	Q9UNK9	Cytoplasm,Cytoskeleton,Microtubule,Mitochondrion,Synapse	none	5|1	oneMulti
P19105	Q8NEV4	none	Cell projection,Cytoplasm,Cytoskeleton	1|3	oneMulti
O94813	Q8N441	Secreted	Membrane	1|1	bothSingle
P55040	Q9UGI0	Cell membrane,Membrane	Cytoplasm,Nucleus	2|2	bothMulti
O95363	Q5JR59	Mitochondrion	Cytoplasm,Cytoskeleton,Microtubule	1|3	oneMulti
P06493	P33552	Cytoplasm,Cytoskeleton,Mitochondrion,Nucleus	none	4|1	oneMulti
P09110	P23434	Peroxisome	Mitochondrion	1|1	bothSingle
P51398	Q7Z3J3	Mitochondrion	none	1|1	bothSingle
P61601	Q6UXY1	none	Cell junction,Cell membrane,Cytoplasmic vesicle,Membrane	1|4	oneMulti
Q8IYQ7	Q96SL4	none	Secreted	1|1	bothSingle
O14498	P54753	Secreted	Cell membrane,Cell projection,Membrane	1|3	oneMulti
P06870	P29622	none	Secreted	1|1	bothSingle
O75325	Q2KJY2	Membrane	Cytoplasm,Cytoskeleton,Microtubule	1|3	oneMulti
Q12872	Q9Y2A7	Nucleus	Cell membrane,Cell projection,Membrane	1|3	oneMulti
Q52LW3	Q96JJ6	none	Cell membrane,Endoplasmic reticulum,Membrane	1|3	oneMulti
P11233	Q12967	Cell membrane,Membrane,Mitochondrion	Cytoplasm,Nucleus	3|2	bothMulti
O75340	Q9P2N7	Cytoplasm,Cytoplasmic vesicle,Endoplasmic reticulum,Endosome,Membrane,Nucleus	none	6|1	oneMulti
Q16769	Q9UJ72	Secreted	none	1|1	bothSingle
P01137	P25024	Extracellular matrix,Secreted	Cell membrane,Membrane	2|2	bothMulti
P62854	Q9NV31	Cytoplasm,Endoplasmic reticulum	Nucleus	2|1	oneMulti
Q9H8J5	Q9UI43	Membrane	Mitochondrion	1|1	bothSingle
P20718	Q01151	Lysosome	Membrane	1|1	bothSingle
P51970	Q9BRQ3	Membrane,Mitochondrion,Mitochondrion inner membrane	none	3|1	oneMulti
P17029	Q96JS3	Nucleus	none	1|1	bothSingle
P61204	Q9NRD0	Cytoplasm,Golgi apparatus	none	2|1	oneMulti
O43711	Q96PV0	Nucleus	none	1|1	bothSingle
O96007	Q7L1T6	Cytoplasm	Endoplasmic reticulum	1|1	bothSingle
P37173	Q68CZ2	Cell membrane,Membrane,Secreted	Cell junction,Cell projection	3|2	bothMulti
P61077	Q9Y508	Cell membrane,Endosome,Membrane	Cytoplasm,Nucleus	3|2	bothMulti
P12544	Q8IYL9	Secreted	Cell membrane,Membrane	1|2	oneMulti
Q7L8L6	Q8N386	Mitochondrion,Mitochondrion nucleoid	Cytoplasm,Membrane	2|2	bothMulti
P13674	Q16637	Endoplasmic reticulum	Cell projection,Cytoplasm,Nucleus	1|3	oneMulti
O14921	P19086	none	Membrane	1|1	bothSingle
P07204	Q96IY4	Membrane	Secreted	1|1	bothSingle
P55040	Q4VC12	Cell membrane,Membrane	none	2|1	oneMulti
P14784	P60568	Cell membrane,Membrane	Secreted	2|1	oneMulti
O14950	Q9Y623	none	Cytoplasm,Thick filament	1|2	oneMulti
O60880	Q6UWB1	Cytoplasm	Membrane	1|1	bothSingle
P25685	Q9H3Y8	Cytoplasm,Nucleus	none	2|1	oneMulti
P00540	Q8N6Y0	Cytoplasm	none	1|1	bothSingle
O60437	Q86WB0	Cell junction,Cell membrane,Cytoplasm,Cytoskeleton,Membrane	Nucleus	5|1	oneMulti
Q6ZNK6	Q96CG3	none	Cytoplasm	1|1	bothSingle
O75143	Q7Z3C6	Cytoplasm	Cytoplasmic vesicle,Endoplasmic reticulum,Endosome,Golgi apparatus,Membrane,Mitochondrion	1|6	oneMulti
P61956	Q9BQF6	Nucleus	Cytoplasm	1|1	bothSingle
P61313	Q8IY81	Cytoplasm	Nucleus	1|1	bothSingle
Q6TFL4	Q8NCN2	Cell junction,Cell projection,Cytoplasm	Nucleus	3|1	oneMulti
O95789	Q13077	Nucleus	none	1|1	bothSingle
Q6TFL4	Q9H0H3	Cell junction,Cell projection,Cytoplasm	none	3|1	oneMulti
P33764	P60903	Cytoplasm	none	1|1	bothSingle
P08069	Q9NP95	Cell membrane,Membrane	Secreted	2|1	oneMulti
Q15369	Q9H672	Nucleus	none	1|1	bothSingle
Q6P1N0	Q9BY43	Cytoplasm,Cytoskeleton,Nucleus	Cytoplasmic vesicle,Endosome,Membrane	3|3	bothMulti
P62917	Q96G21	Cytoplasm	Nucleus	1|1	bothSingle
O95630	Q8NG27	Cytoplasm,Endosome,Membrane,Nucleus	none	4|1	oneMulti
O15013	Q9HCE6	none	Cytoplasm	1|1	bothSingle
O15212	Q9NQP4	none	Cytoplasm,Mitochondrion,Nucleus	1|3	oneMulti
Q14562	Q96IZ5	Nucleus,Spliceosome	none	2|1	oneMulti
O14974	Q8WTS6	Cytoplasm,Cytoskeleton	Chromosome,Nucleus	2|2	bothMulti
P24386	P53611	Cytoplasm	none	1|1	bothSingle
A6NM36	Q9Y2I2	none	Cell membrane,Membrane	1|2	oneMulti
Q9H9S4	Q9UEW8	none	Cytoplasm,Nucleus	1|2	oneMulti
Q9NQZ2	Q9Y6V7	Nucleus	none	1|1	bothSingle
Q15388	Q9BQS8	Membrane,Mitochondrion,Mitochondrion outer membrane	Cytoplasmic vesicle,Endosome,Lysosome	3|3	bothMulti
Q9BYT8	Q9Y2U8	Cytoplasm,Mitochondrion	Membrane,Nucleus	2|2	bothMulti
P12544	Q96E93	Secreted	Cell membrane,Membrane	1|2	oneMulti
O00194	Q9BXI6	Endosome,Membrane	Cell projection	2|1	oneMulti
Q7Z3J3	Q8N1F7	none	Membrane,Nuclear pore complex,Nucleus	1|3	oneMulti
Q9Y2K6	Q9Y3B7	Cytoplasm,Cytoskeleton,Endoplasmic reticulum	Mitochondrion	3|1	oneMulti
Q13564	Q15843	Cell membrane,Membrane	Nucleus	2|1	oneMulti
P57086	Q96JS3	Nucleus	none	1|1	bothSingle
P09341	Q15116	Secreted	Cell membrane,Membrane	1|2	oneMulti
P48454	Q99653	Mitochondrion	Cell membrane,Cytoplasm,Cytoskeleton,Endoplasmic reticulum,Membrane,Nucleus	1|6	oneMulti
P16104	Q9Y678	Chromosome,Nucleosome core,Nucleus	Cytoplasm,Cytoplasmic vesicle,Golgi apparatus,Membrane	3|4	bothMulti
Q9UBC3	Q9Y4H2	Nucleus	Cytoplasm	1|1	bothSingle
Q8N8Y2	Q93050	none	Cytoplasmic vesicle,Membrane,Synapse	1|3	oneMulti
Q8TDB6	Q9Y2X8	Cytoplasm,Endosome,Lysosome,Membrane,Nucleus	none	5|1	oneMulti
Q96K17	Q9H009	none	Cytoplasm,Nucleus	1|2	oneMulti
P56381	Q12962	CF(1),Membrane,Mitochondrion,Mitochondrion inner membrane	Nucleus	4|1	oneMulti
A0A1W2PPL8	Q16514	none	Nucleus	1|1	bothSingle
P26373	Q9NRX2	Cytoplasm	Mitochondrion	1|1	bothSingle
Q1MX18	Q96MM3	Cytoplasm	Nucleus	1|1	bothSingle
P63208	Q96IG2	none	Cytoplasm	1|1	bothSingle
P29460	P42701	Secreted	Membrane	1|1	bothSingle
Q8N612	Q9H8T0	none	Cell membrane,Cytoplasm,Membrane	1|3	oneMulti
P06576	Q9NX36	CF(1),Membrane,Mitochondrion,Mitochondrion inner membrane	none	4|1	oneMulti
Q68D86	Q96A72	Cytoplasm,Cytoskeleton	Nucleus,Spliceosome	2|2	bothMulti
P24462	Q9C086	Endoplasmic reticulum,Membrane,Microsome	Nucleus	3|1	oneMulti
O75052	Q13501	Cell junction,Cell projection	Cytoplasm,Cytoplasmic vesicle,Endoplasmic reticulum,Endosome,Lysosome,Nucleus	2|6	bothMulti
Q96GY0	Q9H6Z9	none	Cytoplasm,Nucleus	1|2	oneMulti
Q14832	Q8N475	Cell membrane,Membrane	Secreted	2|1	oneMulti
O15264	P29966	none	Cell membrane,Cytoplasm,Cytoskeleton,Membrane	1|4	oneMulti
P18846	Q9NNX1	Nucleus	Secreted	1|1	bothSingle
P01160	P20594	Cell projection,Secreted	Cell membrane,Membrane	2|2	bothMulti
P12544	Q9BSH5	Secreted	none	1|1	bothSingle
A6NKN8	O14561	none	Mitochondrion	1|1	bothSingle
A6NLX3	Q00535	none	Cell membrane,Cell projection,Cytoplasm,Membrane,Nucleus,Synapse	1|6	oneMulti
Q96A11	Q9Y3D2	Golgi apparatus,Membrane	Mitochondrion	2|1	oneMulti
O43567	P51668	Endoplasmic reticulum,Endosome,Lysosome,Membrane,Nucleus	Cytoplasm	5|1	oneMulti
Q4G0X4	Q8NC69	none	Cytoplasm	1|1	bothSingle
Q96QZ7	Q9Y3X0	Cell junction,Cell membrane,Membrane,Tight junction	none	4|1	oneMulti
Q86SE5	Q9UKM9	none	Nucleus,Spliceosome	1|2	oneMulti
Q96EP1	Q9Y2X8	Nucleus	none	1|1	bothSingle
Q14678	Q86W92	Cell membrane,Cell projection,Cytoplasm,Membrane,Nucleus	none	5|1	oneMulti
P20290	Q9BZK3	Cytoplasm,Nucleus	none	2|1	oneMulti
O75896	P34932	none	Cytoplasm	1|1	bothSingle
A6NDL7	Q9BZI1	none	Nucleus	1|1	bothSingle
P41273	Q5JS37	Membrane	Secreted	1|1	bothSingle
O75348	Q13794	Cell membrane,Membrane	Mitochondrion	2|1	oneMulti
Q8WXW3	Q96GS4	Cytoplasm,Cytoskeleton,Nucleus,Secreted	Lysosome,Membrane	4|2	bothMulti
Q5VT52	Q9NQG5	none	Nucleus	1|1	bothSingle
P46777	Q7Z4Q2	Cytoplasm,Nucleus	none	2|1	oneMulti
O94826	Q16186	Membrane,Mitochondrion,Mitochondrion outer membrane	Cytoplasm,Nucleus,Proteasome	3|3	bothMulti
P13533	Q13627	Cytoplasm,Thick filament	Nucleus	2|1	oneMulti
O14625	Q9HBE5	Secreted	Membrane	1|1	bothSingle
O75051	Q13214	Cell membrane,Membrane	Endoplasmic reticulum,Secreted	2|2	bothMulti
P01571	P17181	Secreted	Cell membrane,Endosome,Lysosome,Membrane	1|4	oneMulti
Q96JN2	Q9H672	Cytoplasmic vesicle,Membrane	none	2|1	oneMulti
Q2MKA7	Q9BXB1	Nucleus,Secreted	Cell membrane,Membrane	2|2	bothMulti
P56589	Q13501	Membrane,Peroxisome	Cytoplasm,Cytoplasmic vesicle,Endoplasmic reticulum,Endosome,Lysosome,Nucleus	2|6	bothMulti
Q8TC59	Q9H1H1	Cytoplasm	none	1|1	bothSingle
Q96HQ2	Q9H0D6	none	Nucleus	1|1	bothSingle
P0DI81	Q8IUR0	Cytoplasm,Nucleus	Endoplasmic reticulum,Golgi apparatus	2|2	bothMulti
P13073	P27797	Membrane,Mitochondrion,Mitochondrion inner membrane	Cytoplasm,Cytoplasmic vesicle,Endoplasmic reticulum,Extracellular matrix,Lysosome,Sarcoplasmic reticulum,Secreted	3|7	bothMulti
P08648	P78317	Cell junction,Cell membrane,Membrane	Cytoplasm,Nucleus	3|2	bothMulti
P23434	Q9BZG8	Mitochondrion	Cytoplasm,Nucleus	1|2	oneMulti
P08134	Q8N103	Cell membrane,Membrane	none	2|1	oneMulti
Q6IAA8	Q96DT6	Endosome,Lysosome,Membrane	Cytoplasm	3|1	oneMulti
Q6P2P2	Q9ULI0	Cytoplasm	Nucleus	1|1	bothSingle
Q9NWK9	Q9Y230	none	Cytoplasm,Membrane,Nucleus	1|3	oneMulti
O00212	P52566	Cell membrane,Endosome,Membrane	Cytoplasm	3|1	oneMulti
P01568	P17181	Secreted	Cell membrane,Endosome,Lysosome,Membrane	1|4	oneMulti
Q1MX18	Q96SQ5	Cytoplasm	Nucleus	1|1	bothSingle
A6NKH3	P62917	none	Cytoplasm	1|1	bothSingle
P07384	Q9NZL9	Cell membrane,Cytoplasm,Membrane	none	3|1	oneMulti
Q92889	Q9Y6H3	Chromosome,Nucleus	none	2|1	oneMulti
O43676	Q7Z4Q2	Membrane,Mitochondrion,Mitochondrion inner membrane	none	3|1	oneMulti
O14737	P17987	none	Cytoplasm,Cytoskeleton	1|2	oneMulti
Q9H598	Q9P0P0	Cell projection,Cytoplasmic vesicle,Membrane,Synapse	none	4|1	oneMulti
O95382	P58557	none	Nucleus	1|1	bothSingle
Q13451	Q92990	Cytoplasm,Nucleus	none	2|1	oneMulti
P02751	Q9UHX3	Extracellular matrix,Secreted	Cell membrane,Cell projection,Membrane	2|3	bothMulti
O14879	Q5T764	Cytoplasm,Mitochondrion	none	2|1	oneMulti
Q8IYP9	Q8WWI1	Golgi apparatus,Membrane	none	2|1	oneMulti
P24941	Q5T5M9	Cytoplasm,Cytoskeleton,Endosome,Nucleus	none	4|1	oneMulti
Q13206	Q8NEF9	none	Cytoplasm	1|1	bothSingle
P62837	Q8ND25	none	Cytoplasmic vesicle,Endosome,Lysosome,Membrane,Synapse	1|5	oneMulti
Q8N140	Q96LZ2	Chromosome,Cytoplasm,Nucleus,Telomere	none	4|1	oneMulti
A0A087WTH5	P15382	none	Cell membrane,Membrane	1|2	oneMulti
A0A1B0GTR0	A0A1B0GVY4	Secreted	Membrane	1|1	bothSingle
Q05707	Q6ZMZ3	Extracellular matrix,Secreted	Endoplasmic reticulum,Membrane,Nucleus	2|3	bothMulti
P21860	Q8N3J5	Cell membrane,Membrane,Secreted	Mitochondrion	3|1	oneMulti
Q96GF1	Q96LR5	Endoplasmic reticulum,Membrane,Mitochondrion,Mitochondrion outer membrane	none	4|1	oneMulti
Q9HAH7	Q9NZC7	none	Cytoplasm,Golgi apparatus,Lysosome,Mitochondrion,Nucleus	1|5	oneMulti
Q9BQC3	Q9BZG8	none	Cytoplasm,Nucleus	1|2	oneMulti
P61077	Q9NTX7	Cell membrane,Endosome,Membrane	Cytoplasm,Nucleus	3|2	bothMulti
Q7L8L6	Q96GX5	Mitochondrion,Mitochondrion nucleoid	Cytoplasm,Cytoskeleton,Nucleus	2|3	bothMulti
O15144	Q9C0K3	Cell projection,Cytoplasm,Cytoskeleton,Nucleus,Synapse,Synaptosome	none	6|1	oneMulti
Q6DHV5	Q9NXB0	none	Cell projection,Cilium,Cytoplasm,Cytoskeleton	1|4	oneMulti
O95837	Q08116	none	Cell membrane,Cytoplasm,Membrane	1|3	oneMulti
P08195	Q9H6Z9	Cell junction,Cell membrane,Lysosome,Membrane	Cytoplasm,Nucleus	4|2	bothMulti
Q8N8Y2	Q96NT0	none	Cytoplasmic vesicle,Endoplasmic reticulum,Endosome,Lysosome	1|4	oneMulti
Q16690	Q9HAD4	Nucleus	Cytoplasm	1|1	bothSingle
Q15369	Q96Q27	Nucleus	Cytoplasm,Cytoskeleton	1|2	oneMulti
O43196	Q9UHC1	none	Nucleus	1|1	bothSingle
O43242	Q9NP79	Proteasome	Cytoplasm,Endosome,Membrane	1|3	oneMulti
O43402	Q92785	Endoplasmic reticulum,Membrane	Cytoplasm,Nucleus	2|2	bothMulti
P63173	Q9BRT6	Cytoplasm	Chromosome,Nucleus	1|2	oneMulti
P42766	Q8NB15	Cytoplasm	Nucleus	1|1	bothSingle
Q6QEF8	Q9BR76	none	Cytoplasm,Cytoskeleton	1|2	oneMulti
O15492	O95837	Membrane	none	1|1	bothSingle
O00257	Q13042	Nucleus	Cytoplasm,Cytoskeleton	1|2	oneMulti
P41162	Q6MZW2	Nucleus	Secreted	1|1	bothSingle
O75147	Q9GZS1	Cytoplasm,Cytoskeleton,Golgi apparatus	DNA-directed RNA polymerase,Nucleus	3|2	bothMulti
O60506	Q9NQ29	Cytoplasm,Endoplasmic reticulum,Microsome,Nucleus,Spliceosome	none	5|1	oneMulti
Q15678	Q92626	Cytoplasm,Cytoskeleton,Nucleus	Basement membrane,Endoplasmic reticulum,Extracellular matrix,Secreted	3|4	bothMulti
P51878	Q96P20	none	Cytoplasm,Cytoskeleton,Endoplasmic reticulum,Golgi apparatus,Inflammasome,Membrane,Mitochondrion,Nucleus,Secreted	1|9	oneMulti
Q99471	Q9UNZ5	Cytoplasm,Nucleus	none	2|1	oneMulti
P05556	P09486	Cell junction,Cell membrane,Cell projection,Endosome,Membrane	Basement membrane,Extracellular matrix,Secreted	5|3	bothMulti
P27816	P54132	Cytoplasm,Cytoskeleton,Microtubule	Nucleus	3|1	oneMulti
Q9NY27	Q9UIC8	Cytoplasm,Cytoskeleton,Nucleus	none	3|1	oneMulti
O60341	P10636	Nucleus	Cell membrane,Cell projection,Cytoplasm,Cytoskeleton,Membrane,Microtubule,Secreted	1|7	oneMulti
Q8N7M0	Q8WW35	none	Cytoplasm	1|1	bothSingle
A0A1W2PPE2	Q15543	none	Nucleus	1|1	bothSingle
Q15828	Q99538	Secreted	Lysosome	1|1	bothSingle
P62837	Q96PU5	none	Cytoplasm,Endosome,Golgi apparatus	1|3	oneMulti
Q16566	Q9NZT1	Cytoplasm,Nucleus	none	2|1	oneMulti
O75031	Q7L804	Chromosome,Cytoplasm	Cell membrane,Cell projection,Endosome,Membrane	2|4	bothMulti
P49459	Q9NS91	none	Cytoplasm,Cytoskeleton,Nucleus	1|3	oneMulti
Q07890	Q9Y2K7	none	Chromosome,Nucleus	1|2	oneMulti
O14625	P49682	Secreted	Cell membrane,Membrane	1|2	oneMulti
Q9NVF7	Q9UI47	Centromere,Chromosome,Kinetochore	Cell junction,Cytoplasm,Cytoskeleton	3|3	bothMulti
O43166	P49840	Cytoplasm,Cytoskeleton,Synapse,Synaptosome	none	4|1	oneMulti
O75051	Q13275	Cell membrane,Membrane	Secreted	2|1	oneMulti
P98187	Q6P4F2	Endoplasmic reticulum,Membrane,Microsome	Mitochondrion	3|1	oneMulti
Q13685	Q8WTP8	Cell membrane,Cytoplasm,Membrane	Nucleus	3|1	oneMulti
O14775	O94810	Membrane	none	1|1	bothSingle
P07996	Q9NRI5	Endoplasmic reticulum,Extracellular matrix,Sarcoplasmic reticulum,Secreted	Cytoplasm,Cytoskeleton,Microtubule,Mitochondrion,Synapse	4|5	bothMulti
P62312	Q92636	Cytoplasm,Nucleus,Spliceosome	none	3|1	oneMulti
Q9P2G3	Q9P2N7	Cytoplasm,Endoplasmic reticulum,Membrane	none	3|1	oneMulti
P41002	Q96A33	Cytoplasm,Cytoskeleton,Nucleus	Endoplasmic reticulum,Membrane	3|2	bothMulti
O94761	Q9Y291	Cytoplasm,Nucleus	Mitochondrion	2|1	oneMulti
P49427	P84095	Cytoplasm,Nucleus	Cell membrane,Membrane	2|2	bothMulti
O43765	Q5GAN6	Cytoplasm,Nucleus	Secreted	2|1	oneMulti
Q5JTH9	Q9BRP1	Membrane,Nucleus	none	2|1	oneMulti
O95352	P60520	Cytoplasm	Cytoplasmic vesicle,Endoplasmic reticulum,Golgi apparatus,Membrane	1|4	oneMulti
Q5VT52	Q9Y2C2	none	Golgi apparatus,Membrane	1|2	oneMulti
P56705	Q9H237	Extracellular matrix,Secreted	Endoplasmic reticulum,Membrane	2|2	bothMulti
O14735	P38432	Cell membrane,Endoplasmic reticulum,Membrane	Nucleus	3|1	oneMulti
Q8N8E3	Q9UMY1	Cytoplasm,Cytoskeleton	Nucleus	2|1	oneMulti
Q6P2P2	Q8N8L6	Cytoplasm	none	1|1	bothSingle
O14561	Q5VTY9	Mitochondrion	Endoplasmic reticulum,Golgi apparatus,Membrane	1|3	oneMulti
Q765P7	Q8IYD2	Cell projection,Cytoplasm	none	2|1	oneMulti
O60269	Q14832	none	Cell membrane,Membrane	1|2	oneMulti
P11488	P16520	Cell projection,Membrane	none	2|1	oneMulti
O60739	P22061	none	Cytoplasm	1|1	bothSingle
Q86VX9	Q96DM3	none	Endosome,Lysosome,Membrane	1|3	oneMulti
Q6PF05	Q8N4L8	Cytoplasm,Cytoskeleton	none	2|1	oneMulti
O15041	Q9HCM2	Secreted	Cell membrane,Membrane	1|2	oneMulti
P36578	Q6DKI1	Cytoplasm	none	1|1	bothSingle
P09619	P15498	Cell membrane,Cytoplasmic vesicle,Lysosome,Membrane	none	4|1	oneMulti
P57796	Q86VI3	Cell projection,Cytoplasm,Synapse	none	3|1	oneMulti
A6NNW6	Q9Y238	none	Cytoplasm	1|1	bothSingle
Q02045	Q9Y623	none	Cytoplasm,Thick filament	1|2	oneMulti
Q13501	Q99759	Cytoplasm,Cytoplasmic vesicle,Endoplasmic reticulum,Endosome,Lysosome,Nucleus	none	6|1	oneMulti
P50148	Q9NS28	Cell membrane,Golgi apparatus,Membrane,Nucleus	Cytoplasm	4|1	oneMulti
P16520	P19086	none	Membrane	1|1	bothSingle
O00409	Q8TF66	Nucleus	Cell membrane,Membrane	1|2	oneMulti
P63208	Q9UKC9	none	Membrane	1|1	bothSingle
P01569	P17181	Secreted	Cell membrane,Endosome,Lysosome,Membrane	1|4	oneMulti
Q9BXB4	Q9BXB5	Endosome,Golgi apparatus,Membrane	Cytoplasm,Cytoskeleton	3|2	bothMulti
Q8N8I0	Q8WXI2	none	Cytoplasm,Membrane	1|2	oneMulti
Q92673	Q9H9D4	Cell membrane,Cytoplasmic vesicle,Endoplasmic reticulum,Endosome,Golgi apparatus,Membrane,Secreted	Nucleus	7|1	oneMulti
Q15785	Q9ULM2	Cytoplasm,Membrane,Mitochondrion,Mitochondrion outer membrane	Nucleus	4|1	oneMulti
P07910	Q04917	Nucleus,Spliceosome	none	2|1	oneMulti
P62899	Q9BZE4	Cytoplasm	Nucleus	1|1	bothSingle
P61769	Q15116	Amyloid,MHC I,Secreted	Cell membrane,Membrane	3|2	bothMulti
P18621	Q9BQC6	Cytoplasm	Mitochondrion	1|1	bothSingle
Q6NVU6	Q9NRN9	none	Cell projection,Nucleus,Synapse	1|3	oneMulti
P01137	Q14392	Extracellular matrix,Secreted	Cell membrane,Membrane	2|2	bothMulti
O00170	O94966	Cytoplasm	Endoplasmic reticulum,Membrane	1|2	oneMulti
O76038	Q96MN5	Cytoplasm,Cytoplasmic vesicle,Membrane,Secreted	Nucleus	4|1	oneMulti
P29992	P49798	Cell membrane,Cytoplasm,Membrane	none	3|1	oneMulti
P53567	Q2T9L4	Nucleus	Synapse	1|1	bothSingle
P62837	Q86TM6	none	Endoplasmic reticulum,Membrane	1|2	oneMulti
P01567	P17181	Secreted	Cell membrane,Endosome,Lysosome,Membrane	1|4	oneMulti
O95429	P17066	Cytoplasm	none	1|1	bothSingle
Q9NZL4	Q9UJU6	none	Cell junction,Cell membrane,Cell projection,Cytoplasm,Cytoplasmic vesicle,Cytoskeleton,Endosome,Golgi apparatus,Membrane,Synapse	1|10	oneMulti
Q2M296	Q96F63	none	Nucleus	1|1	bothSingle
P08134	Q9NQU5	Cell membrane,Membrane	Cytoplasm,Nucleus	2|2	bothMulti
Q15648	Q9UHY1	Nucleus	Cell projection,Cytoplasm,Membrane	1|3	oneMulti
P12830	Q7Z5M8	Cell junction,Cell membrane,Endosome,Golgi apparatus,Membrane	none	5|1	oneMulti
O14874	Q16630	Mitochondrion	Cytoplasm,Nucleus	1|2	oneMulti
Q14CW9	Q70EK9	Nucleus	Chromosome	1|1	bothSingle
P37287	P46976	Endoplasmic reticulum,Membrane	none	2|1	oneMulti
P23458	P40933	Membrane	Cytoplasm,Nucleus,Secreted	1|3	oneMulti
P52815	Q96FV9	Mitochondrion	Cytoplasm,Nucleus	1|2	oneMulti
P06870	P14207	none	Cell membrane,Membrane,Secreted	1|3	oneMulti
P54829	Q9UM19	Endoplasmic reticulum,Membrane	none	2|1	oneMulti
P08069	P35568	Cell membrane,Membrane	none	2|1	oneMulti
P59074	Q6P1N0	none	Cytoplasm,Cytoskeleton,Nucleus	1|3	oneMulti
Q6PK04	Q9Y3U8	Chromosome	Cytoplasm	1|1	bothSingle
Q96KP1	Q9UPT5	none	Cell membrane,Cytoplasm,Membrane	1|3	oneMulti
O75473	Q9Y5W5	Cell membrane,Golgi apparatus,Membrane	Secreted	3|1	oneMulti
P0CJ73	P19022	Cytoplasm,Secreted	Cell junction,Cell membrane,Membrane	2|3	bothMulti
P04637	Q5VV17	Cytoplasm,Cytoskeleton,Endoplasmic reticulum,Mitochondrion,Nucleus	none	5|1	oneMulti
O75581	P41002	Cell membrane,Endoplasmic reticulum,Membrane	Cytoplasm,Cytoskeleton,Nucleus	3|3	bothMulti
O60880	P00533	Cytoplasm	Cell membrane,Endoplasmic reticulum,Endosome,Golgi apparatus,Membrane,Nucleus,Secreted	1|7	oneMulti
P46940	Q13576	Cell membrane,Cytoplasm,Membrane,Nucleus	none	4|1	oneMulti
O43916	P20774	Golgi apparatus,Membrane	Extracellular matrix,Secreted	2|2	bothMulti
Q53GT1	Q9P2N7	Cytoplasm,Cytoskeleton,Lysosome,Nucleus	none	4|1	oneMulti
Q96DX4	Q9H2G9	Secreted	Cytoplasm,Golgi apparatus,Membrane,Nucleus	1|4	oneMulti
O14950	Q96H55	none	Cytoplasm,Cytoskeleton,Membrane,Mitochondrion,Mitochondrion outer membrane	1|5	oneMulti
O14544	Q96HC4	none	Cell projection,Cytoplasm,Synapse	1|3	oneMulti
Q5QP82	Q9NPB3	none	Cell membrane,Cytoplasm,Golgi apparatus,Membrane	1|4	oneMulti
P20674	P53567	Membrane,Mitochondrion,Mitochondrion inner membrane	Nucleus	3|1	oneMulti
O94813	Q9Y6N7	Secreted	Cell membrane,Cell projection,Membrane	1|3	oneMulti
P49662	P51878	Cytoplasm,Endoplasmic reticulum,Inflammasome,Membrane,Mitochondrion,Secreted	none	6|1	oneMulti
A0A1W2PPW3	Q15543	none	Nucleus	1|1	bothSingle
P10244	Q05D32	Nucleus	none	1|1	bothSingle
O15069	Q96K17	Cytoplasm,Nucleus	none	2|1	oneMulti
P19087	Q2M5E4	Cell projection	none	1|1	bothSingle
O75718	Q3KP66	Extracellular matrix,Secreted	Cytoplasm,Nucleus	2|2	bothMulti
Q8WVL7	Q9UIM3	Nucleus	none	1|1	bothSingle
B7ZBB8	P62140	none	Cytoplasm,Nucleus	1|2	oneMulti
A6NKT7	P46060	none	Centromere,Chromosome,Cytoplasm,Cytoskeleton,Kinetochore,Nucleus	1|6	oneMulti
Q96GX2	Q9NPA8	Cytoplasm	Nucleus	1|1	bothSingle
P37287	Q14442	Endoplasmic reticulum,Membrane	Cytoplasm	2|1	oneMulti
P45974	Q8N6T3	none	Cytoplasm,Golgi apparatus	1|2	oneMulti
O75027	P41002	Membrane,Mitochondrion,Mitochondrion inner membrane	Cytoplasm,Cytoskeleton,Nucleus	3|3	bothMulti
A0A1B0GUS4	Q96FW1	none	Cytoplasm	1|1	bothSingle
Q9NZ63	Q9Y247	Centromere,Chromosome,Nucleus,Spliceosome	none	4|1	oneMulti
P24386	Q92696	Cytoplasm	none	1|1	bothSingle
A6NLP5	O94826	none	Membrane,Mitochondrion,Mitochondrion outer membrane	1|3	oneMulti
P61077	Q96PM5	Cell membrane,Endosome,Membrane	Cytoplasm,Nucleus	3|2	bothMulti
Q96HL8	Q9H9H4	none	Endosome,Membrane	1|2	oneMulti
O75956	Q8TE99	Cytoplasm,Nucleus	Golgi apparatus,Membrane	2|2	bothMulti
P61086	Q13064	Cytoplasm	none	1|1	bothSingle
O00585	Q9UQV4	Secreted	Cytoplasmic vesicle,Endosome,Lysosome,Membrane	1|4	oneMulti
O14543	Q99665	none	Membrane	1|1	bothSingle
P07910	P63104	Nucleus,Spliceosome	Cytoplasm	2|1	oneMulti
Q0ZGT2	Q9H3G5	Cell junction,Cytoplasm,Cytoskeleton	none	3|1	oneMulti
Q8IY57	Q9HAH7	Nucleus	none	1|1	bothSingle
Q96HH9	Q9NY97	none	Golgi apparatus,Membrane	1|2	oneMulti
O95678	Q68D86	Intermediate filament,Keratin	Cytoplasm,Cytoskeleton	2|2	bothMulti
Q96J02	Q9Y2X8	Cell membrane,Cytoplasm,Endosome,Membrane,Nucleus	none	5|1	oneMulti
P43364	Q8N131	Cytoplasm,Nucleus	Membrane	2|1	oneMulti
P26885	P62937	Endoplasmic reticulum,Membrane	Cytoplasm,Nucleus,Secreted	2|3	bothMulti
Q16625	Q5VYY1	Cell junction,Cell membrane,Membrane,Tight junction	none	4|1	oneMulti
Q6R2W3	Q6ZNG9	Nucleus	none	1|1	bothSingle
O43896	P08727	Cytoplasm,Cytoskeleton,Microtubule	Intermediate filament,Keratin	3|2	bothMulti
Q9H0I2	Q9NZQ3	Cell projection,Cytoplasm,Cytoskeleton,Microtubule	Nucleus	4|1	oneMulti
Q12873	Q8NEV1	Cytoplasm,Cytoskeleton,Nucleus	none	3|1	oneMulti
P57796	Q5VVH2	Cell projection,Cytoplasm,Synapse	none	3|1	oneMulti
Q8ND25	Q96B02	Cytoplasmic vesicle,Endosome,Lysosome,Membrane,Synapse	Nucleus	5|1	oneMulti
P48146	Q8N9W6	Cell membrane,Membrane	Cytoplasm	2|1	oneMulti
Q99653	Q9P1W9	Cell membrane,Cytoplasm,Cytoskeleton,Endoplasmic reticulum,Membrane,Nucleus	none	6|1	oneMulti
O75380	Q99436	Membrane,Mitochondrion,Mitochondrion inner membrane	Cytoplasm,Nucleus,Proteasome	3|3	bothMulti
Q5SWX8	Q9NUQ7	Membrane	Cytoplasm,Endoplasmic reticulum,Nucleus	1|3	oneMulti
P20366	P21452	Secreted	Cell membrane,Membrane	1|2	oneMulti
P61077	Q8N9I9	Cell membrane,Endosome,Membrane	Cytoplasm	3|1	oneMulti
P52565	P62745	Cytoplasm	Cell membrane,Endosome,Membrane,Nucleus	1|4	oneMulti
O94768	P24844	Cell membrane,Membrane,Nucleus	Cytoplasm,Cytoskeleton	3|2	bothMulti
A0A2Z4LIS9	Q9P2R6	Cytoplasm	Nucleus	1|1	bothSingle
P43361	Q8WV22	none	Chromosome,Nucleus,Telomere	1|3	oneMulti
O94810	P04899	none	Cell membrane,Cytoplasm,Cytoskeleton,Membrane	1|4	oneMulti
A2A3K4	P36404	none	Cytoplasm,Cytoskeleton,Mitochondrion,Nucleus	1|4	oneMulti
O43824	Q96DV4	none	Mitochondrion	1|1	bothSingle
Q9BZZ2	Q9UKI3	Cell membrane,Membrane,Secreted	none	3|1	oneMulti
Q14696	Q9Y6Y9	Endoplasmic reticulum	Secreted	1|1	bothSingle
Q6TFL4	Q9P2G9	Cell junction,Cell projection,Cytoplasm	none	3|1	oneMulti
P13501	P51686	Secreted	Cell membrane,Membrane	1|2	oneMulti
O60476	Q9NY27	Golgi apparatus,Membrane	Cytoplasm,Cytoskeleton,Nucleus	2|3	bothMulti
A0A087WTH5	P26678	none	Endoplasmic reticulum,Membrane,Mitochondrion,Sarcoplasmic reticulum	1|4	oneMulti
O95644	Q9BXB1	Cytoplasm,Nucleus	Cell membrane,Membrane	2|2	bothMulti
P12018	Q9H106	Endoplasmic reticulum	Secreted	1|1	bothSingle
P30304	Q96KQ7	none	Chromosome,Nucleus	1|2	oneMulti
Q15399	Q6GPH4	Cell membrane,Cytoplasmic vesicle,Golgi apparatus,Membrane	Cytoplasm,Mitochondrion,Nucleus	4|3	bothMulti
P62829	Q86VR2	Cytoplasm	Endoplasmic reticulum,Membrane	1|2	oneMulti
P14778	P15498	Cell membrane,Membrane,Secreted	none	3|1	oneMulti
P53582	Q4V339	Cytoplasm	Nucleus	1|1	bothSingle
P48454	P63098	Mitochondrion	Cell membrane,Cytoplasm,Membrane	1|3	oneMulti
P43357	Q9NXX6	none	Chromosome,Nucleus,Telomere	1|3	oneMulti
P05387	Q6ZRR5	none	Membrane	1|1	bothSingle
P78543	Q9NP90	none	Cell membrane,Cytoplasmic vesicle,Membrane	1|3	oneMulti
O43491	O94760	Cell membrane,Cytoplasm,Cytoskeleton,Membrane	none	4|1	oneMulti
P04004	Q8TEB9	Secreted	Endoplasmic reticulum,Membrane,Mitochondrion	1|3	oneMulti
P07205	P28715	Cytoplasm	Chromosome,Nucleus	1|2	oneMulti
P22362	P51681	Secreted	Cell membrane,Membrane	1|2	oneMulti
Q8N349	Q8WU10	Cell membrane,Membrane	Cytoplasm,Nucleus	2|2	bothMulti
Q01449	Q9Y623	none	Cytoplasm,Thick filament	1|2	oneMulti
P16298	Q96LZ3	Cytoplasm	Mitochondrion	1|1	bothSingle
P15408	Q15438	Nucleus	Cell junction,Cell membrane,Cytoplasm,Membrane,Tight junction	1|5	oneMulti
Q9BQI5	Q9NZM3	Coated pit,Membrane	Cytoplasm	2|1	oneMulti
Q13045	Q9Y608	Cell junction,Cytoplasm,Cytoskeleton,Nucleus	none	4|1	oneMulti
O60739	P83876	none	Nucleus,Spliceosome	1|2	oneMulti
Q6SA08	Q96L03	Cell projection,Cilium,Cytoplasmic vesicle,Flagellum	Cytoplasm	4|1	oneMulti
A6PVI3	P10109	none	Mitochondrion	1|1	bothSingle
P29992	Q2M5E4	Cell membrane,Cytoplasm,Membrane	none	3|1	oneMulti
Q8TD86	Q9UGI6	Cytoplasm,Nucleus	Membrane	2|1	oneMulti
Q6ZTA4	Q7Z6B7	Cytoplasm,Cytoskeleton	none	2|1	oneMulti
Q9NVR7	Q9Y5P8	Cytoplasm,Cytoskeleton	Nucleus	2|1	oneMulti
Q13683	Q16363	Membrane	Basement membrane,Extracellular matrix,Secreted	1|3	oneMulti
O75636	P08246	Secreted	Cytoplasmic vesicle	1|1	bothSingle
Q9UJT9	Q9UKT8	Cytoplasm,Cytoskeleton	none	2|1	oneMulti
P09093	P15085	none	Secreted	1|1	bothSingle
O60602	Q8NHR9	Cell membrane,Membrane	Cytoplasm	2|1	oneMulti
O14978	Q8NB46	Nucleus	none	1|1	bothSingle
O15297	Q9P1W9	Cytoplasm,Nucleus	none	2|1	oneMulti
Q15369	Q9NYS7	Nucleus	none	1|1	bothSingle
P63010	Q8IWZ3	Cell membrane,Coated pit,Membrane	Cytoplasm	3|1	oneMulti
Q8N128	Q9GZR5	none	Endoplasmic reticulum,Membrane	1|2	oneMulti
P47974	Q04917	Cytoplasm,Nucleus	none	2|1	oneMulti
P30304	Q96RU7	none	Nucleus	1|1	bothSingle
Q5VXD3	Q6SPF0	none	Chromosome,Nucleus,Secreted	1|3	oneMulti
Q15369	Q96CX6	Nucleus	none	1|1	bothSingle
P10398	P36507	none	Cytoplasm,Membrane	1|2	oneMulti
P62750	Q9UNX3	Cytoplasm,Nucleus	none	2|1	oneMulti
O60602	Q96DT0	Cell membrane,Membrane	Nucleus	2|1	oneMulti
Q6PGP7	Q9NQS1	Cytoplasm,Nucleus	Membrane	2|1	oneMulti
P60006	Q9UJX4	none	Cytoplasm,Cytoskeleton,Nucleus	1|3	oneMulti
Q13007	Q9UHF4	Secreted	Membrane	1|1	bothSingle
Q7RTU7	Q96GI7	Nucleus	none	1|1	bothSingle
Q15056	Q9UBS4	Cytoplasm	Endoplasmic reticulum	1|1	bothSingle
A6NFY7	Q9UHD4	Mitochondrion	Cytoplasmic vesicle,Endoplasmic reticulum,Golgi apparatus,Lipid droplet,Membrane	1|5	oneMulti
P62834	Q07889	Cell junction,Cell membrane,Cytoplasm,Endosome,Membrane	none	5|1	oneMulti
O15492	P30679	Membrane	none	1|1	bothSingle
P51965	Q9H9V4	Nucleus	Endoplasmic reticulum,Golgi apparatus,Membrane	1|3	oneMulti
Q504Y3	Q8N7Z5	none	Chromosome,Nucleus	1|2	oneMulti
P41240	Q6PL18	Cell membrane,Cytoplasm,Membrane	Nucleus	3|1	oneMulti
P28715	Q4L235	Chromosome,Nucleus	none	2|1	oneMulti
P27487	P42696	Cell junction,Cell membrane,Cell projection,Membrane,Secreted	Nucleus	5|1	oneMulti
Q12846	Q9BRK4	Cell membrane,Cell projection,Membrane	Cytoplasm,Cytoskeleton,Microtubule	3|3	bothMulti
Q6ZW49	Q9NS61	Chromosome,Nucleus	Cell membrane,Membrane	2|2	bothMulti
P60604	Q96PX1	Endoplasmic reticulum,Lipid droplet	Cytoplasm	2|1	oneMulti
P61604	Q15124	Mitochondrion	Cell junction,Cell membrane,Cytoplasm,Cytoskeleton,Membrane	1|5	oneMulti
Q9NX95	Q9NYP9	Cytoplasm,Cytoplasmic vesicle,Cytoskeleton,Golgi apparatus,Membrane	Centromere,Chromosome,Nucleus	5|3	bothMulti
P84090	Q9NQC7	Nucleus	Cell membrane,Cell projection,Cytoplasm,Cytoskeleton,Membrane,Microtubule	1|6	oneMulti
Q6ZUJ4	Q9BQP7	none	Mitochondrion	1|1	bothSingle
P60660	Q8NEV4	none	Cell projection,Cytoplasm,Cytoskeleton	1|3	oneMulti
O14682	Q53G59	Cytoplasm,Cytoskeleton,Nucleus	Cytoplasmic vesicle	3|1	oneMulti
O60333	Q9Y3X0	Cell projection,Cytoplasm,Cytoplasmic vesicle,Cytoskeleton,Microtubule,Mitochondrion,Synapse	none	7|1	oneMulti
O75064	Q63ZY3	Golgi apparatus	Cytoplasm,Mitochondrion	1|2	oneMulti
P51531	Q8WUZ0	Nucleus	none	1|1	bothSingle
O14578	Q15052	Cytoplasm	Cell projection	1|1	bothSingle
O95257	Q9Y3B7	none	Mitochondrion	1|1	bothSingle
P49591	Q5T160	Cytoplasm,Nucleus	Membrane,Mitochondrion	2|2	bothMulti
O75190	Q9UL15	Cytoplasm,Nucleus	none	2|1	oneMulti
P51668	Q6ZSG1	Cytoplasm	Nucleus	1|1	bothSingle
P15313	Q8N573	Cell membrane,Membrane	Mitochondrion	2|1	oneMulti
P63208	Q9UK22	none	Cytoplasm,Endoplasmic reticulum,Membrane,Microsome	1|4	oneMulti
P0DJD0	Q8N1F7	none	Membrane,Nuclear pore complex,Nucleus	1|3	oneMulti
Q8N5T2	Q9BSH3	none	Microtubule,Nucleus	1|2	oneMulti
Q504U0	Q9BQD3	Cytoplasm	Lysosome,Membrane	1|2	oneMulti
P05423	Q96MX6	DNA-directed RNA polymerase,Nucleus	Cytoplasm	2|1	oneMulti
O95067	Q9UQR0	none	Nucleus	1|1	bothSingle
P43362	Q8N140	none	Chromosome,Cytoplasm,Nucleus,Telomere	1|4	oneMulti
Q13428	Q96KV7	Nucleus	Cytoplasm,Cytoskeleton	1|2	oneMulti
Q14681	Q9NXV2	none	Cytoplasm,Nucleus	1|2	oneMulti
Q6QNY0	Q9NQG7	Cytoplasm	none	1|1	bothSingle
P15498	Q6P4A8	none	Lysosome	1|1	bothSingle
P43360	Q9NXX6	none	Chromosome,Nucleus,Telomere	1|3	oneMulti
P52948	Q9P1W9	Membrane,Nuclear pore complex,Nucleus	none	3|1	oneMulti
P23368	P48163	Mitochondrion	Cytoplasm	1|1	bothSingle
O00634	Q6ZN44	Extracellular matrix,Secreted	Cell membrane,Cell projection,Membrane	2|3	bothMulti
P17066	P34932	none	Cytoplasm	1|1	bothSingle
P48728	P50479	Mitochondrion	Cell projection,Cytoplasm,Cytoskeleton,Endosome,Membrane,Nucleus,Synapse,Synaptosome	1|8	oneMulti
Q502W7	Q96M95	Cytoplasm,Cytoskeleton	none	2|1	oneMulti
Q4VC05	Q92782	none	Cytoplasm,Nucleus	1|2	oneMulti
P60842	Q13347	none	Cytoplasm	1|1	bothSingle
Q9BZ81	Q9NXX6	none	Chromosome,Nucleus,Telomere	1|3	oneMulti
Q6UWV6	Q96HH9	Cell membrane,Membrane	none	2|1	oneMulti
Q15059	Q6NUJ5	Chromosome,Nucleus	none	2|1	oneMulti
P51965	Q96PU5	Nucleus	Cytoplasm,Endosome,Golgi apparatus	1|3	oneMulti
O75821	P60842	Cytoplasm,Nucleus	none	2|1	oneMulti
P07814	Q71UM5	Cytoplasm,Membrane	none	2|1	oneMulti
Q8N3D4	Q9UPT5	Endosome	Cell membrane,Cytoplasm,Membrane	1|3	oneMulti
P62910	Q12894	Cytoplasm	none	1|1	bothSingle
Q8NCA5	Q9Y3I0	none	Cytoplasm,Nucleus	1|2	oneMulti
P59190	Q9NU19	Cell membrane,Membrane	none	2|1	oneMulti
P10145	P25025	Secreted	Cell membrane,Membrane	1|2	oneMulti
P61026	Q9Y4I1	Cell projection,Cytoplasm,Cytoplasmic vesicle,Cytoskeleton,Endoplasmic reticulum,Endosome,Golgi apparatus,Membrane	none	8|1	oneMulti
Q8TDM0	Q96B45	Cytoplasm	Lysosome,Membrane	1|2	oneMulti
Q14119	Q8TAP6	Nucleus	Cytoplasm,Cytoskeleton	1|2	oneMulti
P37802	P63261	none	Cytoplasm,Cytoskeleton	1|2	oneMulti
Q15208	Q70IA8	Cytoplasm,Nucleus	none	2|1	oneMulti
Q16633	Q9Y5R4	Nucleus	Mitochondrion	1|1	bothSingle
P01566	Q9UII2	Secreted	Mitochondrion	1|1	bothSingle
Q8WUD6	Q9BQK8	Golgi apparatus,Membrane	Nucleus	2|1	oneMulti
A0A087WTH5	Q15836	none	Endosome,Membrane,Synapse,Synaptosome	1|4	oneMulti
O43639	P54762	Cytoplasm,Endoplasmic reticulum	Cell membrane,Cell projection,Endosome,Membrane	2|4	bothMulti
P78413	Q96LD8	Nucleus	none	1|1	bothSingle
Q8WX93	Q9Y312	Cell junction,Cell projection,Cytoplasm,Cytoskeleton	Spliceosome	4|1	oneMulti
P68032	Q8IVW6	Cytoplasm,Cytoskeleton	Nucleus	2|1	oneMulti
O00421	Q06141	Cell membrane,Membrane	Secreted	2|1	oneMulti
Q2T9L4	Q6ZSJ8	Synapse	none	1|1	bothSingle
A4D1S5	Q92738	Cell membrane,Membrane	Cytoplasmic vesicle,Golgi apparatus	2|2	bothMulti
Q5JSJ4	Q9H0H0	none	Cytoplasm,Membrane,Nucleus	1|3	oneMulti
O95185	O95631	Cell membrane,Cell projection,Membrane,Synapse,Synaptosome	Cytoplasm,Secreted	5|2	bothMulti
O75832	Q9NRX3	Cytoplasm,Nucleus	none	2|1	oneMulti
Q96KB5	Q96TC7	none	Cytoplasm,Cytoskeleton,Membrane,Microtubule,Mitochondrion,Mitochondrion outer membrane,Nucleus	1|7	oneMulti
Q9C002	Q9UDW1	Nucleus	Membrane,Mitochondrion,Mitochondrion inner membrane	1|3	oneMulti
P62837	Q9NX47	none	Endoplasmic reticulum,Membrane,Mitochondrion,Mitochondrion outer membrane	1|4	oneMulti
O43187	Q9Y616	none	Cytoplasm,Nucleus	1|2	oneMulti
Q15369	Q8WXK4	Nucleus	none	1|1	bothSingle
Q99985	Q9UIW2	Secreted	Cell membrane,Membrane	1|2	oneMulti
O14682	Q9P2N7	Cytoplasm,Cytoskeleton,Nucleus	none	3|1	oneMulti
Q14119	Q8N1B4	Nucleus	Endosome,Golgi apparatus,Membrane	1|3	oneMulti
P61077	Q6ZSG1	Cell membrane,Endosome,Membrane	Nucleus	3|1	oneMulti
P62837	Q9BV68	none	Cytoplasm,Nucleus	1|2	oneMulti
P00533	Q9Y5K6	Cell membrane,Endoplasmic reticulum,Endosome,Golgi apparatus,Membrane,Nucleus,Secreted	Cell junction,Cell projection,Cytoplasm,Cytoskeleton	7|4	bothMulti
O14867	Q8TCJ2	Nucleus	Endoplasmic reticulum,Membrane	1|2	oneMulti
O43583	Q9Y2P8	none	Nucleus	1|1	bothSingle
P11171	Q9UL62	Cytoplasm,Cytoskeleton,Nucleus	Cell membrane,Membrane	3|2	bothMulti
P62837	Q9NS56	none	Nucleus	1|1	bothSingle
Q12905	Q9UPR6	Cytoplasm,Nucleus	none	2|1	oneMulti
Q2I0M5	Q9HBX8	Secreted	Cell membrane,Membrane	1|2	oneMulti
O14498	Q9NY97	Secreted	Golgi apparatus,Membrane	1|2	oneMulti
P62805	Q92598	Chromosome,Nucleosome core,Nucleus	Cytoplasm	3|1	oneMulti
Q5JXB2	Q8ND25	none	Cytoplasmic vesicle,Endosome,Lysosome,Membrane,Synapse	1|5	oneMulti
P32969	Q7Z2W9	Cytoplasm	Mitochondrion	1|1	bothSingle
Q07889	Q15811	none	Cell membrane,Cell projection,Coated pit,Cytoplasm,Cytoplasmic vesicle,Endosome,Membrane,Nucleus,Synapse,Synaptosome	1|10	oneMulti
O15042	Q8IWX8	Nucleus	Cytoplasm,Endoplasmic reticulum	1|2	oneMulti
Q93050	Q9HB40	Cytoplasmic vesicle,Membrane,Synapse	Secreted	3|1	oneMulti
Q71UM5	Q8WU90	none	Cytoplasm,Nucleus	1|2	oneMulti
O14593	O94988	Cytoplasm,Nucleus	none	2|1	oneMulti
P08590	Q9Y623	none	Cytoplasm,Thick filament	1|2	oneMulti
Q6DKK2	Q9NQL9	Membrane,Mitochondrion,Mitochondrion inner membrane	Nucleus	3|1	oneMulti
P22301	Q13651	Secreted	Cell membrane,Cytoplasm,Membrane	1|3	oneMulti
P38117	Q6P1X6	Mitochondrion	none	1|1	bothSingle
Q8IWZ3	Q96RT1	Cytoplasm	Cell junction,Cell membrane,Membrane,Nucleus	1|4	oneMulti
P46940	Q9H628	Cell membrane,Cytoplasm,Membrane,Nucleus	none	4|1	oneMulti
O75891	Q9NX40	Cytoplasm	Endosome	1|1	bothSingle
P11142	Q9NZL4	Cell membrane,Cytoplasm,Lysosome,Membrane,Nucleus,Spliceosome	none	6|1	oneMulti
Q96BZ8	Q9BRX9	none	Cytoplasm,Nucleus,Spliceosome	1|3	oneMulti
Q6P3W2	Q96EH3	Cytoplasm,Cytoskeleton	Mitochondrion	2|1	oneMulti
P05386	Q02878	none	Cytoplasm,Endoplasmic reticulum	1|2	oneMulti
P15313	Q96A05	Cell membrane,Membrane	none	2|1	oneMulti
O15444	P51677	Secreted	Cell membrane,Membrane	1|2	oneMulti
Q7L2J0	Q9Y6C9	Nucleus	Membrane,Mitochondrion,Mitochondrion outer membrane	1|3	oneMulti
O75031	Q8N3C7	Chromosome,Cytoplasm	none	2|1	oneMulti
P52198	Q13795	Cytoplasmic vesicle,Membrane	Golgi apparatus	2|1	oneMulti
Q6P3W2	Q9P0M9	Cytoplasm,Cytoskeleton	Mitochondrion	2|1	oneMulti
P60520	Q16595	Cytoplasmic vesicle,Endoplasmic reticulum,Golgi apparatus,Membrane	Cytoplasm,Mitochondrion	4|2	bothMulti
O14561	Q9UF47	Mitochondrion	Membrane	1|1	bothSingle
P09496	Q16890	Coated pit,Cytoplasm,Cytoplasmic vesicle,Cytoskeleton,Membrane	none	5|1	oneMulti
O95363	Q9C010	Mitochondrion	none	1|1	bothSingle
P01270	P68871	Secreted	none	1|1	bothSingle
P27482	Q96H55	none	Cytoplasm,Cytoskeleton,Membrane,Mitochondrion,Mitochondrion outer membrane	1|5	oneMulti
P51884	P78560	Extracellular matrix,Secreted	Cytoplasm,Nucleus	2|2	bothMulti
O14737	O75394	none	Mitochondrion	1|1	bothSingle
A8MQ03	P23141	none	Cytoplasm,Endoplasmic reticulum,Lipid droplet	1|3	oneMulti
Q96N21	Q96NT3	Cytoplasm,Cytoplasmic vesicle,Golgi apparatus,Membrane	none	4|1	oneMulti
P55036	Q9NWS0	Proteasome	Nucleus	1|1	bothSingle
P56211	Q9BWS9	Cytoplasm	Lysosome,Secreted	1|2	oneMulti
E9PAV3	Q96K17	Cytoplasm,Nucleus	none	2|1	oneMulti
Q53EP0	Q6PEZ8	Membrane	Extracellular matrix,Secreted	1|2	oneMulti
Q567U6	Q86VX2	Endosome	Cytoplasmic vesicle	1|1	bothSingle
A8MSI8	O14561	none	Mitochondrion	1|1	bothSingle
Q58FF3	Q6UXH1	none	Endoplasmic reticulum	1|1	bothSingle
Q8N6P7	Q9NYY1	Cell membrane,Membrane	Secreted	2|1	oneMulti
P46926	Q9Y303	Cytoplasm	none	1|1	bothSingle
A6NLC8	P21675	none	Nucleus	1|1	bothSingle
P21589	Q9UNY4	Cell membrane,Membrane	Cytoplasm,Nucleus,Spliceosome	2|3	bothMulti
Q9BV90	Q9UL33	Nucleus,Spliceosome	Cytoplasm,Endoplasmic reticulum,Golgi apparatus	2|3	bothMulti
P40616	Q5TC63	Golgi apparatus,Membrane	none	2|1	oneMulti
P62256	Q96G75	none	Cytoplasm	1|1	bothSingle
Q02809	Q8NCN4	Endoplasmic reticulum,Membrane	Chromosome,Nucleus	2|2	bothMulti
Q49AM3	Q8TE96	none	Nucleus	1|1	bothSingle
P29350	Q07890	Cytoplasm,Nucleus	none	2|1	oneMulti
P51911	P63267	none	Cytoplasm,Cytoskeleton	1|2	oneMulti
Q8ND25	Q969T4	Cytoplasmic vesicle,Endosome,Lysosome,Membrane,Synapse	Cytoplasm,Nucleus	5|2	bothMulti
Q9H9B4	Q9NX40	Membrane,Mitochondrion,Mitochondrion inner membrane	Endosome	3|1	oneMulti
Q14CW9	Q5T6C5	Nucleus	none	1|1	bothSingle
Q9P272	Q9UI30	none	Cytoplasm,Nucleus	1|2	oneMulti
Q8N118	Q9H000	Endoplasmic reticulum,Membrane,Microsome	Cytoplasm,Nucleus	3|2	bothMulti
P51149	Q86VX9	Cytoplasmic vesicle,Endosome,Lipid droplet,Lysosome,Membrane,Mitochondrion	none	6|1	oneMulti
Q8TBN0	Q9Y272	none	Cell membrane,Cytoplasm,Membrane,Nucleus	1|4	oneMulti
Q92520	Q9Y320	Cytoplasmic vesicle,Secreted	Endoplasmic reticulum,Membrane,Mitochondrion	2|3	bothMulti
O75716	P50222	Cytoplasm,Membrane	Nucleus	2|1	oneMulti
P51668	Q8TCQ1	Cytoplasm	Cell membrane,Cytoplasmic vesicle,Endosome,Golgi apparatus,Lysosome,Membrane	1|6	oneMulti
Q4L235	Q9NVV9	none	Nucleus	1|1	bothSingle
Q8IYD2	Q8TD84	none	Cell membrane,Membrane,Synapse	1|3	oneMulti
Q15365	Q96PQ0	Cytoplasm,Nucleus	Cell membrane,Cell projection,Cytoplasmic vesicle,Endosome,Membrane,Postsynaptic cell membrane,Synapse,Synaptosome	2|8	bothMulti
Q7Z7G1	Q9H1H1	Cytoplasm	none	1|1	bothSingle
O43318	P16220	Cell membrane,Cytoplasm,Membrane	Nucleus	3|1	oneMulti
P52298	Q96DA6	Cytoplasm,Nucleus	Membrane,Mitochondrion,Mitochondrion inner membrane	2|3	bothMulti
O95644	Q9H845	Cytoplasm,Nucleus	Membrane,Mitochondrion,Mitochondrion inner membrane	2|3	bothMulti
P62879	Q9Y2X8	Cell membrane,Cytoplasm,Membrane	none	3|1	oneMulti
P62166	P80192	Cell membrane,Cytoplasm,Golgi apparatus,Membrane,Synapse	none	5|1	oneMulti
Q13627	Q9Y6C5	Nucleus	Membrane	1|1	bothSingle
Q15286	Q9H6A0	Cell membrane,Coated pit,Cytoplasmic vesicle,Endosome,Membrane	Cytoplasm	5|1	oneMulti
O60566	P16260	Centromere,Chromosome,Cytoplasm,Cytoskeleton,Kinetochore,Nucleus	Membrane,Mitochondrion,Mitochondrion inner membrane	6|3	bothMulti
P61587	Q99819	Golgi apparatus,Membrane	Cytoplasm	2|1	oneMulti
P09382	P48509	Cytoplasm,Extracellular matrix,Secreted	Membrane	3|1	oneMulti
P61328	Q92896	Nucleus	Cytoplasm,Cytoskeleton,Golgi apparatus,Membrane	1|4	oneMulti
A6NKT7	Q9BW27	none	Centromere,Chromosome,Cytoplasm,Cytoskeleton,Kinetochore,Membrane,Nuclear pore complex,Nucleus	1|8	oneMulti
P25398	Q8TD47	Cytoplasm,Nucleus	none	2|1	oneMulti
O43482	Q8N865	Centromere,Chromosome,Nucleus	Cell projection,Cilium,Cytoplasm,Cytoskeleton,Flagellum	3|5	bothMulti
P35240	Q4VCS5	Cell membrane,Cell projection,Cytoplasm,Cytoskeleton,Membrane,Nucleus	Cell junction,Tight junction	6|2	bothMulti
Q587J7	Q8TC59	none	Cytoplasm	1|1	bothSingle
O75674	Q9NXU5	Cytoplasm,Endosome,Golgi apparatus,Membrane	none	4|1	oneMulti
Q96GX2	Q9UPT9	Cytoplasm	Nucleus	1|1	bothSingle
P14653	Q96A00	Nucleus	Cytoplasm	1|1	bothSingle
P13994	Q96BZ8	Nucleus	none	1|1	bothSingle
A0AUZ9	Q9H9L4	none	Nucleus	1|1	bothSingle
Q8N7B1	Q9H967	Chromosome,Nucleus	none	2|1	oneMulti
O75093	Q5T848	Secreted	Cell membrane,Cell projection,Membrane,Nucleus,Postsynaptic cell membrane,Synapse	1|6	oneMulti
Q00537	Q13042	none	Cytoplasm,Cytoskeleton	1|2	oneMulti
P30533	Q9NY93	Endoplasmic reticulum,Endosome,Golgi apparatus	Nucleus	3|1	oneMulti
P43405	Q9UKW4	Cell membrane,Cytoplasm,Membrane	none	3|1	oneMulti
P05556	Q9UKP3	Cell junction,Cell membrane,Cell projection,Endosome,Membrane	none	5|1	oneMulti
O60234	Q92747	none	Cytoplasm,Cytoskeleton,Nucleus	1|3	oneMulti
Q562E7	Q7Z3E1	Cytoplasm,Cytoplasmic vesicle,Endosome,Lysosome,Membrane,Mitochondrion	Nucleus	6|1	oneMulti
O14561	P22680	Mitochondrion	Endoplasmic reticulum,Membrane,Microsome	1|3	oneMulti
Q15582	Q8N461	Amyloid,Extracellular matrix,Secreted	none	3|1	oneMulti
Q13501	Q66K64	Cytoplasm,Cytoplasmic vesicle,Endoplasmic reticulum,Endosome,Lysosome,Nucleus	none	6|1	oneMulti
Q13555	Q96GE6	Membrane,Sarcoplasmic reticulum	Cell projection	2|1	oneMulti
O94832	P05976	Cell projection,Cytoplasm,Endosome	none	3|1	oneMulti
P27986	Q96F24	none	Cytoplasm,Cytoplasmic vesicle,Nucleus	1|3	oneMulti
Q6EEV6	Q9UBT2	none	Cytoplasm,Nucleus	1|2	oneMulti
O00159	P27482	Cell membrane,Cell projection,Cytoplasm,Cytoplasmic vesicle,Membrane,Nucleus	none	6|1	oneMulti
O15525	O75157	Nucleus	none	1|1	bothSingle
O00634	Q8IZJ1	Extracellular matrix,Secreted	Cell membrane,Membrane	2|2	bothMulti
Q13371	Q9HAV0	Cell projection	none	1|1	bothSingle
P62837	Q9Y508	none	Cytoplasm,Nucleus	1|2	oneMulti
A0JP26	A5A3E0	none	Cytoplasm	1|1	bothSingle
Q0VDD7	Q13227	Chromosome	Cytoplasm,Mitochondrion,Nucleus	1|3	oneMulti
P52948	Q9H1M0	Membrane,Nuclear pore complex,Nucleus	none	3|1	oneMulti
O14810	O43752	Cell projection,Cytoplasm,Synapse	Endosome,Golgi apparatus,Membrane	3|3	bothMulti
Q13569	Q8WXH5	Nucleus	none	1|1	bothSingle
O60437	Q4G0X4	Cell junction,Cell membrane,Cytoplasm,Cytoskeleton,Membrane	none	5|1	oneMulti
Q01064	Q14123	Cytoplasm	Lysosome	1|1	bothSingle
O14976	Q9Y6X3	Cell junction,Cytoplasm,Cytoplasmic vesicle,Golgi apparatus	Chromosome,Nucleus	4|2	bothMulti
Q9HB29	Q9NZH8	Membrane	Cytoplasm,Secreted	1|2	oneMulti
Q9NZM5	Q9Y3U8	Nucleus	Cytoplasm	1|1	bothSingle
Q9NZQ0	Q9ULE4	Nucleus	none	1|1	bothSingle
P61421	Q9H1K1	Cytoplasmic vesicle,Lysosome,Membrane	Cytoplasm,Mitochondrion,Nucleus	3|3	bothMulti
O95243	Q6P2P2	Nucleus	Cytoplasm	1|1	bothSingle
Q8N5Z5	Q9P2G9	Cytoplasm	none	1|1	bothSingle
Q86VI3	Q9HAZ2	none	Cytoplasm,Nucleus	1|2	oneMulti
P60520	Q8WYN0	Cytoplasmic vesicle,Endoplasmic reticulum,Golgi apparatus,Membrane	Cytoplasm	4|1	oneMulti
Q5EBL4	Q9Y228	Cell projection,Cilium,Cytoplasm,Cytoskeleton	Cell membrane,Golgi apparatus,Lysosome,Membrane,Mitochondrion,Mitochondrion outer membrane	4|6	bothMulti
P04183	Q96MW1	Cytoplasm	none	1|1	bothSingle
Q9H6T3	Q9Y230	none	Cytoplasm,Membrane,Nucleus	1|3	oneMulti
O14977	P11926	Nucleus	none	1|1	bothSingle
P22004	Q96JA1	Secreted	Cell membrane,Membrane	1|2	oneMulti
P18124	Q96HY6	Cytoplasm	Endoplasmic reticulum,Membrane	1|2	oneMulti
Q969M7	Q9H0F5	none	Nucleus	1|1	bothSingle
P62877	Q712K3	Cytoplasm,Nucleus	none	2|1	oneMulti
Q8TEW0	Q9ULD4	Cell junction,Cell membrane,Cytoplasm,Cytoskeleton,Membrane,Tight junction	Nucleus	6|1	oneMulti
P26374	Q9UL25	Cytoplasm	Cell projection,Cytoplasmic vesicle,Endoplasmic reticulum,Endosome,Golgi apparatus,Membrane	1|6	oneMulti
O00622	P10586	Secreted	Membrane	1|1	bothSingle
O14607	Q14409	Nucleus	Cytoplasm,Membrane,Mitochondrion,Mitochondrion outer membrane	1|4	oneMulti
Q8NEF9	Q93075	Cytoplasm	Nucleus	1|1	bothSingle
O43295	P10911	none	Cytoplasm,Membrane	1|2	oneMulti
P02751	Q9UBQ5	Extracellular matrix,Secreted	Cytoplasm,Nucleus	2|2	bothMulti
A0A087WTH5	Q9UJ90	none	Membrane	1|1	bothSingle
P05089	P78540	Cytoplasm	Mitochondrion	1|1	bothSingle
Q96BM1	Q9NWK9	Cytoplasm,Cytoplasmic vesicle	none	2|1	oneMulti
Q15131	Q96S94	Cell projection,Cytoplasm,Cytoskeleton	Nucleus	3|1	oneMulti
P36871	Q969H8	Cytoplasm	Endoplasmic reticulum,Golgi apparatus,Secreted	1|3	oneMulti
O60921	Q8NHY5	Cytoplasm,Nucleus	none	2|1	oneMulti
P27986	P60484	none	Cell projection,Cytoplasm,Nucleus,Secreted,Synapse	1|5	oneMulti
O60732	Q8WV22	none	Chromosome,Nucleus,Telomere	1|3	oneMulti
O14802	P26641	Cytoplasm,DNA-directed RNA polymerase,Nucleus	none	3|1	oneMulti
Q15843	Q96DC9	Nucleus	none	1|1	bothSingle
P05412	Q99435	Nucleus	Secreted	1|1	bothSingle
P28324	Q7L7X3	Nucleus	Cytoplasm	1|1	bothSingle
Q68DV7	Q9BXY4	Cell membrane,Endoplasmic reticulum,Membrane,Nucleus	Secreted	4|1	oneMulti
Q9BST9	Q9H2G2	none	Cytoplasm	1|1	bothSingle
P51157	Q8NA23	Cell membrane,Cell projection,Cytoplasm,Cytoskeleton,Membrane	none	5|1	oneMulti
P62701	Q71UM5	Cytoplasm,Nucleus	none	2|1	oneMulti
P04626	P15498	Cell membrane,Cell projection,Cytoplasm,Endosome,Membrane,Nucleus	none	6|1	oneMulti
P17568	Q9UI47	Membrane,Mitochondrion,Mitochondrion inner membrane	Cell junction,Cytoplasm,Cytoskeleton	3|3	bothMulti
A6NNX1	Q96MA6	none	Cell projection,Cytoplasm,Cytoskeleton	1|3	oneMulti
P16278	Q8IXQ3	Cytoplasm,Lysosome	none	2|1	oneMulti
Q02878	Q8NHW5	Cytoplasm,Endoplasmic reticulum	none	2|1	oneMulti
O00626	P51679	Secreted	Cell membrane,Membrane	1|2	oneMulti
Q05925	Q8IWZ3	Nucleus	Cytoplasm	1|1	bothSingle
Q9P2A4	Q9Y2A7	Cytoplasm	Cell membrane,Cell projection,Membrane	1|3	oneMulti
Q3MIX3	Q9Y6H1	Membrane	Mitochondrion,Nucleus	1|2	oneMulti
P61201	Q13619	Cytoplasm,Nucleus,Signalosome	none	3|1	oneMulti
O14578	Q9H0D6	Cytoplasm	Nucleus	1|1	bothSingle
P56199	Q9H0F6	Membrane	Cytoplasm,Synapse	1|2	oneMulti
Q3KR37	Q96HH9	Cell membrane,Endoplasmic reticulum,Membrane	none	3|1	oneMulti
Q5JSJ4	Q68E01	none	Cytoplasm,Nucleus	1|2	oneMulti
A6NI87	Q6ZTR7	none	Cell projection,Cytoplasm,Cytoskeleton	1|3	oneMulti
P54829	P62760	Endoplasmic reticulum,Membrane	none	2|1	oneMulti
Q8IUD2	Q9UPN9	Cell membrane,Cell projection,Cytoplasm,Cytoskeleton,Golgi apparatus,Membrane,Synapse	Nucleus	7|1	oneMulti
Q9NQ33	Q9Y5R4	Nucleus	Mitochondrion	1|1	bothSingle
Q4G0W2	Q9NRW4	none	Cytoplasm	1|1	bothSingle
Q96JC9	Q9NRD5	Nucleus	Cytoplasm,Cytoskeleton,Membrane,Synapse,Synaptosome	1|5	oneMulti
Q8NG27	Q9NXX6	none	Chromosome,Nucleus,Telomere	1|3	oneMulti
Q6ZTA4	Q92859	Cytoplasm,Cytoskeleton	Cell membrane,Membrane	2|2	bothMulti
P08134	Q07960	Cell membrane,Membrane	Cytoplasm	2|1	oneMulti
Q96ER3	Q9H244	Nucleus	Cell membrane,Membrane	1|2	oneMulti
Q8TF61	Q9UKT5	none	Cytoplasm	1|1	bothSingle
Q9H9Y4	Q9HCN4	none	Cytoplasm,Nucleus	1|2	oneMulti
P01591	Q9H400	Secreted	Cell membrane,Membrane	1|2	oneMulti
P51159	Q9BXI6	Endosome,Lysosome,Membrane	Cell projection	3|1	oneMulti
Q2T9J0	Q8TAM1	Peroxisome	Cell projection	1|1	bothSingle
P62745	Q9P219	Cell membrane,Endosome,Membrane,Nucleus	Cell junction,Cytoplasm	4|2	bothMulti
O15020	Q6PL18	Cytoplasm,Cytoskeleton	Nucleus	2|1	oneMulti
P49639	Q8IV04	Nucleus	none	1|1	bothSingle
P04792	P08473	Cytoplasm,Cytoskeleton,Nucleus	Cell membrane,Membrane	3|2	bothMulti
P23229	P50454	Cell membrane,Membrane	Endoplasmic reticulum	2|1	oneMulti
Q6EEV6	Q9GZR1	none	Nucleus	1|1	bothSingle
Q96KV7	Q9UJX0	Cytoplasm,Cytoskeleton	none	2|1	oneMulti
P49588	Q8NC54	Cytoplasm	Membrane	1|1	bothSingle
Q6Q0C0	Q99759	Cytoplasm,Cytoplasmic vesicle,Nucleus	none	3|1	oneMulti
Q86WC6	Q96D03	none	Cytoplasm	1|1	bothSingle
O95199	Q8NDN9	Cytoplasmic vesicle	Nucleus	1|1	bothSingle
Q4VXU2	Q9BPZ3	none	Cytoplasm	1|1	bothSingle
Q6ICG8	Q9HC24	none	Golgi apparatus,Membrane	1|2	oneMulti
O75360	P15289	Nucleus	Endoplasmic reticulum,Lysosome	1|2	oneMulti
O15480	Q8WV22	none	Chromosome,Nucleus,Telomere	1|3	oneMulti
P51149	Q7L1V2	Cytoplasmic vesicle,Endosome,Lipid droplet,Lysosome,Membrane,Mitochondrion	none	6|1	oneMulti
P42696	Q8NEV1	Nucleus	none	1|1	bothSingle
O95447	Q9UFE4	none	Cell projection,Cilium,Cytoplasm,Cytoskeleton	1|4	oneMulti
Q68CZ2	Q7L5D6	Cell junction,Cell projection	Cytoplasm	2|1	oneMulti
O00634	Q6UXZ4	Extracellular matrix,Secreted	Cell membrane,Membrane	2|2	bothMulti
Q86YI8	Q9H892	Nucleus	Cytoplasm	1|1	bothSingle
Q96KP1	Q9NV70	none	Cell membrane,Cytoplasm,Membrane	1|3	oneMulti
O15085	O94844	Cytoplasm,Membrane	none	2|1	oneMulti
A6PVI3	Q9BZI7	none	Cytoplasm,Nucleus	1|2	oneMulti
Q69YI7	Q96AX1	Nucleus	Cytoplasmic vesicle,Endosome,Lysosome,Membrane	1|4	oneMulti
Q7L8L6	Q8N468	Mitochondrion,Mitochondrion nucleoid	Membrane	2|1	oneMulti
Q8TDI8	Q96Q77	Cell membrane,Membrane	none	2|1	oneMulti
Q9BPX3	Q9H6Y5	Chromosome,Cytoplasm,Nucleus	none	3|1	oneMulti
Q6UW10	Q8IZF2	Cytoplasmic vesicle,Golgi apparatus,Secreted	Cell membrane,Membrane	3|2	bothMulti
Q5H9S7	Q9BW61	Membrane,Nucleus	none	2|1	oneMulti
Q15828	Q5QP82	Secreted	none	1|1	bothSingle
P19875	P38936	Secreted	Cytoplasm,Nucleus	1|2	oneMulti
Q6PK04	Q9H9Y2	Chromosome	Nucleus	1|1	bothSingle
P26196	Q9BX40	Cytoplasm,Nucleus	none	2|1	oneMulti
Q3KP66	Q96J77	Cytoplasm,Nucleus	none	2|1	oneMulti
P26641	Q5VTE0	none	Cytoplasm	1|1	bothSingle
P19086	Q2M5E4	Membrane	none	1|1	bothSingle
A0A1W2PRV1	Q8IZX4	none	Nucleus	1|1	bothSingle
Q6ZVM7	Q9H0E2	none	Cytoplasm,Endosome	1|2	oneMulti
P78317	Q96LR5	Cytoplasm,Nucleus	none	2|1	oneMulti
O95407	P13686	Secreted	Lysosome	1|1	bothSingle
P15884	Q96HT8	Nucleus	none	1|1	bothSingle
P61254	Q9NV31	Cytoplasm	Nucleus	1|1	bothSingle
P24534	Q05639	none	Nucleus	1|1	bothSingle
O00206	P04271	Cell membrane,Cell projection,Endosome,Membrane	Cytoplasm,Nucleus,Secreted	4|3	bothMulti
P36873	Q16821	Centromere,Chromosome,Cytoplasm,Cytoskeleton,Kinetochore,Mitochondrion,Nucleus	Membrane	7|1	oneMulti
Q53G59	Q9UH77	Cytoplasmic vesicle	Cytoplasm,Cytoskeleton	1|2	oneMulti
Q13464	Q7L014	Cell membrane,Cell projection,Cytoplasm,Cytoskeleton,Golgi apparatus,Membrane	Nucleus,Spliceosome	6|2	bothMulti
A6NMX2	Q04637	none	Cytoplasm,Nucleus	1|2	oneMulti
P55040	Q13049	Cell membrane,Membrane	Cytoplasm,Endoplasmic reticulum,Mitochondrion	2|3	bothMulti
A8MVJ9	Q9UGN5	none	Chromosome,Nucleus	1|2	oneMulti
P08861	P48052	none	Secreted	1|1	bothSingle
A0A3B3IRV3	O43583	Cytoplasm	none	1|1	bothSingle
P09601	P10109	Endoplasmic reticulum,Membrane	Mitochondrion	2|1	oneMulti
A0A1W2PQ09	Q92750	none	Cytoplasm,Nucleus	1|2	oneMulti
P10912	Q9NSE2	Cell membrane,Membrane,Secreted	none	3|1	oneMulti
O00585	P32248	Secreted	Cell membrane,Membrane	1|2	oneMulti
Q02446	Q8TAP4	Nucleus	none	1|1	bothSingle
O95236	P12544	Cytoplasm	Secreted	1|1	bothSingle
O75683	Q02878	Nucleus	Cytoplasm,Endoplasmic reticulum	1|2	oneMulti
O94923	P05386	Golgi apparatus,Membrane	none	2|1	oneMulti
P27348	Q8IYK8	Cytoplasm	Cell membrane,Membrane	1|2	oneMulti
P19087	Q9NS28	Cell projection	Cytoplasm	1|1	bothSingle
Q69YN2	Q9UK59	none	Nucleus	1|1	bothSingle
P0DP25	Q92686	Cytoplasm,Cytoskeleton	none	2|1	oneMulti
Q6PK04	Q9BRD0	Chromosome	Nucleus,Spliceosome	1|2	oneMulti
Q8TEB9	Q9UIG0	Endoplasmic reticulum,Membrane,Mitochondrion	Nucleus	3|1	oneMulti
P05090	Q9NVV5	Secreted	Cell membrane,Membrane	1|2	oneMulti
P29992	Q00722	Cell membrane,Cytoplasm,Membrane	none	3|1	oneMulti
P62837	Q9NTX7	none	Cytoplasm,Nucleus	1|2	oneMulti
Q86X24	Q8N4E4	Chromosome,Nucleus	none	2|1	oneMulti
P51532	Q9UHA2	Nucleus	none	1|1	bothSingle
Q16890	Q9H7B4	none	Cytoplasm,Nucleus	1|2	oneMulti
P35462	Q86UV5	Cell membrane,Membrane	Cytoplasm,Nucleus	2|2	bothMulti
P61077	Q9BWX1	Cell membrane,Endosome,Membrane	Nucleus	3|1	oneMulti
O60925	P61758	none	Cytoplasm,Nucleus	1|2	oneMulti
P13164	Q14442	Cell membrane,Lysosome,Membrane	Cytoplasm	3|1	oneMulti
O00590	Q6UW15	Cell membrane,Endosome,Membrane	Cytoplasm,Secreted	3|2	bothMulti
P15514	P16619	Membrane	Secreted	1|1	bothSingle
P46940	Q96GE6	Cell membrane,Cytoplasm,Membrane,Nucleus	Cell projection	4|1	oneMulti
P84098	Q7Z2W9	Cytoplasm	Mitochondrion	1|1	bothSingle
Q9P272	Q9Y5R4	none	Mitochondrion	1|1	bothSingle
P43378	Q9UHF1	Cytoplasm	Secreted	1|1	bothSingle
P62753	Q92901	Cytoplasm,Nucleus	none	2|1	oneMulti
P0DN76	P26368	none	Nucleus,Spliceosome	1|2	oneMulti
Q92503	Q9Y426	Cytoplasm,Golgi apparatus	Membrane	2|1	oneMulti
O15062	Q8WTW4	Nucleus	Lysosome,Membrane	1|2	oneMulti
Q8NFH3	Q99666	Centromere,Chromosome,Kinetochore,Nuclear pore complex,Nucleus	Cytoplasm	5|1	oneMulti
Q7L8W6	Q96FX2	none	Cytoplasm,Nucleus	1|2	oneMulti
P21730	Q93091	Cell membrane,Cytoplasmic vesicle,Membrane	Lysosome,Secreted	3|2	bothMulti
Q5W5X9	Q8TAU3	Cell projection	Nucleus	1|1	bothSingle
P82932	Q8NBR0	Mitochondrion	Cell membrane,Cytoplasm,Membrane	1|3	oneMulti
Q00537	Q13416	none	Nucleus	1|1	bothSingle
Q16626	Q9C005	none	Golgi apparatus,Nucleus	1|2	oneMulti
Q14696	Q58FF3	Endoplasmic reticulum	none	1|1	bothSingle
P43363	Q8WUB2	Nucleus	none	1|1	bothSingle
O75891	Q3SY69	Cytoplasm	Mitochondrion	1|1	bothSingle
P02458	Q8IYK4	Extracellular matrix,Secreted	Endoplasmic reticulum	2|1	oneMulti
P29466	P42575	Cell membrane,Cytoplasm,Membrane	none	3|1	oneMulti
Q5JR98	Q8N7M0	Cell projection,Cilium,Cytoplasm,Cytoplasmic vesicle,Cytoskeleton,Flagellum,Nucleus	none	7|1	oneMulti
P22061	Q9NX18	Cytoplasm	Mitochondrion	1|1	bothSingle
A0A1W2PQ09	O00268	none	Nucleus	1|1	bothSingle
O43264	Q9UFG5	Centromere,Chromosome,Cytoplasm,Cytoskeleton,Endoplasmic reticulum,Kinetochore,Lipid droplet,Membrane	none	8|1	oneMulti
P50395	Q53S08	Cytoplasm,Membrane	none	2|1	oneMulti
P02788	P28906	Cytoplasm,Nucleus,Secreted	Membrane	3|1	oneMulti
P10109	P20853	Mitochondrion	Endoplasmic reticulum,Membrane,Microsome	1|3	oneMulti
O15335	Q86UA1	Extracellular matrix,Secreted	Nucleus	2|1	oneMulti
P06730	Q9UNK9	Cytoplasm,Nucleus	none	2|1	oneMulti
O75596	P15538	Secreted	Membrane,Mitochondrion,Mitochondrion inner membrane	1|3	oneMulti
P04198	P13497	Nucleus	Extracellular matrix,Golgi apparatus,Secreted	1|3	oneMulti
P62837	Q05086	none	Cytoplasm,Nucleus,Proteasome	1|3	oneMulti
Q12986	Q9Y3U8	Nucleus	Cytoplasm	1|1	bothSingle
P28562	P54368	Nucleus	none	1|1	bothSingle
P61981	Q15836	Cytoplasm	Endosome,Membrane,Synapse,Synaptosome	1|4	oneMulti
O43186	Q96NJ5	Nucleus	none	1|1	bothSingle
O00755	Q9ULV1	Extracellular matrix,Secreted	Cell membrane,Membrane	2|2	bothMulti
Q70EK9	Q96GX2	Chromosome	Cytoplasm	1|1	bothSingle
Q9UJ04	Q9ULW6	none	Nucleus	1|1	bothSingle
Q64LD2	Q7Z478	none	Cytoplasm	1|1	bothSingle
Q8NHQ8	Q96KQ4	none	Cytoplasm,Nucleus	1|2	oneMulti
Q4G0N7	Q9BXA7	none	Cell projection,Cilium,Cytoplasm,Cytoplasmic vesicle,Flagellum	1|5	oneMulti
A1L190	Q9NTX9	Chromosome,Nucleus	none	2|1	oneMulti
P53803	Q9C0B7	DNA-directed RNA polymerase,Nucleus	Membrane	2|1	oneMulti
Q6ZNC4	Q9HA92	Nucleus	Mitochondrion	1|1	bothSingle
O43583	Q14152	none	Cytoplasm	1|1	bothSingle
Q149N8	Q96ST3	none	Nucleus	1|1	bothSingle
P51965	Q96GF1	Nucleus	Endoplasmic reticulum,Membrane,Mitochondrion,Mitochondrion outer membrane	1|4	oneMulti
P00533	Q12792	Cell membrane,Endoplasmic reticulum,Endosome,Golgi apparatus,Membrane,Nucleus,Secreted	Cytoplasm,Cytoskeleton	7|2	bothMulti
P06400	Q52LA3	Nucleus	none	1|1	bothSingle
P62829	Q92901	Cytoplasm	none	1|1	bothSingle
O95376	P62837	Cytoplasm,Nucleus	none	2|1	oneMulti
Q13557	Q8TD86	Cell membrane,Membrane,Sarcoplasmic reticulum	Cytoplasm,Nucleus	3|2	bothMulti
O14633	Q9BYE4	none	Cytoplasm	1|1	bothSingle
A0A2R8Y422	O15235	none	Mitochondrion	1|1	bothSingle
O43295	O75044	none	Cell membrane,Cell projection,Cytoplasm,Cytoplasmic vesicle,Membrane,Nucleus,Postsynaptic cell membrane,Synapse	1|8	oneMulti
Q15906	Q9BUH8	Nucleus	Cytoplasm,Membrane	1|2	oneMulti
Q8N436	Q92791	Secreted	Endoplasmic reticulum	1|1	bothSingle
O15266	Q9Y5R4	Nucleus	Mitochondrion	1|1	bothSingle
Q8TDS5	Q9H0F5	Membrane	Nucleus	1|1	bothSingle
A6NLF2	Q15369	none	Nucleus	1|1	bothSingle
P02751	P13612	Extracellular matrix,Secreted	Membrane	2|1	oneMulti
Q08043	Q53GG5	none	Cytoplasm	1|1	bothSingle
Q96B02	Q96GF1	Nucleus	Endoplasmic reticulum,Membrane,Mitochondrion,Mitochondrion outer membrane	1|4	oneMulti
Q96LD8	Q9BZI1	none	Nucleus	1|1	bothSingle
Q8TE67	Q9H3R2	Cytoplasm	Cell membrane,Membrane,Secreted	1|3	oneMulti
Q96PC3	Q96RS6	Coated pit,Cytoplasmic vesicle,Golgi apparatus,Membrane	Cytoplasm,Nucleus	4|2	bothMulti
A6NNX1	Q9Y6K8	none	Cytoplasm	1|1	bothSingle
P07359	P19957	Membrane	Secreted	1|1	bothSingle
Q9P2N7	Q9UJP4	none	Cytoplasm,Cytoskeleton	1|2	oneMulti
Q8TAP4	Q9ULC8	none	Golgi apparatus,Membrane,Mitochondrion	1|3	oneMulti
Q9BRR8	Q9H5Z1	none	Spliceosome	1|1	bothSingle
P82664	Q9ULD5	Mitochondrion	Nucleus	1|1	bothSingle
P61086	Q96GF1	Cytoplasm	Endoplasmic reticulum,Membrane,Mitochondrion,Mitochondrion outer membrane	1|4	oneMulti
P48059	Q15404	Cell junction,Cell membrane,Membrane	none	3|1	oneMulti
O43301	Q96MM6	Cytoplasm,Nucleus	none	2|1	oneMulti
P08397	Q56NI9	Cytoplasm	Chromosome,Nucleus	1|2	oneMulti
P34931	Q92598	none	Cytoplasm	1|1	bothSingle
O76094	Q9BVP2	Cytoplasm,Endoplasmic reticulum,Signal recognition particle	Nucleus	3|1	oneMulti
Q8WYH8	Q9NQC1	Chromosome,Nucleus	none	2|1	oneMulti
P01137	P30411	Extracellular matrix,Secreted	Cell membrane,Membrane	2|2	bothMulti
Q7Z2T5	Q8N5C7	none	Nucleus	1|1	bothSingle
P12643	Q6NW40	Secreted	Cell membrane,Membrane	1|2	oneMulti
P32242	Q2TBC4	Nucleus	none	1|1	bothSingle
P27361	Q9NX18	Cell junction,Cytoplasm,Membrane,Nucleus	Mitochondrion	4|1	oneMulti
O94953	Q9BY42	Nucleus	Chromosome	1|1	bothSingle
Q4L235	Q9H9E1	none	Cytoplasm,Cytoskeleton,Membrane	1|3	oneMulti
A6NCM1	Q5VUJ9	none	Cell projection,Cilium,Cytoplasm,Cytoskeleton,Flagellum	1|5	oneMulti
Q2KHR3	Q8N6D5	Chromosome	none	1|1	bothSingle
Q5JTV8	Q5JU69	Membrane,Nucleus	Endoplasmic reticulum	2|1	oneMulti
P00739	P21757	Secreted	LDL,Membrane	1|2	oneMulti
G9CGD6	Q99418	none	Cell junction,Cell membrane,Cell projection,Cytoplasm,Membrane,Tight junction	1|6	oneMulti
Q6ZTU2	Q9H0E9	none	Nucleus	1|1	bothSingle
O15400	P46459	Endosome,Membrane	Cytoplasm	2|1	oneMulti
Q15369	Q9Y6I7	Nucleus	none	1|1	bothSingle
P12956	P62324	Chromosome,Nucleus	none	2|1	oneMulti
P24864	Q00526	Nucleus	none	1|1	bothSingle
Q92673	Q96D03	Cell membrane,Cytoplasmic vesicle,Endoplasmic reticulum,Endosome,Golgi apparatus,Membrane,Secreted	Cytoplasm	7|1	oneMulti
Q2T9L4	Q969J3	Synapse	Lysosome,Membrane	1|2	oneMulti
P68032	Q01518	Cytoplasm,Cytoskeleton	Cell membrane,Membrane	2|2	bothMulti
Q8N4B1	Q9NW61	Cytoplasmic vesicle,Endosome,Golgi apparatus	none	3|1	oneMulti
A6NMT0	Q9P283	Nucleus	Membrane	1|1	bothSingle
P06865	P62502	Lysosome	Secreted	1|1	bothSingle
O00408	O76074	Cell membrane,Cytoplasm,Membrane,Mitochondrion,Mitochondrion inner membrane,Mitochondrion outer membrane	none	6|1	oneMulti
O76014	Q96MT8	Intermediate filament,Keratin	Cytoplasm,Cytoskeleton	2|2	bothMulti
O60684	Q9H0D6	none	Nucleus	1|1	bothSingle
P49841	Q86W92	Cell membrane,Cytoplasm,Membrane,Nucleus	none	4|1	oneMulti
Q2NL82	Q96GA3	Nucleus	Cytoplasm	1|1	bothSingle
P36873	P41236	Centromere,Chromosome,Cytoplasm,Cytoskeleton,Kinetochore,Mitochondrion,Nucleus	none	7|1	oneMulti
Q9UKW4	Q9UM73	none	Cell membrane,Membrane	1|2	oneMulti
Q59GN2	Q66PJ3	none	Nucleus	1|1	bothSingle
P01106	Q15155	Cytoplasm,Nucleus	Endoplasmic reticulum,Membrane	2|2	bothMulti
A0A1W2PRV1	Q16514	none	Nucleus	1|1	bothSingle
O96013	P08134	Cytoplasm	Cell membrane,Membrane	1|2	oneMulti
Q5JR12	Q9ULR3	none	Cytoplasm,Nucleus	1|2	oneMulti
O94813	Q9HCK4	Secreted	Membrane	1|1	bothSingle
P09681	Q9HCR9	Secreted	Cytoplasm	1|1	bothSingle
P62256	Q969K3	none	Cell membrane,Cytoplasm,Membrane,Nucleus	1|4	oneMulti
O43513	Q9UHA4	Nucleus	Endosome,Membrane	1|2	oneMulti
O00189	O43299	Endosome,Golgi apparatus,Membrane	Cytoplasm,Nucleus	3|2	bothMulti
O95363	Q7Z4V0	Mitochondrion	Nucleus	1|1	bothSingle
O95707	Q8N3Z3	Nucleus	none	1|1	bothSingle
P58557	Q8N5Q1	Nucleus	none	1|1	bothSingle
P24864	P61086	Nucleus	Cytoplasm	1|1	bothSingle
Q6T311	Q6UWR7	none	Cell membrane,Membrane	1|2	oneMulti
Q8N5S9	Q9NZT1	Cytoplasm,Nucleus	none	2|1	oneMulti
Q96ST8	Q9HBI5	Cytoplasm,Cytoskeleton,Mitochondrion	Cell projection	3|1	oneMulti
P55040	Q13077	Cell membrane,Membrane	none	2|1	oneMulti
P27482	Q8WXR4	none	Cell projection,Cytoplasm,Cytoskeleton	1|3	oneMulti
P62244	Q71UM5	Cytoplasm,Nucleus	none	2|1	oneMulti
P50148	P62873	Cell membrane,Golgi apparatus,Membrane,Nucleus	none	4|1	oneMulti
P52566	P62745	Cytoplasm	Cell membrane,Endosome,Membrane,Nucleus	1|4	oneMulti
Q53G59	Q53HC5	Cytoplasmic vesicle	none	1|1	bothSingle
P54368	Q6QHF9	none	Cytoplasm,Peroxisome	1|2	oneMulti
O14933	Q9Y4X5	none	Cytoplasm,Nucleus	1|2	oneMulti
P62837	Q96PM5	none	Cytoplasm,Nucleus	1|2	oneMulti
P22612	Q92558	none	Cell junction,Cytoplasm,Cytoskeleton,Synapse	1|4	oneMulti
P52198	Q99819	Cytoplasmic vesicle,Membrane	Cytoplasm	2|1	oneMulti
O43166	Q13627	Cytoplasm,Cytoskeleton,Synapse,Synaptosome	Nucleus	4|1	oneMulti
P53350	Q6PGQ7	Centromere,Chromosome,Cytoplasm,Cytoskeleton,Kinetochore,Nucleus	none	6|1	oneMulti
O75864	Q96H86	none	Nucleus	1|1	bothSingle
P51805	Q9NS98	Cell membrane,Membrane	Secreted	2|1	oneMulti
P51668	Q8WWF5	Cytoplasm	Endoplasmic reticulum,Membrane	1|2	oneMulti
Q66K64	Q9C0C7	none	Cell junction,Cytoplasm,Cytoplasmic vesicle,Cytoskeleton,Endoplasmic reticulum,Mitochondrion,Nucleus	1|7	oneMulti
O14965	Q6PGQ7	Cell membrane,Cell projection,Cilium,Cytoplasm,Cytoskeleton,Membrane,Microtubule	none	7|1	oneMulti
O60725	Q9GZV1	Endoplasmic reticulum,Membrane	Cytoplasm,Nucleus	2|2	bothMulti
P05387	P41002	none	Cytoplasm,Cytoskeleton,Nucleus	1|3	oneMulti
P40429	Q92901	Cytoplasm	none	1|1	bothSingle
Q9NQC1	Q9UNL4	none	Nucleus	1|1	bothSingle
O14645	Q8IUR5	Cell projection,Cilium,Cytoplasm,Dynein,Flagellum	Endoplasmic reticulum,Membrane	5|2	bothMulti
P0DI82	Q8IUR0	Cytoplasm,Nucleus	Endoplasmic reticulum,Golgi apparatus	2|2	bothMulti
O15297	Q9NV92	Cytoplasm,Nucleus	Endosome,Golgi apparatus,Membrane	2|3	bothMulti
Q9BWJ5	Q9H2W6	Nucleus,Spliceosome	Mitochondrion	2|1	oneMulti
P62491	Q9BXI6	Cell membrane,Cytoplasmic vesicle,Endosome,Golgi apparatus,Membrane	Cell projection	5|1	oneMulti
O43555	P30968	Secreted	Cell membrane,Membrane	1|2	oneMulti
O15444	P20701	Secreted	Cell membrane,Membrane	1|2	oneMulti
P62277	Q71UM5	Cytoplasm,Nucleus	none	2|1	oneMulti
Q8WWF1	Q9H2E6	Secreted	Cell membrane,Membrane	1|2	oneMulti
P26927	Q04912	Secreted	Membrane	1|1	bothSingle
P52566	Q8WUD1	Cytoplasm	Cell membrane,Cytoplasmic vesicle,Endoplasmic reticulum,Golgi apparatus,Membrane	1|5	oneMulti
A0A5S8K742	P14867	none	Cell membrane,Cytoplasmic vesicle,Membrane,Postsynaptic cell membrane,Synapse	1|5	oneMulti
O75822	P68400	Cytoplasm	Nucleus	1|1	bothSingle
O60493	Q86XE0	Cytoplasmic vesicle,Endosome	none	2|1	oneMulti
O94826	P26599	Membrane,Mitochondrion,Mitochondrion outer membrane	Nucleus	3|1	oneMulti
Q9H9T3	Q9Y3B9	Cytoplasm,Nucleus	none	2|1	oneMulti
P54727	Q96S82	Cytoplasm,Nucleus,Proteasome	none	3|1	oneMulti
Q5T0F9	Q96CF2	Nucleus	Cytoplasm,Endosome,Membrane	1|3	oneMulti
O43916	P51888	Golgi apparatus,Membrane	Extracellular matrix,Secreted	2|2	bothMulti
P48060	P49863	Membrane	Secreted	1|1	bothSingle
P31689	P34931	Cytoplasm,Endoplasmic reticulum,Membrane,Microsome,Mitochondrion,Nucleus	none	6|1	oneMulti
P62837	Q8NHG8	none	Cell membrane,Cell projection,Cytoplasm,Endosome,Lysosome,Membrane,Synapse	1|7	oneMulti
P62256	Q96GF1	none	Endoplasmic reticulum,Membrane,Mitochondrion,Mitochondrion outer membrane	1|4	oneMulti
Q8NDX5	Q9UJX2	Nucleus	none	1|1	bothSingle
O95166	P05386	Cytoplasm,Cytoplasmic vesicle,Cytoskeleton,Golgi apparatus,Membrane,Microtubule	none	6|1	oneMulti
Q04917	Q9Y2H9	none	Cell membrane,Cell projection,Cytoplasm,Cytoskeleton,Membrane	1|5	oneMulti
Q99543	Q9H446	Cytoplasm,Nucleus	none	2|1	oneMulti
O00159	O14950	Cell membrane,Cell projection,Cytoplasm,Cytoplasmic vesicle,Membrane,Nucleus	none	6|1	oneMulti
P99999	Q9BUL5	Mitochondrion	Cytoplasm,Nucleus	1|2	oneMulti
O75832	Q9NX18	Cytoplasm,Nucleus	Mitochondrion	2|1	oneMulti
O75438	Q9C002	Membrane,Mitochondrion,Mitochondrion inner membrane	Nucleus	3|1	oneMulti
Q86UC2	Q96IM9	Cell projection,Cilium,Cytoplasm,Cytoskeleton,Flagellum	none	5|1	oneMulti
Q9NVH1	Q9NX40	Membrane,Mitochondrion,Mitochondrion outer membrane	Endosome	3|1	oneMulti
P05412	Q2T9L4	Nucleus	Synapse	1|1	bothSingle
P50914	Q9NWB6	Cytoplasm	Nucleus	1|1	bothSingle
Q63ZY3	Q8TF66	Cytoplasm,Mitochondrion	Cell membrane,Membrane	2|2	bothMulti
Q8N0V3	Q8N3Z3	Mitochondrion	none	1|1	bothSingle
Q86Y37	Q8N1E6	none	Cytoplasm	1|1	bothSingle
O75899	P62873	Cell membrane,Membrane,Postsynaptic cell membrane,Synapse	none	4|1	oneMulti
P26641	P49841	none	Cell membrane,Cytoplasm,Membrane,Nucleus	1|4	oneMulti
O43752	Q6PUV4	Endosome,Golgi apparatus,Membrane	Cell projection,Cytoplasm,Nucleus,Synapse	3|4	bothMulti
P04070	P07204	Endoplasmic reticulum,Golgi apparatus,Secreted	Membrane	3|1	oneMulti
Q8WZ74	Q9UHC7	Cell projection,Cytoplasm,Synapse	none	3|1	oneMulti
Q5T1N1	Q6PGP7	none	Cytoplasm,Nucleus	1|2	oneMulti
P16520	Q5JWF2	none	Cell membrane,Membrane	1|2	oneMulti
O15247	Q16878	Cytoplasm,Membrane	none	2|1	oneMulti
Q13042	Q8HWS3	Cytoplasm,Cytoskeleton	Nucleus	2|1	oneMulti
O15444	P51686	Secreted	Cell membrane,Membrane	1|2	oneMulti
P34931	P34932	none	Cytoplasm	1|1	bothSingle
O00206	Q9Y6Y9	Cell membrane,Cell projection,Endosome,Membrane	Secreted	4|1	oneMulti
P17813	Q9P0W2	Cell membrane,Membrane	Chromosome,Nucleus	2|2	bothMulti
P54198	Q16875	Nucleus	none	1|1	bothSingle
O14498	P51805	Secreted	Cell membrane,Membrane	1|2	oneMulti
Q8TBC5	Q96JS3	Nucleus	none	1|1	bothSingle
Q15369	Q8WXK3	Nucleus	none	1|1	bothSingle
Q0VD86	Q9Y4F3	Cytoplasm,Nucleus	Peroxisome	2|1	oneMulti
O95153	Q86UR5	Cytoplasm,Mitochondrion	Cell membrane,Cell projection,Membrane,Synapse	2|4	bothMulti
O75394	Q8NBR0	Mitochondrion	Cell membrane,Cytoplasm,Membrane	1|3	oneMulti
O43665	P19086	Cytoplasm,Nucleus	Membrane	2|1	oneMulti
Q2T9L4	Q96A65	Synapse	Cell projection,Cytoplasm,Cytoskeleton	1|3	oneMulti
Q56VL3	Q6MZW2	Endosome	Secreted	1|1	bothSingle
O00206	Q6GPH4	Cell membrane,Cell projection,Endosome,Membrane	Cytoplasm,Mitochondrion,Nucleus	4|3	bothMulti
Q5JRA6	Q9HBU6	Endoplasmic reticulum,Membrane	Cytoplasm	2|1	oneMulti
Q9GZS3	Q9UHL4	Cytoplasm,Nucleus	Cytoplasmic vesicle,Lysosome,Secreted	2|3	bothMulti
Q70Z53	Q96BZ8	Nucleus	none	1|1	bothSingle
A0A0J9YX57	Q8WV22	none	Chromosome,Nucleus,Telomere	1|3	oneMulti
Q8N9T8	Q9NVP1	none	Chromosome,Nucleus	1|2	oneMulti
O94889	Q8WXC6	none	Cytoplasm,Nucleus,Signalosome	1|3	oneMulti
O00755	O75197	Extracellular matrix,Secreted	Endoplasmic reticulum,Membrane	2|2	bothMulti
P17066	P31948	none	Cytoplasm,Nucleus	1|2	oneMulti
P10636	P49840	Cell membrane,Cell projection,Cytoplasm,Cytoskeleton,Membrane,Microtubule,Secreted	none	7|1	oneMulti
Q9NY30	Q9UIV1	none	Cytoplasm,Nucleus	1|2	oneMulti
O60566	Q5I0X7	Centromere,Chromosome,Cytoplasm,Cytoskeleton,Kinetochore,Nucleus	none	6|1	oneMulti
Q5VVH2	Q9Y698	none	Membrane,Synapse,Synaptosome	1|3	oneMulti
Q6P4F7	Q96DY7	Nucleus	none	1|1	bothSingle
A6NEL2	O60879	none	Cytoplasm,Endosome	1|2	oneMulti
Q5VT52	Q9Y6X3	none	Chromosome,Nucleus	1|2	oneMulti
Q13190	Q7L5D6	Golgi apparatus,Membrane	Cytoplasm	2|1	oneMulti
Q86WW8	Q9Y2R0	none	Membrane,Mitochondrion,Mitochondrion inner membrane	1|3	oneMulti
A0A087X1L8	Q5DT21	none	Secreted	1|1	bothSingle
Q13277	Q15833	Cell membrane,Membrane,Nucleus	none	3|1	oneMulti
Q04917	Q9BV40	none	Cell membrane,Cytoplasmic vesicle,Endosome,Lysosome,Membrane	1|5	oneMulti
Q8NHS9	Q9UBB4	Chromosome	Cytoplasm	1|1	bothSingle
P06126	P61769	Cell membrane,Endosome,Membrane	Amyloid,MHC I,Secreted	3|3	bothMulti
Q15291	Q86VZ2	Nucleus	none	1|1	bothSingle
O75473	Q9H2X0	Cell membrane,Golgi apparatus,Membrane	Secreted	3|1	oneMulti
P27469	Q9P298	Mitochondrion	Membrane	1|1	bothSingle
Q15833	Q9BV40	none	Cell membrane,Cytoplasmic vesicle,Endosome,Lysosome,Membrane	1|5	oneMulti
P25774	Q9P296	Cytoplasmic vesicle,Lysosome,Secreted	Cell membrane,Membrane	3|2	bothMulti
Q13255	Q96KV7	Cell membrane,Membrane	Cytoplasm,Cytoskeleton	2|2	bothMulti
P08575	P09382	Cell membrane,Membrane	Cytoplasm,Extracellular matrix,Secreted	2|3	bothMulti
Q86XS8	Q9Y2X8	Cytoplasm,Membrane	none	2|1	oneMulti
P58004	Q6PJI9	Cytoplasm	Lysosome,Membrane	1|2	oneMulti
O15514	Q9P1Y6	DNA-directed RNA polymerase,Nucleus	none	2|1	oneMulti
P21815	P38567	Secreted	Cell membrane,Membrane	1|2	oneMulti
O60739	Q99613	none	Cytoplasm	1|1	bothSingle
Q5XKK7	Q9BZG8	none	Cytoplasm,Nucleus	1|2	oneMulti
Q0P5N6	Q8N8L6	Cytoplasm	none	1|1	bothSingle
O00628	Q5I0X4	Cytoplasm,Peroxisome	none	2|1	oneMulti
Q6EEV6	Q9BQS8	none	Cytoplasmic vesicle,Endosome,Lysosome	1|3	oneMulti
O15212	O94763	none	Cell projection,Cytoplasm,Mitochondrion,Nucleus	1|4	oneMulti
P48448	Q8WXK1	Lipid droplet	none	1|1	bothSingle
Q04917	Q96S53	none	Nucleus	1|1	bothSingle
P78317	Q9H6H4	Cytoplasm,Nucleus	Endoplasmic reticulum,Membrane,Microtubule	2|3	bothMulti
O43189	Q6PGQ7	Cytoplasm,Cytoskeleton,Nucleus	none	3|1	oneMulti
Q99952	Q9BZ68	Cytoplasm,Nucleus	none	2|1	oneMulti
Q6UX07	Q8NE62	Secreted	Membrane,Mitochondrion,Mitochondrion inner membrane	1|3	oneMulti
Q9H8S9	Q9NRM7	none	Cytoplasm,Cytoskeleton,Nucleus	1|3	oneMulti
P27449	Q8N8Y2	Cytoplasmic vesicle,Membrane,Synapse	none	3|1	oneMulti
P36578	Q9BZE4	Cytoplasm	Nucleus	1|1	bothSingle
Q969T4	Q99942	Cytoplasm,Nucleus	Cell membrane,Endoplasmic reticulum,Membrane,Mitochondrion	2|4	bothMulti
O00459	Q8NEB9	none	Cytoplasmic vesicle,Endosome	1|2	oneMulti
O95490	P02452	Membrane	Extracellular matrix,Secreted	1|2	oneMulti
P61077	Q96FW1	Cell membrane,Endosome,Membrane	Cytoplasm	3|1	oneMulti
P43365	Q8WV22	none	Chromosome,Nucleus,Telomere	1|3	oneMulti
P50583	P52815	none	Mitochondrion	1|1	bothSingle
P84101	Q8NBJ7	none	Endoplasmic reticulum	1|1	bothSingle
P08246	P58062	Cytoplasmic vesicle	Secreted	1|1	bothSingle
Q8N8K9	Q96EZ8	none	Cytoplasm,Nucleus	1|2	oneMulti
O00194	Q9BV36	Endosome,Membrane	Cytoplasm	2|1	oneMulti
Q8N0X7	Q9NZ63	Cytoplasm	Centromere,Chromosome,Nucleus,Spliceosome	1|4	oneMulti
Q9NWK9	Q9UHK0	none	Nucleus	1|1	bothSingle
Q6IPX3	Q96KV7	Nucleus	Cytoplasm,Cytoskeleton	1|2	oneMulti
O95057	Q9NPG2	Cell membrane,Membrane	Cytoplasm,Mitochondrion	2|2	bothMulti
O75379	Q9BV86	Golgi apparatus,Membrane	Nucleus	2|1	oneMulti
O60762	Q9Y2Q9	Endoplasmic reticulum	Mitochondrion	1|1	bothSingle
P50991	Q6NXE6	Cell projection,Cytoplasm,Cytoskeleton	none	3|1	oneMulti
Q15833	Q16623	none	Cell membrane,Cytoplasmic vesicle,Membrane,Secreted,Synapse,Synaptosome	1|6	oneMulti
P22612	P31321	none	Cell membrane,Membrane	1|2	oneMulti
Q8WV28	Q9UKW4	Cell membrane,Cytoplasm,Membrane	none	3|1	oneMulti
O95837	P41220	none	Cell membrane,Cytoplasm,Membrane,Mitochondrion,Nucleus	1|5	oneMulti
A5PLN9	Q7Z392	none	Golgi apparatus	1|1	bothSingle
P51965	Q8ND25	Nucleus	Cytoplasmic vesicle,Endosome,Lysosome,Membrane,Synapse	1|5	oneMulti
Q14192	Q9NYN1	Cytoplasm,Nucleus	none	2|1	oneMulti
Q13233	Q9Y4K3	none	Cytoplasm,Lipid droplet,Nucleus	1|3	oneMulti
Q06124	Q8WWW8	Cytoplasm,Nucleus	none	2|1	oneMulti
Q92797	Q969E8	Cell junction,Cell membrane,Cytoplasm,Cytoskeleton,Membrane,Nucleus,Tight junction	none	7|1	oneMulti
O95881	Q8TED1	Endoplasmic reticulum	Membrane	1|1	bothSingle
Q8N3Z3	Q8N8A6	none	Nucleus	1|1	bothSingle
Q0VDD7	Q13155	Chromosome	Cytoplasm,Nucleus	1|2	oneMulti
O95139	Q5BKY9	Membrane,Mitochondrion,Mitochondrion inner membrane	none	3|1	oneMulti
Q96J92	Q9BYP7	Cell junction,Tight junction	Cytoplasm	2|1	oneMulti
Q149N8	Q96RT1	none	Cell junction,Cell membrane,Membrane,Nucleus	1|4	oneMulti
P62837	Q86Y01	none	Cytoplasm,Nucleus	1|2	oneMulti
P16144	Q15323	Cell junction,Cell membrane,Membrane	Intermediate filament,Keratin	3|2	bothMulti
P14649	Q6PIF6	none	Cell projection,Cytoplasm,Cytoskeleton	1|3	oneMulti
P62837	Q6ZSG1	none	Nucleus	1|1	bothSingle
A0A087WX78	Q8WV74	none	Mitochondrion	1|1	bothSingle
Q08334	Q9NPH9	Membrane	Secreted	1|1	bothSingle
Q92624	Q9BV19	Cytoplasm,Cytoskeleton,Membrane,Microtubule,Nucleus	none	5|1	oneMulti
Q2TAA8	Q6PIY5	Cytoplasm	none	1|1	bothSingle
P36776	Q9HCU5	Mitochondrion	Endoplasmic reticulum,Membrane,Nucleus	1|3	oneMulti
P25786	Q9BT73	Cytoplasm,Nucleus,Proteasome	none	3|1	oneMulti
P26022	Q9NZL3	Secreted	Nucleus	1|1	bothSingle
Q99567	Q9H1M0	Nuclear pore complex,Nucleus	none	2|1	oneMulti
O43921	O60258	Cell membrane,Membrane	Secreted	2|1	oneMulti
Q5VXD3	Q96JM7	none	Nucleus	1|1	bothSingle
O15054	Q13255	Nucleus	Cell membrane,Membrane	1|2	oneMulti
Q7L3B6	Q9BX95	Cytoplasm	Cell membrane,Endoplasmic reticulum,Membrane	1|3	oneMulti
Q14686	Q8TEA1	Nucleus	Cytoplasm	1|1	bothSingle
P35249	P61221	Nucleus	Cytoplasm,Mitochondrion	1|2	oneMulti
O43364	O94813	Nucleus	Secreted	1|1	bothSingle
P17181	Q86WN2	Cell membrane,Endosome,Lysosome,Membrane	Secreted	4|1	oneMulti
O43187	Q9NWZ3	none	Cytoplasm	1|1	bothSingle
P04062	P16233	Lysosome,Membrane	Secreted	2|1	oneMulti
P61619	P62841	Endoplasmic reticulum,Membrane	Cytoplasm	2|1	oneMulti
Q96G27	Q9NRQ5	none	Membrane	1|1	bothSingle
O75794	Q2VIR3	Cytoplasm	none	1|1	bothSingle
Q9BV94	Q9HBR0	Endoplasmic reticulum	Membrane	1|1	bothSingle
O00170	P41182	Cytoplasm	Nucleus	1|1	bothSingle
O15403	Q9UBS3	Cell membrane,Membrane	Endoplasmic reticulum	2|1	oneMulti
Q99615	Q99759	Cytoplasm,Cytoskeleton,Nucleus	none	3|1	oneMulti
Q1RMZ1	Q9P2K8	none	Cytoplasm	1|1	bothSingle
Q8IX18	Q8NEF9	none	Cytoplasm	1|1	bothSingle
P12830	Q9GZT3	Cell junction,Cell membrane,Endosome,Golgi apparatus,Membrane	Mitochondrion,Nucleus	5|2	bothMulti
P54750	Q01064	none	Cytoplasm	1|1	bothSingle
P09529	Q13705	Secreted	Cell membrane,Membrane	1|2	oneMulti
Q13459	Q9Y4Z2	Cytoplasm,Cytoskeleton	Nucleus	2|1	oneMulti
P43355	Q5JQC4	Cytoplasm,Nucleus	none	2|1	oneMulti
Q17RB8	Q9HBE1	none	Nucleus	1|1	bothSingle
P60331	Q9UKJ5	Keratin	Cell membrane,Cytoplasmic vesicle,Membrane	1|3	oneMulti
P62745	Q8N1F8	Cell membrane,Endosome,Membrane,Nucleus	Cytoplasm	4|1	oneMulti
P32248	P78556	Cell membrane,Membrane	Secreted	2|1	oneMulti
Q14687	Q9NP66	none	Nucleus	1|1	bothSingle
P18146	Q9NX18	Cytoplasm,Nucleus	Mitochondrion	2|1	oneMulti
O00244	P35754	none	Cytoplasm	1|1	bothSingle
O75626	Q8WWV3	Cytoplasm,Nucleus	Membrane,Mitochondrion,Mitochondrion outer membrane	2|3	bothMulti
Q6PIY5	Q8IYE0	none	Cytoplasm,Cytoskeleton	1|2	oneMulti
Q8IY45	Q9BUX1	none	Cytoplasm,Golgi apparatus	1|2	oneMulti
P02747	Q53H80	Secreted	Cytoplasm,Membrane,Nucleus	1|3	oneMulti
P35625	P50052	Extracellular matrix,Secreted	Cell membrane,Membrane	2|2	bothMulti
Q9H3G5	Q9UMR7	none	Cell membrane,Membrane	1|2	oneMulti
P62877	Q96JP0	Cytoplasm,Nucleus	none	2|1	oneMulti
P07910	Q8IWT3	Nucleus,Spliceosome	Cytoplasm	2|1	oneMulti
P32246	P55773	Cell membrane,Membrane	Secreted	2|1	oneMulti
O94844	Q9BYB0	none	Cell projection,Cytoplasm,Synapse	1|3	oneMulti
Q04917	Q9Y3R0	none	Cell membrane,Cell projection,Cytoplasm,Cytoplasmic vesicle,Endoplasmic reticulum,Membrane,Postsynaptic cell membrane,Synapse	1|8	oneMulti
P61077	Q76N89	Cell membrane,Endosome,Membrane	Cytoplasm	3|1	oneMulti
Q86Y33	Q9UJX6	Cytoplasm	none	1|1	bothSingle
O00499	Q15118	Cell membrane,Cytoplasm,Endosome,Membrane,Nucleus	Mitochondrion	5|1	oneMulti
O15143	P60983	Cytoplasm,Cytoskeleton,Nucleus	none	3|1	oneMulti
O00206	Q92752	Cell membrane,Cell projection,Endosome,Membrane	Extracellular matrix,Secreted	4|2	bothMulti
O95478	P32969	Nucleus	Cytoplasm	1|1	bothSingle
P19404	Q8IZP6	Membrane,Mitochondrion,Mitochondrion inner membrane	none	3|1	oneMulti
P36578	Q9UNX3	Cytoplasm	none	1|1	bothSingle
Q32NB8	Q92574	Mitochondrion	Cytoplasm,Lysosome,Membrane	1|3	oneMulti
P52739	Q6NUJ5	Nucleus	none	1|1	bothSingle
Q8N8L6	Q9H4L4	none	Cytoplasm,Nucleus	1|2	oneMulti
O60318	Q3T906	Chromosome,Cytoplasm,Nuclear pore complex,Nucleus	Golgi apparatus,Membrane	4|2	bothMulti
Q8WTP8	Q96DC7	Nucleus	Membrane	1|1	bothSingle
Q96EE4	Q9GZY8	Secreted	Cytoplasmic vesicle,Membrane,Mitochondrion,Mitochondrion outer membrane,Peroxisome,Synapse	1|6	oneMulti
P10147	P51681	Secreted	Cell membrane,Membrane	1|2	oneMulti
P30291	Q13042	Nucleus	Cytoplasm,Cytoskeleton	1|2	oneMulti
P10916	Q7Z406	Cytoplasm	none	1|1	bothSingle
O76015	Q96MT8	Intermediate filament,Keratin	Cytoplasm,Cytoskeleton	2|2	bothMulti
P08134	Q56UN5	Cell membrane,Membrane	none	2|1	oneMulti
Q9UJX5	Q9UJX6	Nucleus	none	1|1	bothSingle
Q15388	Q5MNZ6	Membrane,Mitochondrion,Mitochondrion outer membrane	Lysosome	3|1	oneMulti
Q86XE0	Q9UNH7	none	Cytoplasm,Cytoplasmic vesicle,Endosome,Membrane,Nucleus	1|5	oneMulti
O96020	Q00526	Nucleus	none	1|1	bothSingle
Q86UN2	Q8IUK8	Cell membrane,Cell projection,Membrane	Secreted	3|1	oneMulti
Q13472	Q9UBK2	Mitochondrion	Cytoplasm,Nucleus	1|2	oneMulti
P61981	Q9NWS0	Cytoplasm	Nucleus	1|1	bothSingle
P62256	Q5T0T0	none	Cytoplasmic vesicle,Endoplasmic reticulum,Endosome,Golgi apparatus,Lysosome,Membrane	1|6	oneMulti
P01133	P04004	Membrane	Secreted	1|1	bothSingle
O14602	O15235	Cytoplasm	Mitochondrion	1|1	bothSingle
P62745	Q13795	Cell membrane,Endosome,Membrane,Nucleus	Golgi apparatus	4|1	oneMulti
Q86UN2	Q96I13	Cell membrane,Cell projection,Membrane	none	3|1	oneMulti
Q9H0H3	Q9Y2M5	none	Cell projection,Cytoplasm,Golgi apparatus,Nucleus	1|4	oneMulti
Q13043	Q9H8S9	Cytoplasm,Nucleus	none	2|1	oneMulti
O94813	Q96MS0	Secreted	Membrane	1|1	bothSingle
Q15042	Q9UL26	Cytoplasm,Endoplasmic reticulum	Cell membrane,Cell projection,Cytoplasmic vesicle,Endosome,Membrane	2|5	bothMulti
P58557	Q9NTG7	Nucleus	Mitochondrion	1|1	bothSingle
Q14764	Q9NVS2	Cytoplasm,Nuclear pore complex,Nucleus	Mitochondrion	3|1	oneMulti
Q9NZL4	Q9UBS3	none	Endoplasmic reticulum	1|1	bothSingle
Q147X3	Q8IZ81	Cytoplasm,Nucleus	none	2|1	oneMulti
Q9P2Q2	Q9UIA0	Cell junction,Cytoplasm,Cytoskeleton,Tight junction	Cell membrane,Membrane	4|2	bothMulti
P20774	Q92844	Extracellular matrix,Secreted	Cytoplasm	2|1	oneMulti
Q9NRN7	Q9UDR5	Cytoplasm	Mitochondrion	1|1	bothSingle
P11172	Q8N8A6	none	Nucleus	1|1	bothSingle
A0A075B6U6	A0A087WW49	none	Immunoglobulin,Membrane	1|2	oneMulti
P19086	Q9NS28	Membrane	Cytoplasm	1|1	bothSingle
O15499	Q16134	Nucleus	Membrane,Mitochondrion,Mitochondrion inner membrane	1|3	oneMulti
P02787	Q9UP52	Secreted	Cell membrane,Cytoplasm,Membrane	1|3	oneMulti
Q7Z5L2	Q8WU17	none	Endoplasmic reticulum,Membrane	1|2	oneMulti
O15504	Q8NA72	Membrane,Nuclear pore complex,Nucleus	Cytoplasm,Cytoskeleton	3|2	bothMulti
P62820	Q92696	Cytoplasm,Endoplasmic reticulum,Endosome,Golgi apparatus,Membrane	none	5|1	oneMulti
Q56VL3	Q9Y2R0	Endosome	Membrane,Mitochondrion,Mitochondrion inner membrane	1|3	oneMulti
P01127	P16234	Secreted	Cell membrane,Cell projection,Golgi apparatus,Membrane	1|4	oneMulti
P82664	Q9UBU9	Mitochondrion	Cytoplasm,Nuclear pore complex,Nucleus	1|3	oneMulti
Q6NTE8	Q96S96	Nucleus	Secreted	1|1	bothSingle
Q99757	Q9P1F3	Mitochondrion	none	1|1	bothSingle
Q6ZW76	Q8NA19	Cell projection,Cytoplasm	Nucleus	2|1	oneMulti
Q5VZL5	Q7Z3K3	none	Chromosome,Cytoplasm,Nucleus	1|3	oneMulti
A0PK11	O00515	Cell membrane,Cell projection,Membrane	Basement membrane,Extracellular matrix,Secreted	3|3	bothMulti
Q14154	Q9BQI3	Cytoplasm,Membrane,Mitochondrion,Mitochondrion inner membrane,Mitochondrion outer membrane	none	5|1	oneMulti
Q8TD90	Q8WV22	none	Chromosome,Nucleus,Telomere	1|3	oneMulti
Q53GG5	Q9UGI9	Cytoplasm	none	1|1	bothSingle
P39748	Q15527	Mitochondrion,Nucleus	none	2|1	oneMulti
P30260	P60006	Cytoplasm,Cytoskeleton,Nucleus	none	3|1	oneMulti
Q13405	Q96EX1	Mitochondrion	Membrane	1|1	bothSingle
O00418	Q9UKB1	none	Cytoplasm,Nucleus	1|2	oneMulti
P51159	Q92696	Endosome,Lysosome,Membrane	none	3|1	oneMulti
P35232	Q4VC31	Cell membrane,Cytoplasm,Membrane,Mitochondrion,Mitochondrion inner membrane,Nucleus	none	6|1	oneMulti
Q92620	Q9UN86	Nucleus,Spliceosome	Cytoplasm	2|1	oneMulti
Q70EL1	Q8NB12	none	Cytoplasm,Nucleus	1|2	oneMulti
O95881	P10599	Endoplasmic reticulum	Cytoplasm,Nucleus,Secreted	1|3	oneMulti
Q14493	Q9UGJ0	Cytoplasm,Nucleus	none	2|1	oneMulti
A0A1W2PR64	Q8IZX4	none	Nucleus	1|1	bothSingle
B9A064	P12018	Secreted	Endoplasmic reticulum	1|1	bothSingle
P07910	Q9UHD2	Nucleus,Spliceosome	Cytoplasm	2|1	oneMulti
P00533	Q9ULV8	Cell membrane,Endoplasmic reticulum,Endosome,Golgi apparatus,Membrane,Nucleus,Secreted	none	7|1	oneMulti
O75493	Q12860	Secreted	Cell membrane,Membrane	1|2	oneMulti
Q96JS3	Q96N95	none	Cytoplasm,Nucleus	1|2	oneMulti
P25025	P80162	Cell membrane,Membrane	Secreted	2|1	oneMulti
P61960	Q96HY6	Cytoplasm,Nucleus	Endoplasmic reticulum,Membrane	2|2	bothMulti
P27986	Q9Y2H0	none	Membrane	1|1	bothSingle
Q96LR5	Q9Y4L5	none	Cytoplasm,Endoplasmic reticulum,Golgi apparatus,Nucleus	1|4	oneMulti
Q93097	Q9H237	Extracellular matrix,Secreted	Endoplasmic reticulum,Membrane	2|2	bothMulti
P29353	P56199	Cell junction,Cytoplasm,Mitochondrion	Membrane	3|1	oneMulti
Q96BZ8	Q9UGI0	none	Cytoplasm,Nucleus	1|2	oneMulti
Q86TZ1	Q8IY82	none	Cell projection,Cilium,Cytoplasm,Cytoskeleton,Flagellum	1|5	oneMulti
Q7Z4L9	Q9C0I9	Cytoplasm,Cytoskeleton	none	2|1	oneMulti
Q9Y2X8	Q9Y4L5	none	Cytoplasm,Endoplasmic reticulum,Golgi apparatus,Nucleus	1|4	oneMulti
P55327	Q9UI47	none	Cell junction,Cytoplasm,Cytoskeleton	1|3	oneMulti
Q9UJP4	Q9ULD5	Cytoplasm,Cytoskeleton	Nucleus	2|1	oneMulti
Q6NYC1	Q99942	Cytoplasm,Nucleus	Cell membrane,Endoplasmic reticulum,Membrane,Mitochondrion	2|4	bothMulti
Q9BQ90	Q9Y2U9	Cytoplasm	Nucleus	1|1	bothSingle
P19105	Q13464	none	Cell membrane,Cell projection,Cytoplasm,Cytoskeleton,Golgi apparatus,Membrane	1|6	oneMulti
Q00978	Q16549	Cytoplasm,Nucleus	Golgi apparatus,Membrane	2|2	bothMulti
Q96CB9	Q9C0F3	Mitochondrion	Nucleus	1|1	bothSingle
P62487	Q9P1Y6	DNA-directed RNA polymerase,Nucleus	none	2|1	oneMulti
Q15648	Q8TEY7	Nucleus	Cytoplasm,Cytoskeleton,Golgi apparatus	1|3	oneMulti
P27482	Q15746	none	Cell projection,Cytoplasm,Cytoskeleton	1|3	oneMulti
P21583	Q07889	Cell membrane,Cell projection,Cytoplasm,Cytoskeleton,Membrane,Secreted	none	6|1	oneMulti
O14561	O43325	Mitochondrion	Nucleus	1|1	bothSingle
O60391	P55327	Cell membrane,Membrane,Postsynaptic cell membrane,Synapse	none	4|1	oneMulti
Q14240	Q15056	none	Cytoplasm	1|1	bothSingle
O43583	Q9BV86	none	Nucleus	1|1	bothSingle
P42224	Q6ZMJ4	Cytoplasm,Nucleus	Secreted	2|1	oneMulti
P17676	P20674	Cytoplasm,Nucleus	Membrane,Mitochondrion,Mitochondrion inner membrane	2|3	bothMulti
O60925	Q9GZS3	none	Cytoplasm,Nucleus	1|2	oneMulti
P48454	Q9NZT1	Mitochondrion	none	1|1	bothSingle
Q8N7X1	Q9NX01	none	Nucleus	1|1	bothSingle
P10586	Q8WUY9	Membrane	none	1|1	bothSingle
Q5VWN6	Q6PF18	none	Cytoplasmic vesicle	1|1	bothSingle
Q2M2W7	Q8TER0	none	Extracellular matrix,Secreted	1|2	oneMulti
Q96BU1	Q96HM7	Nucleus	none	1|1	bothSingle
Q8TAS1	Q92576	Nucleus	none	1|1	bothSingle
P04004	P08648	Secreted	Cell junction,Cell membrane,Membrane	1|3	oneMulti
P25440	Q6NUJ5	Chromosome,Nucleus	none	2|1	oneMulti
Q13472	Q9NZ71	Mitochondrion	Nucleus	1|1	bothSingle
P60709	Q15417	Cytoplasm,Cytoskeleton,Nucleus	none	3|1	oneMulti
A6NFH5	Q9BUX1	none	Cytoplasm,Golgi apparatus	1|2	oneMulti
P61586	Q9P2F6	Cell membrane,Cell projection,Cytoplasm,Cytoskeleton,Membrane,Nucleus	none	6|1	oneMulti
Q9H6Y7	Q9Y2X8	Cell membrane,Cytoplasm,Endosome,Lysosome,Membrane	none	5|1	oneMulti
Q96LK0	Q9UBK7	Cell projection,Cilium,Cytoplasm,Cytoskeleton	none	4|1	oneMulti
P15289	Q9Y3C7	Endoplasmic reticulum,Lysosome	Nucleus	2|1	oneMulti
Q7Z392	Q8WVT3	Golgi apparatus	Nucleus	1|1	bothSingle
P61513	Q71UM5	Cytoplasm	none	1|1	bothSingle
O60479	Q9HBX8	Cytoplasm,Nucleus	Cell membrane,Membrane	2|2	bothMulti
Q96DC7	Q9HCD5	Membrane	Nucleus	1|1	bothSingle
P49354	P56182	none	Nucleus	1|1	bothSingle
P86791	Q86VX9	Lysosome,Membrane	none	2|1	oneMulti
P24298	Q8TD30	Cytoplasm	none	1|1	bothSingle
Q9BYM8	Q9H0F6	none	Cytoplasm,Synapse	1|2	oneMulti
Q8NHG8	Q96LR5	Cell membrane,Cell projection,Cytoplasm,Endosome,Lysosome,Membrane,Synapse	none	7|1	oneMulti
Q03181	Q96EP0	Nucleus	Cytoplasm	1|1	bothSingle
Q5TA31	Q96DX7	Cytoplasm,Nucleus	none	2|1	oneMulti
Q96HC4	Q96ST3	Cell projection,Cytoplasm,Synapse	Nucleus	3|1	oneMulti
Q9H6Q4	Q9Y5Y2	none	Cell projection,Cilium,Cytoplasm,Cytoskeleton,Nucleus	1|5	oneMulti
A0A1W2PRN6	Q8IZX4	none	Nucleus	1|1	bothSingle
P62837	Q8TDB6	none	Cytoplasm,Endosome,Lysosome,Membrane,Nucleus	1|5	oneMulti
P40123	Q562R1	Cell membrane,Membrane	Cytoplasm,Cytoskeleton	2|2	bothMulti
Q96BN8	Q9BTV4	Cytoplasm	Cell membrane,Endoplasmic reticulum,Membrane,Nucleus	1|4	oneMulti
P18859	P49207	CF(0),Membrane,Mitochondrion,Mitochondrion inner membrane	Cytoplasm,Endoplasmic reticulum	4|2	bothMulti
P62750	Q9Y5M8	Cytoplasm,Nucleus	Endoplasmic reticulum,Membrane	2|2	bothMulti
Q9HCF6	Q9UM19	Cell membrane,Membrane	none	2|1	oneMulti
P10911	Q7Z6B7	Cytoplasm,Membrane	none	2|1	oneMulti
Q3YBR2	Q9H324	Nucleus	Extracellular matrix,Secreted	1|2	oneMulti
Q52LA3	Q5TKA1	none	Nucleus	1|1	bothSingle
P23434	Q14749	Mitochondrion	Cytoplasm	1|1	bothSingle
O15041	O75051	Secreted	Cell membrane,Membrane	1|2	oneMulti
P42575	P55210	none	Cytoplasm,Nucleus,Secreted	1|3	oneMulti
Q01850	Q8NB25	none	Cytoplasm,Cytoskeleton	1|2	oneMulti
P67870	Q8NEV1	Nucleus	none	1|1	bothSingle
Q6P2P2	Q7L592	Cytoplasm	Mitochondrion	1|1	bothSingle
P61006	Q8IV04	Cell membrane,Cell projection,Cilium,Cytoplasm,Cytoplasmic vesicle,Cytoskeleton,Endosome,Golgi apparatus,Membrane	none	9|1	oneMulti
Q4VC05	Q8WUB8	none	Nucleus	1|1	bothSingle
P23511	Q6ZNB6	Nucleus	Membrane	1|1	bothSingle
Q02127	Q6NUM6	Membrane,Mitochondrion,Mitochondrion inner membrane	none	3|1	oneMulti
P11474	Q9Y3D7	Cytoplasm,Nucleus	Membrane,Mitochondrion,Mitochondrion inner membrane	2|3	bothMulti
O43741	P54646	none	Cytoplasm,Nucleus	1|2	oneMulti
Q6UXV0	Q99988	Cell membrane,Membrane	Secreted	2|1	oneMulti
P62873	Q5JWF2	none	Cell membrane,Membrane	1|2	oneMulti
P60842	P62851	none	Cytoplasm	1|1	bothSingle
O00501	P11686	Cell junction,Cell membrane,Membrane,Tight junction	Secreted,Surface film	4|2	bothMulti
Q96H55	Q9BUY7	Cytoplasm,Cytoskeleton,Membrane,Mitochondrion,Mitochondrion outer membrane	none	5|1	oneMulti
O95168	P78406	Membrane,Mitochondrion,Mitochondrion inner membrane	Cytoplasm,Cytoskeleton,Nucleus	3|3	bothMulti
O60231	Q6DKI1	Cytoplasm,Nucleus,Spliceosome	none	3|1	oneMulti
Q17R89	Q68EM7	Cell projection,Endosome,Synapse	Cell junction,Cytoplasm,Membrane,Tight junction	3|4	bothMulti
Q8WXH2	Q9ULX3	Cell membrane,Endoplasmic reticulum,Membrane	Nucleus	3|1	oneMulti
P15923	Q16559	Nucleus	none	1|1	bothSingle
P49356	Q13627	none	Nucleus	1|1	bothSingle
P31930	Q06547	Membrane,Mitochondrion,Mitochondrion inner membrane	Nucleus	3|1	oneMulti
P05997	P08069	Extracellular matrix,Secreted	Cell membrane,Membrane	2|2	bothMulti
Q99569	Q9ULJ7	Cell junction,Cell membrane,Cytoplasm,Cytoskeleton,Membrane	Endosome	5|1	oneMulti
O14950	Q8WXR4	none	Cell projection,Cytoplasm,Cytoskeleton	1|3	oneMulti
P19404	Q8WUQ7	Membrane,Mitochondrion,Mitochondrion inner membrane	Cytoplasm,Nucleus,Spliceosome	3|3	bothMulti
Q6UX04	Q9HCM4	Nucleus	Cell junction,Cell membrane,Cytoplasm,Membrane	1|4	oneMulti
Q03181	Q96K76	Nucleus	Cytoplasm	1|1	bothSingle
O14498	Q9UIW2	Secreted	Cell membrane,Membrane	1|2	oneMulti
Q00059	Q9NW13	Mitochondrion,Mitochondrion nucleoid	Nucleus,Spliceosome	2|2	bothMulti
Q13616	Q9UNN5	none	Nucleus	1|1	bothSingle
P49356	Q7Z699	none	Cell membrane,Membrane,Nucleus	1|3	oneMulti
P0C221	Q0VD83	none	Cell membrane,Chylomicron,LDL,Membrane,VLDL	1|5	oneMulti
P07333	Q9UGK3	Cell membrane,Membrane	Cytoplasm	2|1	oneMulti
P40123	P62736	Cell membrane,Membrane	Cytoplasm,Cytoskeleton	2|2	bothMulti
P36543	Q96LB4	Cell membrane,Cytoplasmic vesicle,Membrane,Synapse	none	4|1	oneMulti
P26998	Q13671	none	Cytoplasm,Cytoskeleton,Membrane	1|3	oneMulti
Q9NS69	Q9Y312	Membrane,Mitochondrion,Mitochondrion outer membrane	Spliceosome	3|1	oneMulti
O95379	P60983	Cytoplasm	none	1|1	bothSingle
O75909	Q70EL1	Nucleus	none	1|1	bothSingle
Q5T754	Q9BYE4	none	Cytoplasm	1|1	bothSingle
Q7Z5G4	Q92979	Golgi apparatus,Membrane	Nucleus	2|1	oneMulti
P51116	Q9UIC8	Cytoplasm,Synapse	none	2|1	oneMulti
Q9H000	Q9Y2X8	Cytoplasm,Nucleus	none	2|1	oneMulti
P51784	Q9NRX2	Chromosome,Cytoplasm,Nucleus	Mitochondrion	3|1	oneMulti
P14778	Q99836	Cell membrane,Membrane,Secreted	Cytoplasm,Nucleus	3|2	bothMulti
Q86WC6	Q8NB12	none	Cytoplasm,Nucleus	1|2	oneMulti
O15212	Q99470	none	Secreted	1|1	bothSingle
A6NKH3	P62888	none	Cytoplasm	1|1	bothSingle
A6NFF2	Q15287	none	Cytoplasm,Nucleus	1|2	oneMulti
Q9BYZ6	Q9NRY4	none	Cell membrane,Cell projection,Cytoplasm,Cytoskeleton,Membrane,Nucleus	1|6	oneMulti
Q13045	Q7Z6B7	Cell junction,Cytoplasm,Cytoskeleton,Nucleus	none	4|1	oneMulti
P60468	Q8TEY7	Endoplasmic reticulum,Membrane	Cytoplasm,Cytoskeleton,Golgi apparatus	2|3	bothMulti
P51957	Q9BS34	Cell projection,Cytoplasm	Nucleus	2|1	oneMulti
O43745	P48454	Cell membrane,Cytoplasm,Membrane,Nucleus	Mitochondrion	4|1	oneMulti
Q08722	Q9H106	Cell membrane,Membrane	Secreted	2|1	oneMulti
Q16584	Q5TCX8	Cytoplasm,Cytoskeleton	none	2|1	oneMulti
O15211	P11234	none	Cell membrane,Membrane	1|2	oneMulti
Q86VI3	Q96A58	none	Cytoplasm	1|1	bothSingle
P16389	P82675	Cell junction,Cell membrane,Cell projection,Endoplasmic reticulum,Membrane,Synapse,Synaptosome	Mitochondrion	7|1	oneMulti
P62244	Q9UII2	Cytoplasm,Nucleus	Mitochondrion	2|1	oneMulti
O15492	P19087	Membrane	Cell projection	1|1	bothSingle
Q6W2J9	Q8IUR5	Nucleus	Endoplasmic reticulum,Membrane	1|2	oneMulti
A0A1W2PPH5	Q15543	none	Nucleus	1|1	bothSingle
O95164	P48539	Cell membrane,Membrane	none	2|1	oneMulti
O60496	Q99704	none	Cytoplasm,Nucleus	1|2	oneMulti
P78563	Q8TCS8	Nucleus	Cytoplasm,Membrane,Mitochondrion	1|3	oneMulti
A0A1W2PP81	P21675	none	Nucleus	1|1	bothSingle
P81133	Q8TAM2	Nucleus	Cell membrane,Cell projection,Cilium,Cytoplasm,Cytoskeleton,Membrane	1|6	oneMulti
P61968	Q86U70	none	Nucleus	1|1	bothSingle
P61077	Q96GG9	Cell membrane,Endosome,Membrane	Cytoplasm,Nucleus	3|2	bothMulti
Q9H1R3	Q9NZT1	Cytoplasm	none	1|1	bothSingle
A8MV81	P02654	Membrane	Secreted,VLDL	1|2	oneMulti
Q9HC52	Q9UJX2	Nucleus	none	1|1	bothSingle
O43364	O75093	Nucleus	Secreted	1|1	bothSingle
Q6TFL4	Q9P2N7	Cell junction,Cell projection,Cytoplasm	none	3|1	oneMulti
P62837	Q96K19	none	Endoplasmic reticulum,Membrane	1|2	oneMulti
Q05C16	Q86VI1	none	Cytoplasmic vesicle	1|1	bothSingle
P61077	Q13191	Cell membrane,Endosome,Membrane	Cytoplasm	3|1	oneMulti
Q6UXX9	Q9HBX8	Secreted	Cell membrane,Membrane	1|2	oneMulti
Q16514	Q9HCK1	Nucleus	none	1|1	bothSingle
P49756	Q9NQ29	Cytoplasm,Nucleus	none	2|1	oneMulti
Q9NZQ3	Q9Y566	Nucleus	Cytoplasm,Synapse	1|2	oneMulti
Q9UBK2	Q9Y6E7	Cytoplasm,Nucleus	Mitochondrion	2|1	oneMulti
O15355	Q15118	Cytoplasm,Membrane	Mitochondrion	2|1	oneMulti
P02452	P50454	Extracellular matrix,Secreted	Endoplasmic reticulum	2|1	oneMulti
A0A087WSX0	A0A0A0MT82	Cell membrane,Immunoglobulin,Membrane,Secreted	none	4|1	oneMulti
P0CAP2	Q15404	DNA-directed RNA polymerase,Nucleus	none	2|1	oneMulti
P62277	Q8N9T8	Cytoplasm,Nucleus	none	2|1	oneMulti
P01100	P01303	Cytoplasm,Endoplasmic reticulum,Nucleus	Cytoplasmic vesicle,Secreted	3|2	bothMulti
P09471	P49798	Cell membrane,Membrane	none	2|1	oneMulti
P43366	Q9NXX6	none	Chromosome,Nucleus,Telomere	1|3	oneMulti
Q6RFH5	Q8IV13	Nucleus	none	1|1	bothSingle
P22612	Q9NQZ2	none	Nucleus	1|1	bothSingle
Q15843	Q96LD8	Nucleus	none	1|1	bothSingle
Q6EEV6	Q8N2W9	none	Nucleus	1|1	bothSingle
O15539	O95837	Cytoplasm,Membrane	none	2|1	oneMulti
Q6NVY1	Q96S96	Mitochondrion	Secreted	1|1	bothSingle
Q12972	Q7Z4R8	Cytoplasm,Nucleus,Spliceosome	Secreted	3|1	oneMulti
Q5TYX0	Q86YC2	none	Nucleus	1|1	bothSingle
O15085	Q9BYZ6	Cytoplasm,Membrane	none	2|1	oneMulti
Q13007	Q6UXL0	Secreted	Membrane	1|1	bothSingle
Q6UXL0	Q9UHD0	Membrane	Secreted	1|1	bothSingle
P02654	Q96E29	Secreted,VLDL	Mitochondrion	2|1	oneMulti
P78426	Q8NEE6	Nucleus	Cell projection,Cilium,Cytoplasm,Cytoskeleton,Flagellum	1|5	oneMulti
Q9NZL9	Q9Y6N5	none	Mitochondrion	1|1	bothSingle
Q86XD8	Q8N427	none	Cytoplasm	1|1	bothSingle
Q8WVL7	Q9NRN7	Nucleus	Cytoplasm	1|1	bothSingle
O75394	P84098	Mitochondrion	Cytoplasm	1|1	bothSingle
P99999	Q7L014	Mitochondrion	Nucleus,Spliceosome	1|2	oneMulti
Q5JVF3	Q96PV6	Cytoplasm,Nuclear pore complex,Nucleus	none	3|1	oneMulti
O94985	Q9NSK0	Cell membrane,Cell projection,Endoplasmic reticulum,Golgi apparatus,Membrane,Nucleus,Postsynaptic cell membrane,Synapse	Cytoplasm,Cytoskeleton,Microtubule	8|3	bothMulti
P60981	Q96HY6	none	Endoplasmic reticulum,Membrane	1|2	oneMulti
P13500	P51677	Secreted	Cell membrane,Membrane	1|2	oneMulti
P37840	Q9NZT1	Amyloid,Cell projection,Cytoplasm,Membrane,Nucleus,Secreted,Synapse	none	7|1	oneMulti
Q9NR77	Q9NX40	Membrane,Peroxisome	Endosome	2|1	oneMulti
P25786	Q7Z406	Cytoplasm,Nucleus,Proteasome	none	3|1	oneMulti
Q5W041	Q8TBZ2	none	Cytoplasm,Membrane	1|2	oneMulti
P08861	P10646	none	Endoplasmic reticulum,Membrane,Microsome,Secreted	1|4	oneMulti
P00533	P41252	Cell membrane,Endoplasmic reticulum,Endosome,Golgi apparatus,Membrane,Nucleus,Secreted	Cytoplasm	7|1	oneMulti
P18031	Q8N4C6	Endoplasmic reticulum,Membrane	Cytoplasm,Cytoskeleton,Microtubule	2|3	bothMulti
Q8IUR5	Q8N7H5	Endoplasmic reticulum,Membrane	Nucleus	2|1	oneMulti
Q8NHG8	Q96B02	Cell membrane,Cell projection,Cytoplasm,Endosome,Lysosome,Membrane,Synapse	Nucleus	7|1	oneMulti
Q00978	Q9H4A5	Cytoplasm,Nucleus	Golgi apparatus,Membrane	2|2	bothMulti
Q15369	Q9H765	Nucleus	Cytoplasm	1|1	bothSingle
O60784	Q9NWM3	Cytoplasm,Endosome,Membrane	none	3|1	oneMulti
Q96T52	Q9NWS0	Membrane,Mitochondrion,Mitochondrion inner membrane	Nucleus	3|1	oneMulti
P04181	Q9H3Z4	Mitochondrion	Cell membrane,Cytoplasm,Cytoplasmic vesicle,Membrane	1|4	oneMulti
O94813	P54756	Secreted	Cell membrane,Cell projection,Membrane	1|3	oneMulti
Q8N8D1	Q99689	Nucleus	Cell membrane,Cytoplasm,Cytoskeleton,Membrane,Microtubule	1|5	oneMulti
P15514	P26447	Membrane	Cytoplasm,Nucleus,Secreted	1|3	oneMulti
A8MXT2	Q9NXX6	none	Chromosome,Nucleus,Telomere	1|3	oneMulti
O43933	P49917	Cytoplasm,Membrane,Peroxisome	Nucleus	3|1	oneMulti
Q9HA65	Q9Y3D6	Cytoplasm,Cytoplasmic vesicle,Endosome	Membrane,Mitochondrion,Mitochondrion outer membrane,Peroxisome	3|4	bothMulti
Q96B02	Q9NX47	Nucleus	Endoplasmic reticulum,Membrane,Mitochondrion,Mitochondrion outer membrane	1|4	oneMulti
Q9BVS5	Q9UJA5	Mitochondrion	Nucleus	1|1	bothSingle
P86791	Q7L1V2	Lysosome,Membrane	none	2|1	oneMulti
O75880	Q4VC31	Membrane,Mitochondrion,Mitochondrion inner membrane	none	3|1	oneMulti
P84095	Q13795	Cell membrane,Membrane	Golgi apparatus	2|1	oneMulti
P15170	P62495	none	Cytoplasm	1|1	bothSingle
Q16799	Q9Y5B9	Endoplasmic reticulum,Golgi apparatus,Membrane	Chromosome,Nucleus	3|2	bothMulti
P05413	P08590	Cytoplasm	none	1|1	bothSingle
A8MTJ3	P16520	Cytoplasm	none	1|1	bothSingle
Q5VZL5	Q96JM3	none	Centromere,Chromosome,Cytoplasm,Cytoskeleton,Kinetochore,Nucleus	1|6	oneMulti
O43301	Q92673	Cytoplasm,Nucleus	Cell membrane,Cytoplasmic vesicle,Endoplasmic reticulum,Endosome,Golgi apparatus,Membrane,Secreted	2|7	bothMulti
Q6YFQ2	Q9NRX3	Membrane,Mitochondrion,Mitochondrion inner membrane	none	3|1	oneMulti
P43487	P62826	none	Cytoplasm,Nucleus	1|2	oneMulti
Q5BKU9	Q5T440	none	Mitochondrion	1|1	bothSingle
P61968	Q96A47	none	Nucleus	1|1	bothSingle
Q96IP4	Q9Y6J0	Cytoplasm	Nucleus	1|1	bothSingle
Q7Z2Z1	Q96DY7	Nucleus	none	1|1	bothSingle
P09936	Q96RQ3	Cytoplasm,Endoplasmic reticulum,Membrane	Mitochondrion	3|1	oneMulti
Q96KV7	Q9C0F0	Cytoplasm,Cytoskeleton	Nucleus	2|1	oneMulti
Q7Z4G4	Q9UI30	none	Cytoplasm,Nucleus	1|2	oneMulti
O43164	Q9H8S9	Cell membrane,Cytoplasm,Cytoskeleton,Endoplasmic reticulum,Golgi apparatus,Membrane,Synapse	none	7|1	oneMulti
P61077	Q06587	Cell membrane,Endosome,Membrane	Nucleus	3|1	oneMulti
A0A1W2PQ09	P21675	none	Nucleus	1|1	bothSingle
Q8NB15	Q96DC7	Nucleus	Membrane	1|1	bothSingle
O60291	P62837	Cell membrane,Cytoplasm,Endosome,Membrane,Nucleus	none	5|1	oneMulti
O95670	Q96A05	Cytoplasmic vesicle,Membrane	none	2|1	oneMulti
P28074	Q2MJR0	Cytoplasm,Nucleus,Proteasome	Cell membrane,Membrane	3|2	bothMulti
A8MXV4	Q01469	Peroxisome	Cytoplasm,Nucleus,Secreted,Synapse	1|4	oneMulti
O43504	Q9UHA4	Cytoplasm,Lysosome	Endosome,Membrane	2|2	bothMulti
Q8NCN2	Q9UJP4	Nucleus	Cytoplasm,Cytoskeleton	1|2	oneMulti
P43360	Q96FG2	none	Cell projection,Cilium,Cytoplasm,Cytoskeleton	1|4	oneMulti
O76074	Q9HCR9	none	Cytoplasm	1|1	bothSingle
A6NKN8	Q8TD86	none	Cytoplasm,Nucleus	1|2	oneMulti
Q9BT73	Q9NWT8	none	Mitochondrion,Nucleus	1|2	oneMulti
A6NM36	O94910	none	Cell membrane,Cell projection,Membrane,Synapse,Synaptosome	1|5	oneMulti
Q96DU9	Q9ULR5	Cytoplasm,Mitochondrion	none	2|1	oneMulti
P06493	P61024	Cytoplasm,Cytoskeleton,Mitochondrion,Nucleus	none	4|1	oneMulti
P0CG08	Q5HYI8	Golgi apparatus,Membrane	none	2|1	oneMulti
P11274	P49917	Cell projection,Synapse	Nucleus	2|1	oneMulti
Q6ZU65	Q9Y6J0	none	Nucleus	1|1	bothSingle
Q8IZU9	Q9Y6X6	Cell membrane,Membrane,Secreted	Cytoplasm	3|1	oneMulti
Q5VT52	Q96AX1	none	Cytoplasmic vesicle,Endosome,Lysosome,Membrane	1|4	oneMulti
P01579	P38484	Secreted	Cell membrane,Cytoplasm,Cytoplasmic vesicle,Endoplasmic reticulum,Golgi apparatus,Membrane	1|6	oneMulti
Q15042	Q3T906	Cytoplasm,Endoplasmic reticulum	Golgi apparatus,Membrane	2|2	bothMulti
O95837	Q15147	none	Cell membrane,Membrane	1|2	oneMulti
O75531	Q68G75	Chromosome,Cytoplasm,Nucleus	Membrane	3|1	oneMulti
P59074	Q5T0F9	none	Nucleus	1|1	bothSingle
P0DPB6	Q9NV35	DNA-directed RNA polymerase,Nucleus	none	2|1	oneMulti
O75925	Q6EEV6	Cytoplasm,Cytoskeleton,Nucleus	none	3|1	oneMulti
Q49AR2	Q9Y2W2	none	Cytoplasm,Nucleus	1|2	oneMulti
Q15181	Q9H0W9	Cytoplasm	Nucleus	1|1	bothSingle
Q13619	Q92564	none	Nucleus	1|1	bothSingle
O75807	Q9UPS8	Endoplasmic reticulum,Membrane,Mitochondrion,Mitochondrion outer membrane	none	4|1	oneMulti
Q8TC59	Q92620	Cytoplasm	Nucleus,Spliceosome	1|2	oneMulti
P18124	Q9UNX4	Cytoplasm	Nucleus	1|1	bothSingle
Q8NBR0	Q9Y3D5	Cell membrane,Cytoplasm,Membrane	Mitochondrion	3|1	oneMulti
P04792	Q8IUR5	Cytoplasm,Cytoskeleton,Nucleus	Endoplasmic reticulum,Membrane	3|2	bothMulti
P27482	Q08209	none	Cell membrane,Cell projection,Cytoplasm,Membrane,Synapse	1|5	oneMulti
P68036	Q96EQ8	Cytoplasm,Nucleus	Golgi apparatus,Membrane	2|2	bothMulti
P49771	Q9GZT3	Cell membrane,Membrane,Secreted	Mitochondrion,Nucleus	3|2	bothMulti
P16234	P17405	Cell membrane,Cell projection,Golgi apparatus,Membrane	Lipid droplet,Lysosome,Secreted	4|3	bothMulti
A8MTJ3	O14921	Cytoplasm	none	1|1	bothSingle
Q6P5R6	Q9BZE4	none	Nucleus	1|1	bothSingle
Q15464	Q9H875	Cell membrane,Cytoplasm,Membrane	Nucleus,Spliceosome	3|2	bothMulti
Q07890	Q9Y3M8	none	Cytoplasm,Lipid droplet,Membrane,Mitochondrion	1|4	oneMulti
P60900	Q92673	Cytoplasm,Nucleus,Proteasome	Cell membrane,Cytoplasmic vesicle,Endoplasmic reticulum,Endosome,Golgi apparatus,Membrane,Secreted	3|7	bothMulti
Q8N9T8	Q96HE9	none	Cytoplasm,Nucleus	1|2	oneMulti
P51153	Q8IV04	Cell junction,Cell membrane,Cell projection,Cytoplasmic vesicle,Endosome,Golgi apparatus,Membrane,Tight junction	none	8|1	oneMulti
Q86UW9	Q8N2K1	Cytoplasm,Nucleus	Endoplasmic reticulum,Membrane	2|2	bothMulti
O14594	O75056	Secreted	Cell membrane,Membrane	1|2	oneMulti
Q96A32	Q96L03	none	Cytoplasm	1|1	bothSingle
Q8IZP9	Q8NDM7	Cell membrane,Membrane	Cell projection,Cilium,Cytoplasm,Cytoskeleton,Flagellum	2|5	bothMulti
Q6ZMZ3	Q96LJ8	Endoplasmic reticulum,Membrane,Nucleus	Cell projection,Cilium	3|2	bothMulti
P35613	Q9H6Z4	Cell membrane,Cell projection,Endoplasmic reticulum,Endosome,Membrane	Cytoplasm,Nucleus	5|2	bothMulti
Q92673	Q9ULD5	Cell membrane,Cytoplasmic vesicle,Endoplasmic reticulum,Endosome,Golgi apparatus,Membrane,Secreted	Nucleus	7|1	oneMulti
P51532	Q8WUZ0	Nucleus	none	1|1	bothSingle
O60749	Q6QNY0	Cell projection,Endosome,Membrane	Cytoplasm	3|1	oneMulti
Q13177	Q15052	Cytoplasm,Membrane,Nucleus	Cell projection	3|1	oneMulti
P62760	Q9P0K9	none	Cell membrane,Membrane,Synapse	1|3	oneMulti
Q3SXY8	Q9ULJ7	Cell membrane,Cell projection,Cilium,Membrane	Endosome	4|1	oneMulti
Q00526	Q8WWL7	none	Nucleus	1|1	bothSingle
O75369	P26010	Cytoplasm,Cytoskeleton	Cell membrane,Membrane	2|2	bothMulti
Q5JR59	Q9BTA9	Cytoplasm,Cytoskeleton,Microtubule	Nucleus	3|1	oneMulti
P61077	Q9UBS8	Cell membrane,Endosome,Membrane	Cytoplasm,Nucleus	3|2	bothMulti
P10243	Q9BYD1	Nucleus	Mitochondrion	1|1	bothSingle
O00194	Q5TC63	Endosome,Membrane	none	2|1	oneMulti
P69905	Q9NZD4	none	Cytoplasm	1|1	bothSingle
O75838	Q9NZ71	Cell membrane,Cell projection,Cilium,Cytoplasm,Membrane	Nucleus	5|1	oneMulti
P61964	Q96PG8	Nucleus	none	1|1	bothSingle
Q5I0G3	Q5TCS8	none	Cytoplasm,Nucleus	1|2	oneMulti
P10515	P50897	Mitochondrion	Lysosome,Secreted	1|2	oneMulti
O00194	Q8IV04	Endosome,Membrane	none	2|1	oneMulti
Q8WUA7	Q9HA92	none	Mitochondrion	1|1	bothSingle
P14618	P30613	Cytoplasm,Nucleus	none	2|1	oneMulti
O14810	Q8N431	Cell projection,Cytoplasm,Synapse	none	3|1	oneMulti
Q7L622	Q9BUP0	Cytoplasm,Nucleus	Membrane,Mitochondrion,Mitochondrion inner membrane	2|3	bothMulti
P30838	P51648	Cytoplasm	Endoplasmic reticulum,Membrane,Microsome	1|3	oneMulti
P29992	P62873	Cell membrane,Cytoplasm,Membrane	none	3|1	oneMulti
O14561	P30050	Mitochondrion	Cytoplasm	1|1	bothSingle
O00401	Q9Y2A7	Cytoplasm,Cytoskeleton,Nucleus	Cell membrane,Cell projection,Membrane	3|3	bothMulti
Q3B7T1	Q9NZL4	Nucleus	none	1|1	bothSingle
O75190	Q9UJX2	Cytoplasm,Nucleus	none	2|1	oneMulti
A8K855	Q9P267	Cell membrane,Cell projection,Membrane	Chromosome,Nucleus	3|2	bothMulti
Q5I0G3	Q7Z4T9	none	Cell projection,Cytoplasm,Cytoskeleton,Mitochondrion	1|4	oneMulti
O60499	Q6PUV4	Golgi apparatus,Membrane	Cell projection,Cytoplasm,Nucleus,Synapse	2|4	bothMulti
H0UI37	Q8IZA3	none	Chromosome,Cytoplasm,Nucleus	1|3	oneMulti
P41221	Q9ULV1	Extracellular matrix,Secreted	Cell membrane,Membrane	2|2	bothMulti
P81274	Q14CM0	Cell membrane,Cytoplasm,Cytoskeleton,Membrane	Cell projection,Synapse	4|2	bothMulti
Q8N8I0	Q969H4	none	Cytoplasm,Membrane	1|2	oneMulti
Q96M89	Q9Y6K9	none	Cytoplasm,Nucleus	1|2	oneMulti
P08754	P16520	Cell membrane,Cytoplasm,Cytoskeleton,Membrane	none	4|1	oneMulti
Q96HY6	Q96JB5	Endoplasmic reticulum,Membrane	Cytoplasm,Cytoskeleton,Nucleus	2|3	bothMulti
O95363	Q15776	Mitochondrion	Nucleus	1|1	bothSingle
Q07890	Q8WU20	none	Membrane	1|1	bothSingle
O15131	Q8N9Q2	Cytoplasm	none	1|1	bothSingle
P27487	Q9H246	Cell junction,Cell membrane,Cell projection,Membrane,Secreted	none	5|1	oneMulti
P56182	Q07020	Nucleus	Cytoplasm,Endoplasmic reticulum	1|2	oneMulti
Q5T700	Q6UWY2	Membrane	Secreted	1|1	bothSingle
P17812	Q9NRF8	Cytoplasm	none	1|1	bothSingle
O00233	P17980	none	Cytoplasm,Nucleus,Proteasome	1|3	oneMulti
O95376	Q2NL67	Cytoplasm,Nucleus	none	2|1	oneMulti
Q6ZTW0	Q9C005	Cell projection,Cilium,Cytoplasm,Cytoskeleton,Flagellum,Microtubule	Golgi apparatus,Nucleus	6|2	bothMulti
P26885	Q9Y2V2	Endoplasmic reticulum,Membrane	Cytoplasm	2|1	oneMulti
Q8WV22	Q9UNF1	Chromosome,Nucleus,Telomere	none	3|1	oneMulti
O14893	O43181	Cytoplasm,Nucleus	Membrane,Mitochondrion,Mitochondrion inner membrane	2|3	bothMulti
O75376	Q2T9L4	Nucleus	Synapse	1|1	bothSingle
P78317	P78536	Cytoplasm,Nucleus	Membrane	2|1	oneMulti
Q14766	Q96PQ0	Extracellular matrix,Secreted	Cell membrane,Cell projection,Cytoplasmic vesicle,Endosome,Membrane,Postsynaptic cell membrane,Synapse,Synaptosome	2|8	bothMulti
Q96CP6	Q96HH9	Cell membrane,Cytoplasmic vesicle,Endoplasmic reticulum,Membrane	none	4|1	oneMulti
P84103	Q8WUD4	Cytoplasm,Nucleus	none	2|1	oneMulti
O14668	Q9P2P5	Membrane	Cytoplasm,Cytoskeleton	1|2	oneMulti
P01308	P08069	Secreted	Cell membrane,Membrane	1|2	oneMulti
Q96BZ8	Q9UBB9	none	Cytoplasm,Nucleus,Spliceosome	1|3	oneMulti
Q96RU7	Q9UBS3	Nucleus	Endoplasmic reticulum	1|1	bothSingle
Q8WV22	Q96JG8	Chromosome,Nucleus,Telomere	none	3|1	oneMulti
P05113	Q01344	Secreted	Membrane	1|1	bothSingle
P11488	Q9NS28	Cell projection,Membrane	Cytoplasm	2|1	oneMulti
A6NI87	Q86YF9	none	Cell projection,Cilium,Cytoplasm,Cytoskeleton,Nucleus	1|5	oneMulti
P30305	P78396	Cytoplasm,Cytoskeleton	Nucleus	2|1	oneMulti
P05062	P09972	Cytoplasm,Cytoskeleton	none	2|1	oneMulti
O75593	Q16595	Nucleus	Cytoplasm,Mitochondrion	1|2	oneMulti
P32246	P55774	Cell membrane,Membrane	Secreted	2|1	oneMulti
P54198	Q6ZU65	Nucleus	none	1|1	bothSingle
O95429	Q9UHQ7	Cytoplasm	Nucleus	1|1	bothSingle
Q96II8	Q9ULJ7	Cytoplasm	Endosome	1|1	bothSingle
O60921	Q6WBX8	Cytoplasm,Nucleus	none	2|1	oneMulti
P62745	Q99819	Cell membrane,Endosome,Membrane,Nucleus	Cytoplasm	4|1	oneMulti
Q16635	Q6UXH1	Cytoplasm,Membrane,Mitochondrion,Mitochondrion inner membrane,Mitochondrion outer membrane	Endoplasmic reticulum	5|1	oneMulti
Q86TS9	Q9UNZ5	Mitochondrion	none	1|1	bothSingle
Q5VWK5	Q9NPF7	Cell membrane,Membrane	Secreted	2|1	oneMulti
O15457	O43196	Chromosome	none	1|1	bothSingle
Q8IVN8	Q8NFP4	Extracellular matrix,Secreted	Cell membrane,Membrane	2|2	bothMulti
Q8NHQ9	Q9UGY1	none	Cytoplasm,Nucleus	1|2	oneMulti
P04632	Q6MZZ7	Cell membrane,Cytoplasm,Membrane	none	3|1	oneMulti
Q16595	Q9UHQ1	Cytoplasm,Mitochondrion	Nucleus	2|1	oneMulti
Q6PD62	Q9NP80	Nucleus	Endoplasmic reticulum,Membrane,Mitochondrion,Peroxisome	1|4	oneMulti
P61026	Q8IV04	Cell projection,Cytoplasm,Cytoplasmic vesicle,Cytoskeleton,Endoplasmic reticulum,Endosome,Golgi apparatus,Membrane	none	8|1	oneMulti
P61353	Q14137	Cytoplasm,Endoplasmic reticulum	Nucleus	2|1	oneMulti
Q13323	Q16548	Membrane,Mitochondrion	Cytoplasm	2|1	oneMulti
P10147	P51684	Secreted	Cell membrane,Membrane	1|2	oneMulti
P12544	Q92478	Secreted	Membrane	1|1	bothSingle
O14508	Q15369	none	Nucleus	1|1	bothSingle
Q6PL18	Q9BZ72	Nucleus	Membrane	1|1	bothSingle
Q5HYJ3	Q8TAV0	Nucleus	none	1|1	bothSingle
O96013	P84077	Cytoplasm	Golgi apparatus,Membrane,Synapse,Synaptosome	1|4	oneMulti
P61812	Q16828	Extracellular matrix,Secreted	Cytoplasm	2|1	oneMulti
Q5EG05	Q5XLA6	none	Cytoplasm	1|1	bothSingle
P22090	P62847	none	Cytoplasm,Nucleus	1|2	oneMulti
Q13643	Q9NYN1	Cytoplasm,Nucleus	none	2|1	oneMulti
O60925	Q99471	none	Cytoplasm,Nucleus	1|2	oneMulti
P07910	Q86SE5	Nucleus,Spliceosome	none	2|1	oneMulti
P14927	P43358	Membrane,Mitochondrion,Mitochondrion inner membrane	none	3|1	oneMulti
O95881	Q96SL4	Endoplasmic reticulum	Secreted	1|1	bothSingle
O15151	Q6UWP7	Nucleus	Endoplasmic reticulum,Membrane	1|2	oneMulti
P62837	Q9HCE7	none	Cell membrane,Cytoplasm,Membrane	1|3	oneMulti
O00629	Q05D32	Cytoplasm,Nucleus	none	2|1	oneMulti
A0A2R8Y422	Q04323	none	Cytoplasm	1|1	bothSingle
P51805	Q14563	Cell membrane,Membrane	Secreted	2|1	oneMulti
Q8N9T8	Q9NY12	none	Nucleus	1|1	bothSingle
Q13616	Q92564	none	Nucleus	1|1	bothSingle
Q12888	Q9Y6H3	Centromere,Chromosome,Kinetochore,Nucleus	none	4|1	oneMulti
P54762	Q5TGI4	Cell membrane,Cell projection,Endosome,Membrane	Cytoplasm	4|1	oneMulti
Q5MJ10	Q7Z7F0	none	Cytoplasm,Nucleus	1|2	oneMulti
A6NLU0	Q6ZWI9	Cytoplasm,Nucleus	none	2|1	oneMulti
Q8NHP8	Q96K30	Lysosome	Cytoplasm,Cytoskeleton,Nucleus	1|3	oneMulti
P27348	Q9UKM9	Cytoplasm	Nucleus,Spliceosome	1|2	oneMulti
P23229	P49746	Cell membrane,Membrane	none	2|1	oneMulti
P82675	Q12894	Mitochondrion	none	1|1	bothSingle
Q9H649	Q9P272	Mitochondrion	none	1|1	bothSingle
P57071	Q7L592	Nucleus	Mitochondrion	1|1	bothSingle
Q13007	Q8N6P7	Secreted	Cell membrane,Membrane	1|2	oneMulti
Q12798	Q15672	Cell projection,Cytoplasm,Cytoskeleton	Nucleus	3|1	oneMulti
P13533	P19105	Cytoplasm,Thick filament	none	2|1	oneMulti
Q86YD7	Q8NHQ1	none	Cytoplasm,Cytoskeleton	1|2	oneMulti
P45985	Q99759	Cytoplasm,Nucleus	none	2|1	oneMulti
P35326	Q5T754	Cytoplasmic vesicle,Secreted	none	2|1	oneMulti
Q13131	Q9Y478	Cytoplasm,Nucleus	none	2|1	oneMulti
Q07020	Q6NTE8	Cytoplasm,Endoplasmic reticulum	Nucleus	2|1	oneMulti
Q8N8Y2	Q99437	none	Cytoplasmic vesicle,Membrane	1|2	oneMulti
Q9NR12	Q9Y2A7	Cytoplasm,Cytoskeleton	Cell membrane,Cell projection,Membrane	2|3	bothMulti
O00743	Q9UIC8	Cytoplasm,Mitochondrion	none	2|1	oneMulti
P01106	Q02978	Cytoplasm,Nucleus	Membrane,Mitochondrion,Mitochondrion inner membrane	2|3	bothMulti
A0A1W2PPE2	Q8IZX4	none	Nucleus	1|1	bothSingle
P55039	Q9H446	Cytoplasm,Nucleus	none	2|1	oneMulti
P62837	Q8N9I9	none	Cytoplasm	1|1	bothSingle
Q7L1V2	Q9NP90	none	Cell membrane,Cytoplasmic vesicle,Membrane	1|3	oneMulti
P61088	Q9H9V4	Cytoplasm,Nucleus	Endoplasmic reticulum,Golgi apparatus,Membrane	2|3	bothMulti
Q8N0V4	Q9P0K1	Secreted	Cell membrane,Cell projection,Membrane	1|3	oneMulti
P61088	Q8ND25	Cytoplasm,Nucleus	Cytoplasmic vesicle,Endosome,Lysosome,Membrane,Synapse	2|5	bothMulti
Q6WBX8	Q9BQI6	none	Cytoplasm,Cytoskeleton,Nucleus	1|3	oneMulti
P46734	Q9Y6R4	none	Cytoplasm	1|1	bothSingle
Q8WTV1	Q9NR55	none	Nucleus	1|1	bothSingle
P07225	Q12866	Secreted	Cell membrane,Membrane	1|2	oneMulti
P55899	P61769	Cell membrane,Endosome,Membrane	Amyloid,MHC I,Secreted	3|3	bothMulti
Q9C002	Q9Y2R0	Nucleus	Membrane,Mitochondrion,Mitochondrion inner membrane	1|3	oneMulti
O95628	P62837	Cytoplasm,Nucleus	none	2|1	oneMulti
Q06190	Q08209	none	Cell membrane,Cell projection,Cytoplasm,Membrane,Synapse	1|5	oneMulti
Q5JSJ4	Q75QN2	none	Nucleus	1|1	bothSingle
P40939	P46937	Membrane,Mitochondrion,Mitochondrion inner membrane	Cell junction,Cytoplasm,Nucleus	3|3	bothMulti
Q6UXY8	Q96Q77	Membrane	none	1|1	bothSingle
Q86SE9	Q9HCM7	Nucleus	none	1|1	bothSingle
P43357	Q8N140	none	Chromosome,Cytoplasm,Nucleus,Telomere	1|4	oneMulti
P18124	Q9GZR7	Cytoplasm	none	1|1	bothSingle
P62256	Q9P0N8	none	Cell membrane,Cytoplasm,Endoplasmic reticulum,Endosome,Golgi apparatus,Lysosome,Membrane	1|7	oneMulti
O95251	Q92613	Centromere,Chromosome,Cytoplasm,Nucleus	none	4|1	oneMulti
P50897	Q63ZY6	Lysosome,Secreted	none	2|1	oneMulti
Q5TF39	Q7L8W6	Cell membrane,Membrane	none	2|1	oneMulti
P37287	Q8IYD8	Endoplasmic reticulum,Membrane	Nucleus	2|1	oneMulti
A0A0G2JNQ3	Q9UII2	none	Mitochondrion	1|1	bothSingle
Q8IU57	Q8IZJ0	Membrane	Secreted	1|1	bothSingle
Q96JJ6	Q9BZC1	Cell membrane,Endoplasmic reticulum,Membrane	Cytoplasm,Nucleus	3|2	bothMulti
Q86VQ3	Q9UF47	Cytoplasm	Membrane	1|1	bothSingle
Q14696	Q96IP4	Endoplasmic reticulum	Cytoplasm	1|1	bothSingle
O14802	Q8N461	Cytoplasm,DNA-directed RNA polymerase,Nucleus	none	3|1	oneMulti
P10109	Q9H082	Mitochondrion	Golgi apparatus,Membrane	1|2	oneMulti
Q13275	Q9HCM2	Secreted	Cell membrane,Membrane	1|2	oneMulti
O15444	P46092	Secreted	Cell membrane,Membrane	1|2	oneMulti
Q15286	Q9BXI6	Cell membrane,Coated pit,Cytoplasmic vesicle,Endosome,Membrane	Cell projection	5|1	oneMulti
O14578	Q9HA64	Cytoplasm	none	1|1	bothSingle
O75431	P13378	Membrane,Mitochondrion,Mitochondrion outer membrane	Nucleus	3|1	oneMulti
P84157	Q02153	Membrane	Cytoplasm	1|1	bothSingle
Q96RY5	Q9Y2K6	Nucleus	Cytoplasm,Cytoskeleton,Endoplasmic reticulum	1|3	oneMulti
O00267	Q15056	Nucleus	Cytoplasm	1|1	bothSingle
Q8TBN0	Q96QF0	none	Cell projection,Cytoplasm,Cytoskeleton,Nucleus	1|4	oneMulti
Q96KN2	Q96KP4	Secreted	Cytoplasm	1|1	bothSingle
P54750	Q14123	none	Lysosome	1|1	bothSingle
P30556	Q8TD86	Cell membrane,Membrane	Cytoplasm,Nucleus	2|2	bothMulti
P59190	Q92696	Cell membrane,Membrane	none	2|1	oneMulti
A0A3B3IU46	Q8N5X7	Nucleus	none	1|1	bothSingle
P63104	Q04917	Cytoplasm	none	1|1	bothSingle
Q63ZY3	Q8TAP4	Cytoplasm,Mitochondrion	none	2|1	oneMulti
Q9UPS8	Q9UPV0	none	Cytoplasm,Cytoskeleton,Nucleus	1|3	oneMulti
Q71UM5	Q8N118	none	Endoplasmic reticulum,Membrane,Microsome	1|3	oneMulti
Q6PD62	Q9UHC6	Nucleus	Cell junction,Cell projection,Membrane	1|3	oneMulti
P63267	Q01518	Cytoplasm,Cytoskeleton	Cell membrane,Membrane	2|2	bothMulti
Q8NEZ5	Q9Y312	Cytoplasm	Spliceosome	1|1	bothSingle
O14561	Q9H3Z4	Mitochondrion	Cell membrane,Cytoplasm,Cytoplasmic vesicle,Membrane	1|4	oneMulti
Q8ND90	Q96BY2	Nucleus	Cytoplasm,Membrane,Mitochondrion,Mitochondrion outer membrane	1|4	oneMulti
P21860	Q92529	Cell membrane,Membrane,Secreted	none	3|1	oneMulti
P46778	Q15050	Cytoplasm,Endoplasmic reticulum	Nucleus	2|1	oneMulti
Q8N511	Q8N8Y2	Cytoplasmic vesicle,Endoplasmic reticulum,Membrane	none	3|1	oneMulti
Q8NB90	Q9BW66	Cytoplasm,Cytoskeleton,Mitochondrion	Nucleus	3|1	oneMulti
Q14562	Q8IXQ4	Nucleus,Spliceosome	none	2|1	oneMulti
P49840	Q9P0R6	none	Cytoplasm,Nucleus	1|2	oneMulti
Q13042	Q6W2J9	Cytoplasm,Cytoskeleton	Nucleus	2|1	oneMulti
Q96JS3	Q9BRR0	none	Cytoplasm,Nucleus	1|2	oneMulti
Q7Z4V5	Q9NVH1	Cytoplasm,Nucleus	Membrane,Mitochondrion,Mitochondrion outer membrane	2|3	bothMulti
Q9BQ48	Q9H3Z4	Mitochondrion	Cell membrane,Cytoplasm,Cytoplasmic vesicle,Membrane	1|4	oneMulti
O14593	Q7Z736	Cytoplasm,Nucleus	none	2|1	oneMulti
A0A2R8Y422	Q9NV31	none	Nucleus	1|1	bothSingle
P35858	P42696	Secreted	Nucleus	1|1	bothSingle
Q13131	Q9UGI9	Cytoplasm,Nucleus	none	2|1	oneMulti
P07814	Q7L2J0	Cytoplasm,Membrane	Nucleus	2|1	oneMulti
P26885	Q6NTE8	Endoplasmic reticulum,Membrane	Nucleus	2|1	oneMulti
Q9BUY7	Q9UQM7	none	Cell projection,Synapse	1|2	oneMulti
Q9H6Q3	Q9ULV8	Cell membrane,Cytoplasm,Cytoplasmic vesicle,Membrane	none	4|1	oneMulti
Q16799	Q9UGP5	Endoplasmic reticulum,Golgi apparatus,Membrane	Chromosome,Nucleus	3|2	bothMulti
P58546	Q86SX6	Cytoplasm,Nucleus	Mitochondrion	2|1	oneMulti
O00584	P54107	Endoplasmic reticulum,Lysosome,Mitochondrion,Secreted	none	4|1	oneMulti
Q8N8L6	Q9NS84	none	Golgi apparatus,Membrane	1|2	oneMulti
A0A1B0GUL7	Q9Y2U5	none	Cytoplasm,Nucleus	1|2	oneMulti
O95881	Q14061	Endoplasmic reticulum	Cytoplasm,Mitochondrion	1|2	oneMulti
O15235	Q6NTE8	Mitochondrion	Nucleus	1|1	bothSingle
Q8NB46	Q9UGI0	none	Cytoplasm,Nucleus	1|2	oneMulti
A0A2R8Y422	P47914	none	Cytoplasm	1|1	bothSingle
A8MQ03	Q8TE68	none	Cytoplasm	1|1	bothSingle
Q969U6	Q96JK2	Cytoplasm	none	1|1	bothSingle
O00308	P62837	Nucleus	none	1|1	bothSingle
Q13432	Q6ZTQ3	Cytoplasm,Cytoskeleton	none	2|1	oneMulti
P63027	Q04917	Cell membrane,Cytoplasmic vesicle,Membrane,Synapse	none	4|1	oneMulti
P58340	Q8NHS0	Cell projection,Cytoplasm,Cytoskeleton,Nucleus	none	4|1	oneMulti
P05976	Q6PIF6	none	Cell projection,Cytoplasm,Cytoskeleton	1|3	oneMulti
P00533	Q9NQX4	Cell membrane,Endoplasmic reticulum,Endosome,Golgi apparatus,Membrane,Nucleus,Secreted	none	7|1	oneMulti
P62753	Q8TD47	Cytoplasm,Nucleus	none	2|1	oneMulti
P78414	Q92626	Nucleus	Basement membrane,Endoplasmic reticulum,Extracellular matrix,Secreted	1|4	oneMulti
Q14117	Q16555	none	Cytoplasm,Cytoskeleton,Membrane	1|3	oneMulti
P15090	Q9NZT1	Cytoplasm,Nucleus	none	2|1	oneMulti
Q8N6P7	Q9GZX6	Cell membrane,Membrane	Secreted	2|1	oneMulti
Q06587	Q9Y2X8	Nucleus	none	1|1	bothSingle
Q5T8P6	Q86U42	none	Cytoplasm,Nucleus	1|2	oneMulti
Q1AE95	Q96NT3	Membrane	none	1|1	bothSingle
P30679	P57771	none	Cell membrane,Cell projection,Membrane,Nucleus	1|4	oneMulti
P15172	Q16559	Nucleus	none	1|1	bothSingle
P05413	Q9UKU7	Cytoplasm	Mitochondrion	1|1	bothSingle
O60260	P62837	Cell projection,Cytoplasm,Endoplasmic reticulum,Membrane,Mitochondrion,Mitochondrion outer membrane,Nucleus,Synapse	none	8|1	oneMulti
Q96BZ9	Q9H0N0	Membrane	Cytoplasm,Cytoskeleton,Nucleus	1|3	oneMulti
O00755	O95980	Extracellular matrix,Secreted	Cell membrane,Membrane	2|2	bothMulti
P07947	Q8WWW8	Cell membrane,Cytoplasm,Cytoskeleton,Membrane	none	4|1	oneMulti
Q6PL18	Q8TE99	Nucleus	Golgi apparatus,Membrane	1|2	oneMulti
Q149N8	Q9UNS1	none	Chromosome,Nucleus	1|2	oneMulti
P51159	Q9Y4I1	Endosome,Lysosome,Membrane	none	3|1	oneMulti
P40123	P63267	Cell membrane,Membrane	Cytoplasm,Cytoskeleton	2|2	bothMulti
Q8NHG7	Q9NRW4	Cell membrane,Endoplasmic reticulum,Golgi apparatus,Membrane	Cytoplasm	4|1	oneMulti
P63261	Q15417	Cytoplasm,Cytoskeleton	none	2|1	oneMulti
Q86X24	Q9H967	Chromosome,Nucleus	none	2|1	oneMulti
A8MX76	Q96L46	none	Cell membrane,Cytoplasm,Membrane	1|3	oneMulti
P05976	P48454	none	Mitochondrion	1|1	bothSingle
O95025	P51805	Secreted	Cell membrane,Membrane	1|2	oneMulti
O75427	Q9BUI4	Cell membrane,Membrane	DNA-directed RNA polymerase,Nucleus	2|2	bothMulti
Q7Z4R8	Q9Y6X1	Secreted	Endoplasmic reticulum,Membrane	1|2	oneMulti
Q14687	Q9P0W2	none	Chromosome,Nucleus	1|2	oneMulti
Q8WV16	Q9UHV9	none	Cytoplasm,Mitochondrion,Nucleus	1|3	oneMulti
Q5T848	Q9BR01	Cell membrane,Cell projection,Membrane,Nucleus,Postsynaptic cell membrane,Synapse	Cytoplasm	6|1	oneMulti
Q9NWX5	Q9Y575	Cytoplasm	none	1|1	bothSingle
O14950	O75116	none	Cell membrane,Cytoplasm,Cytoskeleton,Membrane,Nucleus	1|5	oneMulti
P26441	P26992	Cytoplasm	Cell membrane,Membrane	1|2	oneMulti
P47929	Q6UVK1	Cytoplasm,Nucleus,Secreted	Cell membrane,Cell projection,Membrane	3|3	bothMulti
O00590	O15444	Cell membrane,Endosome,Membrane	Secreted	3|1	oneMulti
P05067	Q99767	Amyloid,Cell membrane,Cell projection,Coated pit,Cytoplasm,Cytoplasmic vesicle,Endoplasmic reticulum,Endosome,Golgi apparatus,Membrane,Nucleus,Secreted	none	12|1	oneMulti
O14561	Q9Y2G8	Mitochondrion	Endoplasmic reticulum,Membrane	1|2	oneMulti
Q6PKH6	Q9BTZ2	Secreted	Nucleus,Peroxisome	1|2	oneMulti
Q658N2	Q9ULE0	Golgi apparatus,Membrane	Cytoplasm	2|1	oneMulti
Q96DA2	Q9Y4I1	Cell membrane,Cytoplasmic vesicle,Golgi apparatus,Membrane	none	4|1	oneMulti
P60660	Q6PIF6	none	Cell projection,Cytoplasm,Cytoskeleton	1|3	oneMulti
A0A1W2PPW3	Q8IZX4	none	Nucleus	1|1	bothSingle
P61758	Q96S82	Cytoplasm,Nucleus	none	2|1	oneMulti
P49840	Q9UMX1	none	Cytoplasm,Nucleus	1|2	oneMulti
P08138	Q16539	Cell membrane,Cell projection,Membrane,Synapse	Cytoplasm,Nucleus	4|2	bothMulti
P00533	P52735	Cell membrane,Endoplasmic reticulum,Endosome,Golgi apparatus,Membrane,Nucleus,Secreted	none	7|1	oneMulti
P0C1Z6	Q07020	Nucleus	Cytoplasm,Endoplasmic reticulum	1|2	oneMulti
P01825	P12018	Cell membrane,Immunoglobulin,Membrane,Secreted	Endoplasmic reticulum	4|1	oneMulti
P22897	Q9UNS1	Cell membrane,Endosome,Membrane	Chromosome,Nucleus	3|2	bothMulti
O75880	P10599	Membrane,Mitochondrion,Mitochondrion inner membrane	Cytoplasm,Nucleus,Secreted	3|3	bothMulti
Q6AW86	Q96CB9	Nucleus	Mitochondrion	1|1	bothSingle
O15182	P18509	Cytoplasm,Cytoskeleton,Nuclear pore complex,Nucleus	Secreted	4|1	oneMulti
Q8WXI8	Q9BY77	Cell membrane,Membrane	Cytoplasm,Nucleus	2|2	bothMulti
P84103	Q9Y3X0	Cytoplasm,Nucleus	none	2|1	oneMulti
Q3MII6	Q9Y6X3	Cytoplasm,Cytoplasmic vesicle	Chromosome,Nucleus	2|2	bothMulti
Q8N2K1	Q96FW1	Endoplasmic reticulum,Membrane	Cytoplasm	2|1	oneMulti
P54368	Q08AD1	none	Cell projection,Cytoplasm,Cytoskeleton,Golgi apparatus,Microtubule	1|5	oneMulti
O60739	P20042	none	Cytoplasm	1|1	bothSingle
Q76LX8	Q96RG2	Secreted	Cytoplasm,Nucleus	1|2	oneMulti
Q13472	Q9H9A7	Mitochondrion	Nucleus	1|1	bothSingle
Q02790	Q92990	Cell projection,Cytoplasm,Cytoskeleton,Microtubule,Mitochondrion,Nucleus	none	6|1	oneMulti
P22897	Q96RQ9	Cell membrane,Endosome,Membrane	Cytoplasmic vesicle,Lysosome,Secreted	3|3	bothMulti
Q9BWG4	Q9NZD8	Nucleus	Cytoplasm,Endosome,Golgi apparatus,Membrane	1|4	oneMulti
P62837	Q76N89	none	Cytoplasm	1|1	bothSingle
P27487	Q9UBS4	Cell junction,Cell membrane,Cell projection,Membrane,Secreted	Endoplasmic reticulum	5|1	oneMulti
O00626	P51677	Secreted	Cell membrane,Membrane	1|2	oneMulti
Q13043	Q9H2L5	Cytoplasm,Nucleus	none	2|1	oneMulti
O43423	Q8IUR0	none	Endoplasmic reticulum,Golgi apparatus	1|2	oneMulti
Q5T7N3	Q9NQX4	Cytoplasm	none	1|1	bothSingle
Q3ZCU0	Q8N157	none	Cell junction,Cell projection,Cilium,Cytoplasm,Cytoskeleton	1|5	oneMulti
Q86U38	Q9Y4C8	none	Chromosome,Cytoplasm,Nucleus	1|3	oneMulti
P04004	P05546	Secreted	none	1|1	bothSingle
Q13555	Q8TD86	Membrane,Sarcoplasmic reticulum	Cytoplasm,Nucleus	2|2	bothMulti
Q8IWQ3	Q9UJX2	Cytoplasm,Cytoskeleton,Endoplasmic reticulum	none	3|1	oneMulti
O14607	Q14410	Nucleus	Cytoplasm,Membrane,Mitochondrion,Mitochondrion outer membrane	1|4	oneMulti
P01137	Q86YC3	Extracellular matrix,Secreted	Cell membrane,Endoplasmic reticulum,Membrane	2|3	bothMulti
P78543	Q9UIV1	none	Cytoplasm,Nucleus	1|2	oneMulti
P60953	Q9H7P9	Cell membrane,Cell projection,Cytoplasm,Cytoskeleton,Membrane	none	5|1	oneMulti
P17405	Q12918	Lipid droplet,Lysosome,Secreted	Membrane	3|1	oneMulti
O14578	P10412	Cytoplasm	Chromosome,Nucleus	1|2	oneMulti
P00533	Q9NVE7	Cell membrane,Endoplasmic reticulum,Endosome,Golgi apparatus,Membrane,Nucleus,Secreted	Cytoplasm	7|1	oneMulti
A0A494C103	P08174	none	Cell membrane,Membrane,Secreted	1|3	oneMulti
Q86WR7	Q9BUL8	none	Cell membrane,Cytoplasm,Golgi apparatus,Membrane	1|4	oneMulti
P31273	Q9BR61	Nucleus	Cytoplasm	1|1	bothSingle
Q08AI8	Q9Y2M2	none	Cytoplasm,Nucleus	1|2	oneMulti
P27482	Q16566	none	Cytoplasm,Nucleus	1|2	oneMulti
P11488	Q2M5E4	Cell projection,Membrane	none	2|1	oneMulti
O15498	Q7Z6K3	Cytoplasm,Cytoplasmic vesicle,Golgi apparatus,Membrane	none	4|1	oneMulti
A1YPR0	O15156	none	Nucleus	1|1	bothSingle
A6NJ78	O60336	Mitochondrion	Cytoplasm,Cytoskeleton,Nucleus	1|3	oneMulti
Q0D2K3	Q8TC17	Nucleus	none	1|1	bothSingle
A0A1W2PPE2	Q16514	none	Nucleus	1|1	bothSingle
O00628	Q13371	Cytoplasm,Peroxisome	Cell projection	2|1	oneMulti
P51668	Q9UHC7	Cytoplasm	none	1|1	bothSingle
P10073	Q96JS3	Nucleus	none	1|1	bothSingle
P07910	P27487	Nucleus,Spliceosome	Cell junction,Cell membrane,Cell projection,Membrane,Secreted	2|5	bothMulti
P16520	P63096	none	Cell membrane,Cytoplasm,Cytoskeleton,Membrane,Nucleus	1|5	oneMulti
O15049	Q9NQX4	Cell projection,Cytoplasmic vesicle	none	2|1	oneMulti
P40123	P63261	Cell membrane,Membrane	Cytoplasm,Cytoskeleton	2|2	bothMulti
O00206	P13349	Cell membrane,Cell projection,Endosome,Membrane	Nucleus	4|1	oneMulti
Q6NUQ1	Q9UFG5	Cytoplasm,Endoplasmic reticulum,Membrane	none	3|1	oneMulti
Q92901	Q96L21	none	Cytoplasm	1|1	bothSingle
P43361	Q6UXV4	none	Membrane,Mitochondrion,Mitochondrion inner membrane	1|3	oneMulti
A0A0G2JNQ3	P07910	none	Nucleus,Spliceosome	1|2	oneMulti
Q07889	Q9UK00	none	Membrane	1|1	bothSingle
P08134	P52565	Cell membrane,Membrane	Cytoplasm	2|1	oneMulti
Q15181	Q9H2U2	Cytoplasm	Mitochondrion	1|1	bothSingle
P48551	P52630	Cell membrane,Membrane,Secreted	Cytoplasm,Nucleus	3|2	bothMulti
Q7RTN6	Q9H9S4	Cytoplasm,Nucleus	none	2|1	oneMulti
P68032	Q8TCA0	Cytoplasm,Cytoskeleton	none	2|1	oneMulti
Q13488	Q8N8Y2	Membrane	none	1|1	bothSingle
P36402	Q9HCM3	Nucleus	Cell projection,Membrane	1|2	oneMulti
Q8N7M0	Q9UI46	none	Cell projection,Cilium,Cytoplasm,Cytoskeleton,Dynein,Microtubule	1|6	oneMulti
P55268	Q13683	Basement membrane,Extracellular matrix,Secreted	Membrane	3|1	oneMulti
Q8NBJ4	Q96HH9	Golgi apparatus,Membrane	none	2|1	oneMulti
P08138	Q16665	Cell membrane,Cell projection,Membrane,Synapse	Cytoplasm,Nucleus	4|2	bothMulti
F5GYI3	Q6NTE8	none	Nucleus	1|1	bothSingle
Q7Z6B7	Q9HCE6	none	Cytoplasm	1|1	bothSingle
Q93088	Q9H2M3	Cytoplasm,Nucleus	none	2|1	oneMulti
B0I1T2	P08590	Cell membrane,Cell projection,Membrane	none	3|1	oneMulti
O43930	P10644	none	Cell membrane,Membrane	1|2	oneMulti
P20248	Q96DY7	Cytoplasm,Nucleus	none	2|1	oneMulti
Q07020	Q14684	Cytoplasm,Endoplasmic reticulum	Chromosome,Nucleus	2|2	bothMulti
P19087	Q9UGC6	Cell projection	Cytoplasm,Membrane,Nucleus,Synapse,Synaptosome	1|5	oneMulti
O14792	Q8WWB3	Golgi apparatus	Cell projection,Cilium,Cytoplasm,Cytoskeleton,Flagellum	1|5	oneMulti
Q6WBX8	Q99638	none	Nucleus	1|1	bothSingle
P10644	P22612	Cell membrane,Membrane	none	2|1	oneMulti
Q15369	Q9BQ90	Nucleus	Cytoplasm	1|1	bothSingle
P31150	P51149	Cytoplasm,Golgi apparatus	Cytoplasmic vesicle,Endosome,Lipid droplet,Lysosome,Membrane,Mitochondrion	2|6	bothMulti
Q9P1Z9	Q9Y238	none	Cytoplasm	1|1	bothSingle
P07910	Q68DK2	Nucleus,Spliceosome	Cytoplasm,Cytoskeleton	2|2	bothMulti
P62140	Q9H7J1	Cytoplasm,Nucleus	none	2|1	oneMulti
P63279	Q6EEV6	Cytoplasm,Nucleus	none	2|1	oneMulti
O60602	P02751	Cell membrane,Membrane	Extracellular matrix,Secreted	2|2	bothMulti
Q86UX7	Q8TD17	Cell junction,Cell projection	Nucleus	2|1	oneMulti
Q8TAP9	Q9BVG4	Cytoplasm,Cytoskeleton,Nucleus	none	3|1	oneMulti
P01880	Q9UKI3	Cell membrane,Immunoglobulin,Membrane,Secreted	none	4|1	oneMulti
Q8TEV9	Q9UHA4	Cell projection,Cytoplasm,Nucleus,Synapse	Endosome,Membrane	4|2	bothMulti
P12830	P62136	Cell junction,Cell membrane,Endosome,Golgi apparatus,Membrane	Cytoplasm,Nucleus	5|2	bothMulti
P54646	Q9Y478	Cytoplasm,Nucleus	none	2|1	oneMulti
Q9NXX6	Q9UNF1	Chromosome,Nucleus,Telomere	none	3|1	oneMulti
P08590	Q8WXR4	none	Cell projection,Cytoplasm,Cytoskeleton	1|3	oneMulti
P26196	Q96BZ8	Cytoplasm,Nucleus	none	2|1	oneMulti
O75473	P15408	Cell membrane,Golgi apparatus,Membrane	Nucleus	3|1	oneMulti
P27694	P49643	Nucleus	Primosome	1|1	bothSingle
O94826	Q9UKB3	Membrane,Mitochondrion,Mitochondrion outer membrane	Cytoplasm	3|1	oneMulti
Q96A32	Q9UGI6	none	Membrane	1|1	bothSingle
P35249	P49458	Nucleus	Cytoplasm,Signal recognition particle	1|2	oneMulti
P61077	Q9UHC7	Cell membrane,Endosome,Membrane	none	3|1	oneMulti
Q6NSW7	Q9BYJ9	Nucleus	Cytoplasm	1|1	bothSingle
O00744	O75197	Extracellular matrix,Secreted	Endoplasmic reticulum,Membrane	2|2	bothMulti
O60609	Q5T4W7	Cell membrane,Membrane	Secreted	2|1	oneMulti
O94813	P16220	Secreted	Nucleus	1|1	bothSingle
Q969G3	Q9BQE9	Nucleus	none	1|1	bothSingle
Q00535	Q9BTV7	Cell membrane,Cell projection,Cytoplasm,Membrane,Nucleus,Synapse	none	6|1	oneMulti
Q5T3I0	Q9Y2X3	none	Nucleus	1|1	bothSingle
P62837	Q86XS8	none	Cytoplasm,Membrane	1|2	oneMulti
Q52LW3	Q8TE99	none	Golgi apparatus,Membrane	1|2	oneMulti
Q13042	Q14781	Cytoplasm,Cytoskeleton	Chromosome,Nucleus	2|2	bothMulti
O94985	Q99767	Cell membrane,Cell projection,Endoplasmic reticulum,Golgi apparatus,Membrane,Nucleus,Postsynaptic cell membrane,Synapse	none	8|1	oneMulti
P22033	Q5BKU9	Cytoplasm,Mitochondrion	none	2|1	oneMulti
Q8N6T7	Q9UG63	Chromosome,Endoplasmic reticulum,Nucleus,Telomere	none	4|1	oneMulti
O00206	Q13158	Cell membrane,Cell projection,Endosome,Membrane	none	4|1	oneMulti
Q66K64	Q96RY5	none	Nucleus	1|1	bothSingle
Q5W041	Q9P0K7	none	Cell junction,Cytoplasm,Cytoskeleton,Nucleus	1|4	oneMulti
P29353	Q16832	Cell junction,Cytoplasm,Mitochondrion	Cell membrane,Membrane	3|2	bothMulti
O14949	Q9UHA3	Membrane,Mitochondrion,Mitochondrion inner membrane	Nucleus	3|1	oneMulti
P08238	Q9UKP3	Cell membrane,Cytoplasm,Membrane,Nucleus,Secreted	none	5|1	oneMulti
P05155	P32246	Secreted	Cell membrane,Membrane	1|2	oneMulti
A0A1W2PPL8	Q92750	none	Cytoplasm,Nucleus	1|2	oneMulti
Q9H1J7	Q9ULV1	Extracellular matrix,Secreted	Cell membrane,Membrane	2|2	bothMulti
P16520	P50148	none	Cell membrane,Golgi apparatus,Membrane,Nucleus	1|4	oneMulti
P55795	Q32M88	Nucleus	none	1|1	bothSingle
Q8ND04	Q9HAU5	none	Cytoplasm	1|1	bothSingle
P84095	Q99819	Cell membrane,Membrane	Cytoplasm	2|1	oneMulti
Q96PE2	Q9NZQ3	none	Nucleus	1|1	bothSingle
O15479	Q8N140	none	Chromosome,Cytoplasm,Nucleus,Telomere	1|4	oneMulti
O43711	Q14847	Nucleus	Cytoplasm,Cytoskeleton	1|2	oneMulti
O95922	Q8N5T2	Cell projection,Cilium,Cytoplasm,Cytoskeleton,Flagellum,Microtubule	none	6|1	oneMulti
P09601	Q16595	Endoplasmic reticulum,Membrane	Cytoplasm,Mitochondrion	2|2	bothMulti
O95447	Q86VQ0	none	Cell projection,Cilium,Cytoplasm,Cytoskeleton	1|4	oneMulti
Q5FWF4	Q96M69	Chromosome,Nucleus	Cell projection,Cytoplasm,Cytoplasmic vesicle,Cytoskeleton	2|4	bothMulti
P39060	Q02809	Basement membrane,Extracellular matrix,Secreted	Endoplasmic reticulum,Membrane	3|2	bothMulti
O14921	P04899	none	Cell membrane,Cytoplasm,Cytoskeleton,Membrane	1|4	oneMulti
Q15042	Q6ZW49	Cytoplasm,Endoplasmic reticulum	Chromosome,Nucleus	2|2	bothMulti
P60321	Q9UII2	Cytoplasm	Mitochondrion	1|1	bothSingle
O75970	Q9UJT9	Cell junction,Cell membrane,Cell projection,Membrane,Synapse,Synaptosome,Tight junction	Cytoplasm,Cytoskeleton	7|2	bothMulti
P31949	Q92626	Cytoplasm,Nucleus	Basement membrane,Endoplasmic reticulum,Extracellular matrix,Secreted	2|4	bothMulti
O14950	Q09013	none	Cell membrane,Cytoplasm,Endoplasmic reticulum,Membrane,Mitochondrion,Mitochondrion outer membrane,Nucleus,Sarcoplasmic reticulum	1|8	oneMulti
Q96LR5	Q9Y4X5	none	Cytoplasm,Nucleus	1|2	oneMulti
A1KZ92	P60903	Cell membrane,Cytoplasm,Endoplasmic reticulum,Membrane,Secreted	none	5|1	oneMulti
A8MXV4	Q96LU5	Peroxisome	Membrane,Mitochondrion,Mitochondrion inner membrane	1|3	oneMulti
P19086	P62873	Membrane	none	1|1	bothSingle
O43583	P17612	none	Cell membrane,Cell projection,Cilium,Cytoplasm,Cytoplasmic vesicle,Flagellum,Membrane,Mitochondrion,Nucleus	1|9	oneMulti
P05155	Q13571	Secreted	Lysosome,Membrane	1|2	oneMulti
Q9H244	Q9NWZ8	Cell membrane,Membrane	Cytoplasm,Nucleus	2|2	bothMulti
Q5R372	Q5TBB1	Cytoplasmic vesicle,Endosome,Golgi apparatus	Nucleus	3|1	oneMulti
O15078	Q6NUS6	Cell projection,Cilium,Cytoplasm,Cytoplasmic vesicle,Cytoskeleton,Nucleus	Membrane	6|1	oneMulti
P12074	Q9C002	Membrane,Mitochondrion,Mitochondrion inner membrane	Nucleus	3|1	oneMulti
P17036	Q96CB9	Nucleus	Mitochondrion	1|1	bothSingle
P78537	Q8TDH9	Cytoplasm,Lysosome,Membrane,Mitochondrion	none	4|1	oneMulti
Q9P0J0	Q9Y312	Membrane,Mitochondrion,Mitochondrion inner membrane,Nucleus	Spliceosome	4|1	oneMulti
Q6PIF6	Q9NZT1	Cell projection,Cytoplasm,Cytoskeleton	none	3|1	oneMulti
Q32NB8	Q9UPR3	Mitochondrion	Cytoplasm,Nucleus	1|2	oneMulti
P21757	Q8IYP2	LDL,Membrane	Secreted	2|1	oneMulti
O60437	Q5T871	Cell junction,Cell membrane,Cytoplasm,Cytoskeleton,Membrane	none	5|1	oneMulti
Q8N103	Q96PZ0	none	Nucleus	1|1	bothSingle
P54646	Q9UGI9	Cytoplasm,Nucleus	none	2|1	oneMulti
O14791	Q9UHG3	HDL,Secreted	Lysosome	2|1	oneMulti
Q00526	Q9H8S5	none	Nucleus	1|1	bothSingle
P18847	P37173	Nucleus	Cell membrane,Membrane,Secreted	1|3	oneMulti
P51965	Q8NHG8	Nucleus	Cell membrane,Cell projection,Cytoplasm,Endosome,Lysosome,Membrane,Synapse	1|7	oneMulti
P01589	P60568	Membrane	Secreted	1|1	bothSingle
P51965	Q8N9I9	Nucleus	Cytoplasm	1|1	bothSingle
P85037	Q14C86	Cytoplasm,Nucleus	Endosome,Membrane	2|2	bothMulti
P43358	Q8N140	none	Chromosome,Cytoplasm,Nucleus,Telomere	1|4	oneMulti
O75971	Q8WXG8	Nucleus	none	1|1	bothSingle
Q96NT1	Q9UJ04	Nucleus	none	1|1	bothSingle
P03950	P13489	Cytoplasmic vesicle,Nucleus,Secreted	Cytoplasm	3|1	oneMulti
O00757	P09467	Cell junction,Cytoplasm,Nucleus	none	3|1	oneMulti
Q2NL67	Q8IV38	none	Cell projection,Cilium	1|2	oneMulti
P18621	Q9NV31	Cytoplasm	Nucleus	1|1	bothSingle
Q9HBE4	Q9HBE5	Secreted	Membrane	1|1	bothSingle
Q8WUW1	Q96NT1	Cytoplasm,Cytoskeleton	Nucleus	2|1	oneMulti
Q13084	Q96FI4	Mitochondrion	Chromosome,Cytoplasm,Cytoskeleton,Nucleus	1|4	oneMulti
Q16537	Q9H246	Cytoplasm	none	1|1	bothSingle
F5GYI3	Q71RG4	none	Membrane	1|1	bothSingle
P42677	Q8N118	Cytoplasm,Nucleus	Endoplasmic reticulum,Membrane,Microsome	2|3	bothMulti
P46821	P60520	Cell projection,Cytoplasm,Cytoskeleton,Microtubule,Synapse	Cytoplasmic vesicle,Endoplasmic reticulum,Golgi apparatus,Membrane	5|4	bothMulti
O43295	Q7Z3G6	none	Membrane,Nucleus	1|2	oneMulti
Q9H008	Q9H0R4	Cytoplasm,Nucleus	none	2|1	oneMulti
Q13304	Q6NXE6	Cell membrane,Membrane	none	2|1	oneMulti
P09327	Q16827	Cell projection,Cytoplasm,Cytoskeleton	Membrane	3|1	oneMulti
P26378	P54725	Cell projection,Cytoplasm	Nucleus,Proteasome	2|2	bothMulti
P62714	Q9Y570	Centromere,Chromosome,Cytoplasm,Cytoskeleton,Nucleus	none	5|1	oneMulti
P27986	Q16620	none	Cell membrane,Cell projection,Cytoplasm,Endosome,Membrane,Synapse	1|6	oneMulti
Q96DX4	Q9UBN1	Secreted	Cell membrane,Membrane	1|2	oneMulti
A6NH57	P60604	none	Endoplasmic reticulum,Lipid droplet	1|2	oneMulti
P35225	P78552	Secreted	Membrane	1|1	bothSingle
P23458	Q9Y4H2	Membrane	Cytoplasm	1|1	bothSingle
P78332	Q8N612	Nucleus	none	1|1	bothSingle
O94826	Q71RC2	Membrane,Mitochondrion,Mitochondrion outer membrane	Cytoplasm	3|1	oneMulti
Q96DD7	Q96G27	Membrane	none	1|1	bothSingle
O75083	P60981	Cell junction,Cell projection,Cytoplasm,Cytoskeleton	none	4|1	oneMulti
P62899	Q9BRT6	Cytoplasm	Chromosome,Nucleus	1|2	oneMulti
A1YPR0	Q13105	none	Nucleus	1|1	bothSingle
Q02763	Q9UIG0	Cell junction,Cell membrane,Cytoplasm,Cytoskeleton,Membrane,Secreted	Nucleus	6|1	oneMulti
Q86YC3	Q99836	Cell membrane,Endoplasmic reticulum,Membrane	Cytoplasm,Nucleus	3|2	bothMulti
O43309	Q96JS3	Nucleus	none	1|1	bothSingle
O00255	P27658	Nucleus	Basement membrane,Extracellular matrix,Secreted	1|3	oneMulti
A6NFK2	Q9NZA1	Cell projection	Cell membrane,Cytoplasm,Cytoskeleton,Golgi apparatus,Membrane,Mitochondrion	1|6	oneMulti
P47756	Q96KX2	Cytoplasm,Cytoskeleton	none	2|1	oneMulti
O95139	Q86YC2	Membrane,Mitochondrion,Mitochondrion inner membrane	Nucleus	3|1	oneMulti
P02792	P02794	none	Cytoplasm	1|1	bothSingle
Q8TBC4	Q8TE02	none	Cytoplasm,Nucleus	1|2	oneMulti
P48163	Q16798	Cytoplasm	Mitochondrion	1|1	bothSingle
Q9UBM4	Q9UGK8	Extracellular matrix,Secreted	Cytoplasm,Nucleus	2|2	bothMulti
Q04837	Q7L2J0	Mitochondrion,Mitochondrion nucleoid	Nucleus	2|1	oneMulti
O43196	Q92547	none	Chromosome,Cytoplasm,Cytoskeleton,Nucleus	1|4	oneMulti
P55036	P60484	Proteasome	Cell projection,Cytoplasm,Nucleus,Secreted,Synapse	1|5	oneMulti
Q9HBU6	Q9NPI5	Cytoplasm	none	1|1	bothSingle
Q9H0D6	Q9UPE1	Nucleus	none	1|1	bothSingle
P43234	P80404	Lysosome	Mitochondrion	1|1	bothSingle
P51854	Q9H0I9	Cytoplasm	none	1|1	bothSingle
P01574	P17181	Secreted	Cell membrane,Endosome,Lysosome,Membrane	1|4	oneMulti
P22090	P62753	none	Cytoplasm,Nucleus	1|2	oneMulti
P07910	Q6ZTA4	Nucleus,Spliceosome	Cytoplasm,Cytoskeleton	2|2	bothMulti
O96013	P04920	Cytoplasm	Cell membrane,Membrane	1|2	oneMulti
P51957	Q9H7R5	Cell projection,Cytoplasm	Nucleus	2|1	oneMulti
Q7Z2W9	Q9Y5N5	Mitochondrion	Nucleus	1|1	bothSingle
P25774	Q96GE6	Cytoplasmic vesicle,Lysosome,Secreted	Cell projection	3|1	oneMulti
Q01433	Q14839	none	Cytoplasm,Cytoskeleton,Nucleus	1|3	oneMulti
O60566	Q9UJX2	Centromere,Chromosome,Cytoplasm,Cytoskeleton,Kinetochore,Nucleus	none	6|1	oneMulti
Q96M94	Q9UJP4	Nucleus	Cytoplasm,Cytoskeleton	1|2	oneMulti
Q8NHG8	Q9NPD8	Cell membrane,Cell projection,Cytoplasm,Endosome,Lysosome,Membrane,Synapse	Nucleus	7|1	oneMulti
P08238	P34931	Cell membrane,Cytoplasm,Membrane,Nucleus,Secreted	none	5|1	oneMulti
Q96AE7	Q9NTU7	Cell membrane,Cytoplasm,Cytoskeleton,Membrane	Secreted,Synapse	4|2	bothMulti
P41238	Q3LI66	Cytoplasm,Nucleus	Keratin	2|1	oneMulti
O60759	Q96AJ1	Cytoplasm,Endosome	Cell projection,Cilium,Nucleus	2|3	bothMulti
Q02747	Q5JXX7	Secreted	Membrane	1|1	bothSingle
P84098	Q6P5R6	Cytoplasm	none	1|1	bothSingle
Q9HCS2	Q9UGM5	Endoplasmic reticulum,Membrane,Microsome	Secreted	3|1	oneMulti
P06756	Q08050	Cell junction,Cell membrane,Membrane	Nucleus	3|1	oneMulti
O00264	O14733	Endoplasmic reticulum,Membrane,Microsome,Mitochondrion,Mitochondrion outer membrane,Secreted	Cytoplasm,Nucleus	6|2	bothMulti
O43281	Q14289	none	Cell junction,Cell membrane,Cell projection,Cytoplasm,Membrane,Nucleus	1|6	oneMulti
Q15047	Q9Y3C0	Chromosome,Cytoplasm,Nucleus	Endosome	3|1	oneMulti
P28715	Q9H3H5	Chromosome,Nucleus	Endoplasmic reticulum,Membrane	2|2	bothMulti
P29474	Q6P4F2	Cell membrane,Cytoplasm,Cytoskeleton,Golgi apparatus,Membrane	Mitochondrion	5|1	oneMulti
P12270	Q8IVD9	Centromere,Chromosome,Cytoplasm,Cytoskeleton,Kinetochore,Membrane,Nuclear pore complex,Nucleus	none	8|1	oneMulti
O15078	Q86T90	Cell projection,Cilium,Cytoplasm,Cytoplasmic vesicle,Cytoskeleton,Nucleus	none	6|1	oneMulti
Q53EV4	Q5TCS8	none	Cytoplasm,Nucleus	1|2	oneMulti
P20042	Q2VIR3	Cytoplasm	none	1|1	bothSingle
P11362	Q9NP95	Cell membrane,Cytoplasm,Cytoplasmic vesicle,Membrane,Nucleus	Secreted	5|1	oneMulti
Q8N140	Q9H213	Chromosome,Cytoplasm,Nucleus,Telomere	none	4|1	oneMulti
P49207	Q9BXY0	Cytoplasm,Endoplasmic reticulum	Nucleus	2|1	oneMulti
O76071	Q9UHQ1	Cytoplasm	Nucleus	1|1	bothSingle
O75821	P23588	Cytoplasm,Nucleus	none	2|1	oneMulti
P50876	P62256	Cell membrane,Cytoplasmic vesicle,Endoplasmic reticulum,Endosome,Membrane	none	5|1	oneMulti
O00206	P07585	Cell membrane,Cell projection,Endosome,Membrane	Extracellular matrix,Secreted	4|2	bothMulti
Q8IUR5	Q8IZX4	Endoplasmic reticulum,Membrane	Nucleus	2|1	oneMulti
P07225	P30530	Secreted	Cell membrane,Membrane	1|2	oneMulti
Q9BSC4	Q9Y6V7	Nucleus	none	1|1	bothSingle
O00585	P51686	Secreted	Cell membrane,Membrane	1|2	oneMulti
P35318	Q96LB1	Secreted	Cell membrane,Membrane	1|2	oneMulti
Q8NG27	Q9H1K4	none	Membrane,Mitochondrion,Mitochondrion inner membrane	1|3	oneMulti
P01042	P46663	Secreted	Cell membrane,Membrane	1|2	oneMulti
Q86UW9	Q9Y2X8	Cytoplasm,Nucleus	none	2|1	oneMulti
O43683	P28908	Centromere,Chromosome,Kinetochore,Nucleus	Cell membrane,Cytoplasm,Membrane	4|3	bothMulti
Q03468	Q96DC7	Nucleus	Membrane	1|1	bothSingle
Q13188	Q9H8S9	Cytoplasm,Cytoskeleton,Nucleus	none	3|1	oneMulti
P61601	Q9BQI5	none	Coated pit,Membrane	1|2	oneMulti
P35228	Q96GE6	Cytoplasm	Cell projection	1|1	bothSingle
A0JP26	Q86YR6	none	Cell membrane,Membrane	1|2	oneMulti
P10644	P51817	Cell membrane,Membrane	Cytoplasm,Nucleus	2|2	bothMulti
P14784	P40933	Cell membrane,Membrane	Cytoplasm,Nucleus,Secreted	2|3	bothMulti
P13693	Q05639	Cytoplasm	Nucleus	1|1	bothSingle
O15550	Q9ULI4	Nucleus	Cytoplasm,Cytoskeleton,Microtubule	1|3	oneMulti
P35225	Q14627	Secreted	Membrane	1|1	bothSingle
P63173	Q6ZNB6	Cytoplasm	Membrane	1|1	bothSingle
P10636	Q9HC96	Cell membrane,Cell projection,Cytoplasm,Cytoskeleton,Membrane,Microtubule,Secreted	none	7|1	oneMulti
P62714	Q9UIC8	Centromere,Chromosome,Cytoplasm,Cytoskeleton,Nucleus	none	5|1	oneMulti
Q14012	Q96GE6	Cytoplasm,Nucleus	Cell projection	2|1	oneMulti
Q8IYI6	Q9Y2D4	Cell projection,Cytoplasm	none	2|1	oneMulti
Q15327	Q8NBN7	Nucleus	Membrane,Mitochondrion,Mitochondrion inner membrane	1|3	oneMulti
P40189	Q06124	Cell membrane,Membrane,Secreted	Cytoplasm,Nucleus	3|2	bothMulti
Q92613	Q9UNL4	none	Nucleus	1|1	bothSingle
O95922	Q6NSI8	Cell projection,Cilium,Cytoplasm,Cytoskeleton,Flagellum,Microtubule	none	6|1	oneMulti
O60610	Q53LP3	Cell membrane,Cell projection,Cytoplasm,Cytoskeleton,Membrane,Nucleus	none	6|1	oneMulti
Q15814	Q8NI22	Cytoplasm	Endoplasmic reticulum,Golgi apparatus	1|2	oneMulti
Q9NQC7	Q9UNM6	Cell membrane,Cell projection,Cytoplasm,Cytoskeleton,Membrane,Microtubule	Proteasome	6|1	oneMulti
Q71UM5	Q9NRX1	none	Nucleus	1|1	bothSingle
Q8N431	Q9ULH1	none	Cytoplasm,Golgi apparatus,Membrane	1|3	oneMulti
Q99848	Q9GZR7	Nucleus	none	1|1	bothSingle
P62760	Q86V35	none	Cell membrane,Cytoplasm,Golgi apparatus,Membrane	1|4	oneMulti
O14974	Q9NQX4	Cytoplasm,Cytoskeleton	none	2|1	oneMulti
O75596	Q9NS84	Secreted	Golgi apparatus,Membrane	1|2	oneMulti
P06732	P17540	Cytoplasm	Membrane,Mitochondrion,Mitochondrion inner membrane	1|3	oneMulti
Q99759	Q9Y4K3	none	Cytoplasm,Lipid droplet,Nucleus	1|3	oneMulti
O43617	P0DI82	Endoplasmic reticulum,Golgi apparatus	Cytoplasm,Nucleus	2|2	bothMulti
Q8N0W5	Q96M32	none	Cell projection,Cilium,Cytoplasm,Flagellum	1|4	oneMulti
P08246	Q9P296	Cytoplasmic vesicle	Cell membrane,Membrane	1|2	oneMulti
O60258	P52803	Secreted	Cell membrane,Membrane	1|2	oneMulti
Q96LZ2	Q9NXX6	none	Chromosome,Nucleus,Telomere	1|3	oneMulti
O15085	Q07889	Cytoplasm,Membrane	none	2|1	oneMulti
Q14CW9	Q9ULK2	Nucleus	none	1|1	bothSingle
Q15369	Q5JU00	Nucleus	Cell projection,Cilium,Cytoplasm,Cytoskeleton,Flagellum	1|5	oneMulti
Q7Z6W1	Q8IZ16	Membrane	Cytoplasmic vesicle	1|1	bothSingle
Q4VCS5	Q9Y6K9	Cell junction,Tight junction	Cytoplasm,Nucleus	2|2	bothMulti
Q49AM3	Q9UPR3	none	Cytoplasm,Nucleus	1|2	oneMulti
O75147	Q9P2M7	Cytoplasm,Cytoskeleton,Golgi apparatus	Cell junction,Tight junction	3|2	bothMulti
P08134	P52566	Cell membrane,Membrane	Cytoplasm	2|1	oneMulti
Q8IWZ3	Q92545	Cytoplasm	Membrane	1|1	bothSingle
Q8TEB1	Q9NZJ0	none	Chromosome,Cytoplasm,Cytoskeleton,Membrane,Nucleus	1|5	oneMulti
Q8WW52	Q9UGM5	Membrane	Secreted	1|1	bothSingle
A1YPR0	Q9H5J0	none	Nucleus	1|1	bothSingle
Q9H8X2	Q9NX40	Cytoplasm,Nucleus	Endosome	2|1	oneMulti
Q8WWC4	Q9H6Z9	Mitochondrion	Cytoplasm,Nucleus	1|2	oneMulti
P04179	Q9NRR3	Mitochondrion	Cell membrane,Cell projection,Cytoplasm,Cytoskeleton,Membrane	1|5	oneMulti
P78556	Q92956	Secreted	Cell membrane,Membrane	1|2	oneMulti
P61086	Q6ZSG1	Cytoplasm	Nucleus	1|1	bothSingle
O95905	Q96AT1	Cytoplasm,Nucleus	none	2|1	oneMulti
O60476	P55795	Golgi apparatus,Membrane	Nucleus	2|1	oneMulti
Q569K4	Q9NY57	Nucleus	none	1|1	bothSingle
Q14203	Q96MM6	Cytoplasm,Cytoskeleton,Dynein,Microtubule,Nucleus	none	5|1	oneMulti
Q13554	Q9NZT1	Cytoplasm,Cytoskeleton,Membrane,Sarcoplasmic reticulum,Synapse	none	5|1	oneMulti
P11279	P27986	Cell membrane,Endosome,Lysosome,Membrane	none	4|1	oneMulti
Q8WVC0	Q9NWU5	Nucleus	Mitochondrion	1|1	bothSingle
Q8NEB9	Q9Y6R4	Cytoplasmic vesicle,Endosome	Cytoplasm	2|1	oneMulti
Q06418	Q14393	Cell membrane,Membrane	Secreted	2|1	oneMulti
Q66GS9	Q9BR77	Cytoplasm,Cytoskeleton	none	2|1	oneMulti
P13533	P14649	Cytoplasm,Thick filament	none	2|1	oneMulti
Q9HA47	Q9NWZ5	none	Cytoplasm,Nucleus	1|2	oneMulti
P30530	Q9UIG0	Cell membrane,Membrane	Nucleus	2|1	oneMulti
Q15404	Q9NVD7	none	Cell junction,Cell membrane,Cytoplasm,Cytoskeleton,Membrane	1|5	oneMulti
A0A075B7F1	P15814	Immunoglobulin,Membrane	Endoplasmic reticulum,Secreted	2|2	bothMulti
P61586	Q3KRB8	Cell membrane,Cell projection,Cytoplasm,Cytoskeleton,Membrane,Nucleus	Mitochondrion	6|1	oneMulti
A6NIK2	P00533	none	Cell membrane,Endoplasmic reticulum,Endosome,Golgi apparatus,Membrane,Nucleus,Secreted	1|7	oneMulti
Q9BQ67	Q9H7E9	Chromosome,Nucleus	none	2|1	oneMulti
Q86VX2	Q9GZQ3	Cytoplasmic vesicle	Cytoplasm,Nucleus	1|2	oneMulti
O00762	P06493	none	Cytoplasm,Cytoskeleton,Mitochondrion,Nucleus	1|4	oneMulti
O96013	Q9Y2H0	Cytoplasm	Membrane	1|1	bothSingle
A6NDZ8	Q86YP4	none	Chromosome,Nucleus	1|2	oneMulti
Q96BZ8	Q96DF8	none	Nucleus,Spliceosome	1|2	oneMulti
O75323	Q9BPW8	Cytoplasm,Membrane,Mitochondrion,Mitochondrion outer membrane	none	4|1	oneMulti
Q8N5G0	Q9C098	Membrane,Mitochondrion,Mitochondrion inner membrane,Secreted	Cytoplasm,Nucleus	4|2	bothMulti
Q2T9L4	Q9UL45	Synapse	Cytoplasm,Membrane	1|2	oneMulti
O95980	P56706	Cell membrane,Membrane	Extracellular matrix,Secreted	2|2	bothMulti
P48509	Q9HCN8	Membrane	Endoplasmic reticulum	1|1	bothSingle
Q9HAD4	Q9UHA4	Cytoplasm	Endosome,Membrane	1|2	oneMulti
P36578	Q9BXY0	Cytoplasm	Nucleus	1|1	bothSingle
Q06190	Q8WUA4	none	Nucleus	1|1	bothSingle
P35790	Q9Y259	Cytoplasm,Lipid droplet	none	2|1	oneMulti
Q16799	Q92630	Endoplasmic reticulum,Golgi apparatus,Membrane	Cytoplasm,Nucleus	3|2	bothMulti
O14950	P13533	none	Cytoplasm,Thick filament	1|2	oneMulti
Q96BU1	Q9H1Q7	Nucleus	none	1|1	bothSingle
O43795	P0DP25	none	Cytoplasm,Cytoskeleton	1|2	oneMulti
Q13144	Q2VIR3	Cytoplasm	none	1|1	bothSingle
Q7RTV3	Q8TE99	Nucleus	Golgi apparatus,Membrane	1|2	oneMulti
A0A1W2PPE2	Q6SJ96	none	Cytoplasm,Nucleus	1|2	oneMulti
A4D2B8	P43246	none	Chromosome,Nucleus	1|2	oneMulti
P51965	Q86XS8	Nucleus	Cytoplasm,Membrane	1|2	oneMulti
O14715	P62826	none	Cytoplasm,Nucleus	1|2	oneMulti
Q86WC6	Q9H329	none	Cell junction,Cytoplasm,Tight junction	1|3	oneMulti
O75581	P04628	Cell membrane,Endoplasmic reticulum,Membrane	Extracellular matrix,Secreted	3|2	bothMulti
C9JCN9	Q8WUW1	none	Cytoplasm,Cytoskeleton	1|2	oneMulti
Q8WXJ9	Q99645	none	Extracellular matrix,Secreted	1|2	oneMulti
P01282	P07101	Secreted	Cell projection,Cytoplasm,Cytoplasmic vesicle,Nucleus,Synapse	1|5	oneMulti
O95400	Q8IXI1	Cytoplasm,Nucleus	Membrane,Mitochondrion,Mitochondrion outer membrane	2|3	bothMulti
P14927	Q9UM11	Membrane,Mitochondrion,Mitochondrion inner membrane	Cytoplasm,Nucleus	3|2	bothMulti
Q13501	Q9ULK5	Cytoplasm,Cytoplasmic vesicle,Endoplasmic reticulum,Endosome,Lysosome,Nucleus	Cell membrane,Membrane	6|2	bothMulti
O75628	P24385	none	Cytoplasm,Membrane,Nucleus	1|3	oneMulti
Q15369	Q16763	Nucleus	none	1|1	bothSingle
Q8IYS0	Q96HH9	Cell membrane,Endoplasmic reticulum,Membrane	none	3|1	oneMulti
O75683	P36578	Nucleus	Cytoplasm	1|1	bothSingle
P63173	Q14137	Cytoplasm	Nucleus	1|1	bothSingle
P17098	P26022	Nucleus	Secreted	1|1	bothSingle
O95295	Q9Y3C0	Cytoplasm,Cytoplasmic vesicle,Golgi apparatus,Lysosome,Membrane,Synapse	Endosome	6|1	oneMulti
P14616	P35568	Membrane	none	1|1	bothSingle
P62873	P63096	none	Cell membrane,Cytoplasm,Cytoskeleton,Membrane,Nucleus	1|5	oneMulti
Q13435	Q9H4M7	Nucleus,Spliceosome	Cytoplasm,Membrane	2|2	bothMulti
Q08AI8	Q9HB71	none	Cytoplasm,Nucleus	1|2	oneMulti
O95863	Q9ULT8	Cytoplasm,Nucleus	none	2|1	oneMulti
P51677	Q99616	Cell membrane,Membrane	Secreted	2|1	oneMulti
P62837	Q9UBS8	none	Cytoplasm,Nucleus	1|2	oneMulti
P55196	Q13459	Cell junction	Cytoplasm,Cytoskeleton	1|2	oneMulti
Q53G59	Q8IXQ5	Cytoplasmic vesicle	Cytoplasm,Nucleus	1|2	oneMulti
O60271	Q4G0J3	Cytoplasm,Cytoplasmic vesicle,Lysosome,Membrane	Nucleus	4|1	oneMulti
P52198	Q8IWG1	Cytoplasmic vesicle,Membrane	Cytoplasm	2|1	oneMulti
A0A2R8Y422	Q96T21	none	Mitochondrion,Nucleus	1|2	oneMulti
O15069	Q7Z5U6	Cytoplasm,Nucleus	none	2|1	oneMulti
O76011	Q9BT49	Intermediate filament,Keratin	Chromosome,Nucleus	2|2	bothMulti
P47914	P82921	Cytoplasm	Mitochondrion	1|1	bothSingle
P67775	Q9UIC8	Centromere,Chromosome,Cytoplasm,Cytoskeleton,Nucleus	none	5|1	oneMulti
Q5BKX5	Q9BUY7	Cytoplasm	none	1|1	bothSingle
P12644	Q96B86	Extracellular matrix,Secreted	Cell membrane,Membrane	2|2	bothMulti
P51151	Q92696	Cell membrane,Cytoplasmic vesicle,Endoplasmic reticulum,Endosome,Golgi apparatus,Membrane	none	6|1	oneMulti
P55196	Q96E93	Cell junction	Cell membrane,Membrane	1|2	oneMulti
P0C7P4	Q5U5X0	Membrane	Mitochondrion	1|1	bothSingle
Q96JG8	Q9NXX6	none	Chromosome,Nucleus,Telomere	1|3	oneMulti
P31150	Q92930	Cytoplasm,Golgi apparatus	Cell membrane,Cytoplasmic vesicle,Endosome,Membrane	2|4	bothMulti
O14950	Q9UKX3	none	Cytoplasm,Thick filament	1|2	oneMulti
Q6ZTW0	Q8N5T2	Cell projection,Cilium,Cytoplasm,Cytoskeleton,Flagellum,Microtubule	none	6|1	oneMulti
Q12933	Q13077	Cytoplasm	none	1|1	bothSingle
P42696	Q5JZY3	Nucleus	Cell membrane,Membrane,Secreted	1|3	oneMulti
P62736	Q01518	Cytoplasm,Cytoskeleton	Cell membrane,Membrane	2|2	bothMulti
O75414	Q9NU23	none	Mitochondrion	1|1	bothSingle
Q07889	Q12929	none	Cell membrane,Cell projection,Cytoplasm,Membrane,Synapse,Synaptosome	1|6	oneMulti
Q96TC7	Q9Y6H3	Cytoplasm,Cytoskeleton,Membrane,Microtubule,Mitochondrion,Mitochondrion outer membrane,Nucleus	none	7|1	oneMulti
P18509	Q12798	Secreted	Cell projection,Cytoplasm,Cytoskeleton	1|3	oneMulti
P63096	Q9HAV0	Cell membrane,Cytoplasm,Cytoskeleton,Membrane,Nucleus	none	5|1	oneMulti
P40429	Q3KP31	Cytoplasm	Nucleus	1|1	bothSingle
Q53H80	Q9NZT1	Cytoplasm,Membrane,Nucleus	none	3|1	oneMulti
A1A4G5	Q96BR5	none	Mitochondrion	1|1	bothSingle
Q969U6	Q9Y5Q8	Cytoplasm	Nucleus	1|1	bothSingle
Q0VAA5	Q9ULI4	Nucleus	Cytoplasm,Cytoskeleton,Microtubule	1|3	oneMulti
O60879	Q2M3V2	Cytoplasm,Endosome	none	2|1	oneMulti
P50914	Q8TDN6	Cytoplasm	Nucleus	1|1	bothSingle
Q8N9I9	Q9Y2X8	Cytoplasm	none	1|1	bothSingle
Q9NWF9	Q9Y2X8	Cytoplasm,Cytoplasmic vesicle	none	2|1	oneMulti
Q16799	Q7L5D6	Endoplasmic reticulum,Golgi apparatus,Membrane	Cytoplasm	3|1	oneMulti
P41221	Q9H237	Extracellular matrix,Secreted	Endoplasmic reticulum,Membrane	2|2	bothMulti
Q9NYY1	Q9UHF4	Secreted	Membrane	1|1	bothSingle
P12643	Q96B86	Secreted	Cell membrane,Membrane	1|2	oneMulti
P50148	Q9HAV0	Cell membrane,Golgi apparatus,Membrane,Nucleus	none	4|1	oneMulti
P12544	P26718	Secreted	Cell membrane,Membrane	1|2	oneMulti
O95684	Q92484	Cell projection,Cytoplasm,Cytoskeleton	Secreted	3|1	oneMulti
P0DJD0	Q8NEF9	none	Cytoplasm	1|1	bothSingle
O75044	Q7Z6B7	Cell membrane,Cell projection,Cytoplasm,Cytoplasmic vesicle,Membrane,Nucleus,Postsynaptic cell membrane,Synapse	none	8|1	oneMulti
P30203	Q9GZS1	Cell membrane,Membrane,Secreted	DNA-directed RNA polymerase,Nucleus	3|2	bothMulti
A6NLC8	Q15543	none	Nucleus	1|1	bothSingle
P51159	Q8IV04	Endosome,Lysosome,Membrane	none	3|1	oneMulti
Q5T0N1	Q5W041	Cell projection,Cilium,Cytoplasm,Cytoskeleton,Flagellum	none	5|1	oneMulti
Q14152	Q9Y399	Cytoplasm	Mitochondrion	1|1	bothSingle
P01111	Q9NU19	Cell membrane,Golgi apparatus,Membrane	none	3|1	oneMulti
O60524	Q6ZWL3	Cytoplasm,Nucleus	Endoplasmic reticulum,Membrane	2|2	bothMulti
Q53G59	Q9H0H3	Cytoplasmic vesicle	none	1|1	bothSingle
Q71UM5	Q9Y324	none	Nucleus	1|1	bothSingle
Q14318	Q96B36	Membrane,Mitochondrion	Cytoplasm	2|1	oneMulti
Q8NHS9	Q9UHJ6	Chromosome	Cytoplasm	1|1	bothSingle
Q8N140	Q8N7X4	Chromosome,Cytoplasm,Nucleus,Telomere	none	4|1	oneMulti
O75190	Q9UBP4	Cytoplasm,Nucleus	Secreted	2|1	oneMulti
Q9H2C0	Q9P2N7	Cytoplasm,Cytoskeleton	none	2|1	oneMulti
Q9H0N5	Q9NQE9	none	Cytoplasm,Nucleus	1|2	oneMulti
P10599	Q86SX6	Cytoplasm,Nucleus,Secreted	Mitochondrion	3|1	oneMulti
Q96A65	Q9Y2D4	Cell projection,Cytoplasm,Cytoskeleton	none	3|1	oneMulti
P14854	Q9NRX3	Membrane,Mitochondrion,Mitochondrion inner membrane	none	3|1	oneMulti
P02686	Q9BXA6	Cell membrane,Membrane,Nucleus	none	3|1	oneMulti
Q69YI7	Q9H1Y0	Nucleus	Cytoplasm,Membrane	1|2	oneMulti
O60812	Q92734	Nucleus	Endoplasmic reticulum	1|1	bothSingle
Q13795	Q9H628	Golgi apparatus	none	1|1	bothSingle
A6NHX0	Q9NXC5	Cytoplasm	Lysosome,Membrane	1|2	oneMulti
Q8NB25	Q9BV99	Cytoplasm,Cytoskeleton	none	2|1	oneMulti
O95182	Q9C002	Membrane,Mitochondrion,Mitochondrion inner membrane	Nucleus	3|1	oneMulti
P30086	Q9H0W9	Cytoplasm	Nucleus	1|1	bothSingle
Q13478	Q14116	Membrane	Cytoplasm,Secreted	1|2	oneMulti
Q86TI0	Q8IW70	Nucleus	Membrane	1|1	bothSingle
Q8IXR5	Q8NDZ2	none	Cytoplasm,Nucleus	1|2	oneMulti
P32856	Q15833	Membrane	none	1|1	bothSingle
A6NKW6	Q96G27	Membrane	none	1|1	bothSingle
Q96JS3	Q9NX65	none	Nucleus	1|1	bothSingle
P08238	Q9UHD1	Cell membrane,Cytoplasm,Membrane,Nucleus,Secreted	none	5|1	oneMulti
P16520	P20941	none	Cell projection,Cilium,Cytoplasm,Nucleus	1|4	oneMulti
O14948	Q9Y5X0	Nucleus	Cytoplasm,Cytoskeleton,Endosome,Membrane	1|4	oneMulti
O95400	P06729	Cytoplasm,Nucleus	Cell membrane,Membrane	2|2	bothMulti
P04141	P32927	Secreted	Membrane	1|1	bothSingle
A0A1W2PPW3	Q6SJ96	none	Cytoplasm,Nucleus	1|2	oneMulti
O14602	O60739	Cytoplasm	none	1|1	bothSingle
Q8NB46	Q96II8	none	Cytoplasm	1|1	bothSingle
Q7Z7K0	Q9BZL1	Mitochondrion	Cytoplasm,Nucleus	1|2	oneMulti
P49207	Q9BQ61	Cytoplasm,Endoplasmic reticulum	none	2|1	oneMulti
O75197	Q9Y6F9	Endoplasmic reticulum,Membrane	Extracellular matrix,Secreted	2|2	bothMulti
Q9HCN4	Q9UHW5	Cytoplasm,Nucleus	none	2|1	oneMulti
O43242	Q14C86	Proteasome	Endosome,Membrane	1|2	oneMulti
P26010	Q86UX7	Cell membrane,Membrane	Cell junction,Cell projection	2|2	bothMulti
Q9NY57	Q9Y2S7	none	Mitochondrion,Nucleus	1|2	oneMulti
P49840	Q9HB71	none	Cytoplasm,Nucleus	1|2	oneMulti
O43933	Q9UK99	Cytoplasm,Membrane,Peroxisome	Nucleus	3|1	oneMulti
O00206	Q8N2E2	Cell membrane,Cell projection,Endosome,Membrane	Secreted	4|1	oneMulti
Q14203	Q9H6K5	Cytoplasm,Cytoskeleton,Dynein,Microtubule,Nucleus	none	5|1	oneMulti
O14746	Q7Z4Q2	Chromosome,Cytoplasm,Nucleus,Telomere	none	4|1	oneMulti
Q6JVE5	Q6ZST4	Secreted	none	1|1	bothSingle
Q07020	Q68D10	Cytoplasm,Endoplasmic reticulum	Nucleus	2|1	oneMulti
P99999	Q92620	Mitochondrion	Nucleus,Spliceosome	1|2	oneMulti
Q12872	Q9ULJ7	Nucleus	Endosome	1|1	bothSingle
P12872	Q6DKK2	Secreted	Membrane,Mitochondrion,Mitochondrion inner membrane	1|3	oneMulti
Q15057	Q96P50	Endosome,Membrane	none	2|1	oneMulti
O15488	P37287	none	Endoplasmic reticulum,Membrane	1|2	oneMulti
Q15369	Q8NG57	Nucleus	none	1|1	bothSingle
Q5JSH3	Q96KB5	Cytoplasm,Endosome,Golgi apparatus,Membrane	none	4|1	oneMulti
P35659	Q9NYZ3	Nucleus	Cytoplasm,Cytoskeleton,Microtubule	1|3	oneMulti
Q8NFU3	Q9Y3D2	Cytoplasm	Mitochondrion	1|1	bothSingle
P82979	Q9BYJ9	Nucleus	Cytoplasm	1|1	bothSingle
Q5QP82	Q96QF0	none	Cell projection,Cytoplasm,Cytoskeleton,Nucleus	1|4	oneMulti
Q6NUM6	Q9Y3D0	none	Cytoplasm,Cytoskeleton,Nucleus	1|3	oneMulti
O60759	Q9UIA0	Cytoplasm,Endosome	Cell membrane,Membrane	2|2	bothMulti
O00744	Q9H237	Extracellular matrix,Secreted	Endoplasmic reticulum,Membrane	2|2	bothMulti
Q13795	Q9NZQ0	Golgi apparatus	Nucleus	1|1	bothSingle
O60238	Q96DT6	Endoplasmic reticulum,Membrane,Mitochondrion,Mitochondrion outer membrane,Nucleus	Cytoplasm	5|1	oneMulti
O14950	Q9Y5S2	none	Cell junction,Cell membrane,Cell projection,Cytoplasm,Membrane	1|5	oneMulti
P11488	P62873	Cell projection,Membrane	none	2|1	oneMulti
P33908	Q9NY27	Golgi apparatus,Membrane	Cytoplasm,Cytoskeleton,Nucleus	2|3	bothMulti
Q4VC12	Q86UW9	none	Cytoplasm,Nucleus	1|2	oneMulti
O14901	Q3SY69	Nucleus	Mitochondrion	1|1	bothSingle
Q6EEV6	Q96SB8	none	Chromosome,Nucleus,Telomere	1|3	oneMulti
Q13838	Q8N9M1	Cytoplasm,Nucleus,Spliceosome	none	3|1	oneMulti
P01308	Q717R9	Secreted	Cell membrane,Cell projection,Cilium,Cytoplasm,Cytoskeleton,Membrane	1|6	oneMulti
P62837	Q8WWF5	none	Endoplasmic reticulum,Membrane	1|2	oneMulti
P01137	P26012	Extracellular matrix,Secreted	Cell membrane,Membrane	2|2	bothMulti
P62760	Q8N7P1	none	Membrane	1|1	bothSingle
P20336	Q9P2M4	Cell membrane,Cell projection,Cytoplasm,Cytoplasmic vesicle,Lysosome,Membrane,Synapse	Golgi apparatus	7|1	oneMulti
P54253	Q9UPU3	Cytoplasm,Nucleus	Membrane	2|1	oneMulti
P62837	Q9H6Y7	none	Cell membrane,Cytoplasm,Endosome,Lysosome,Membrane	1|5	oneMulti
A8K8P3	Q9BUY7	Cytoplasm,Cytoskeleton	none	2|1	oneMulti
O95881	Q9Y3D2	Endoplasmic reticulum	Mitochondrion	1|1	bothSingle
O14544	Q8TAF3	none	Cytoplasm,Endosome,Lysosome,Nucleus	1|4	oneMulti
O43663	Q96RU8	Chromosome,Cytoplasm,Cytoskeleton,Microtubule,Nucleus	none	5|1	oneMulti
Q13451	Q9BXA6	Cytoplasm,Nucleus	none	2|1	oneMulti
Q5TC63	Q96DA2	none	Cell membrane,Cytoplasmic vesicle,Golgi apparatus,Membrane	1|4	oneMulti
P30679	P49795	none	Membrane	1|1	bothSingle
O15550	P24539	Nucleus	CF(0),Membrane,Mitochondrion,Mitochondrion inner membrane	1|4	oneMulti
Q6TDP4	Q9UH77	Synapse	Cytoplasm,Cytoskeleton	1|2	oneMulti
P16619	P51684	Secreted	Cell membrane,Membrane	1|2	oneMulti
Q96LR5	Q96PU5	none	Cytoplasm,Endosome,Golgi apparatus	1|3	oneMulti
P63272	Q9H173	Nucleus	Endoplasmic reticulum	1|1	bothSingle
P51677	P78556	Cell membrane,Membrane	Secreted	2|1	oneMulti
P57740	Q6UY01	Centromere,Chromosome,Kinetochore,Membrane,Nuclear pore complex,Nucleus	none	6|1	oneMulti
P24534	P50750	none	Cytoplasm,Nucleus	1|2	oneMulti
P07196	Q9Y4I1	Cell projection,Cytoplasm,Cytoskeleton,Intermediate filament	none	4|1	oneMulti
Q562E7	Q8TBP0	Cytoplasm,Cytoplasmic vesicle,Endosome,Lysosome,Membrane,Mitochondrion	none	6|1	oneMulti
Q7Z5B4	Q9NWS8	Endoplasmic reticulum,Golgi apparatus,Membrane	Mitochondrion	3|1	oneMulti
Q9UJX2	Q9UM11	none	Cytoplasm,Nucleus	1|2	oneMulti
P07998	P13489	Secreted	Cytoplasm	1|1	bothSingle
Q86X02	Q9UBB9	none	Cytoplasm,Nucleus,Spliceosome	1|3	oneMulti
O00160	O95782	none	Cell membrane,Coated pit,Membrane	1|3	oneMulti
Q2TAY7	Q96K17	Cytoplasm,Nucleus	none	2|1	oneMulti
Q99836	Q9NPH3	Cytoplasm,Nucleus	Cell membrane,Membrane,Secreted	2|3	bothMulti
Q17RN3	Q9Y224	none	Cytoplasm,Cytoskeleton,Nucleus	1|3	oneMulti
O60256	Q8IZP0	none	Cell projection,Cytoplasm,Cytoskeleton,Nucleus,Synapse	1|5	oneMulti
P36873	Q96I34	Centromere,Chromosome,Cytoplasm,Cytoskeleton,Kinetochore,Mitochondrion,Nucleus	Cell membrane,Membrane	7|2	bothMulti
P07900	Q9UHD1	Cell membrane,Cytoplasm,Membrane,Mitochondrion,Nucleus	none	5|1	oneMulti
P20674	Q9NRX4	Membrane,Mitochondrion,Mitochondrion inner membrane	Cytoplasm	3|1	oneMulti
O14921	P50148	none	Cell membrane,Golgi apparatus,Membrane,Nucleus	1|4	oneMulti
O43318	Q8N5C8	Cell membrane,Cytoplasm,Membrane	none	3|1	oneMulti
P55265	Q5VWN6	Cytoplasm,Nucleus	none	2|1	oneMulti
Q8NC51	Q9NQ39	Cytoplasm,Nucleus	none	2|1	oneMulti
Q6RFH5	Q8TEA1	Nucleus	Cytoplasm	1|1	bothSingle
Q9Y3U8	Q9Y5L4	Cytoplasm	Membrane,Mitochondrion,Mitochondrion inner membrane	1|3	oneMulti
Q8NBR0	Q9BQ48	Cell membrane,Cytoplasm,Membrane	Mitochondrion	3|1	oneMulti
Q05D32	Q8N165	none	Nucleus	1|1	bothSingle
Q13206	Q9NVP1	none	Chromosome,Nucleus	1|2	oneMulti
O95831	Q5VYY2	Cytoplasm,Membrane,Mitochondrion,Mitochondrion inner membrane,Nucleus	Secreted	5|1	oneMulti
P61204	Q9UIA0	Cytoplasm,Golgi apparatus	Cell membrane,Membrane	2|2	bothMulti
P42677	Q9UII2	Cytoplasm,Nucleus	Mitochondrion	2|1	oneMulti
O14610	P16520	Cell membrane,Membrane	none	2|1	oneMulti
P49639	P49795	Nucleus	Membrane	1|1	bothSingle
Q14CW9	Q4KMP7	Nucleus	Cell membrane,Cytoplasm,Membrane	1|3	oneMulti
Q1MX18	Q9HCI7	Cytoplasm	none	1|1	bothSingle
Q8WV22	Q9HAY2	Chromosome,Nucleus,Telomere	none	3|1	oneMulti
P29762	P60660	Cytoplasm	none	1|1	bothSingle
Q9H8L6	Q9NPY3	Extracellular matrix,Secreted	Membrane	2|1	oneMulti
Q15369	Q96JP0	Nucleus	none	1|1	bothSingle
P61981	Q7Z6B7	Cytoplasm	none	1|1	bothSingle
P02778	P51681	Secreted	Cell membrane,Membrane	1|2	oneMulti
P52306	P84077	Cytoplasm,Endoplasmic reticulum,Mitochondrion,Nucleus	Golgi apparatus,Membrane,Synapse,Synaptosome	4|4	bothMulti
Q8NBB4	Q96JS3	Nucleus	none	1|1	bothSingle
O94952	Q92610	none	Nucleus	1|1	bothSingle
P49798	P63096	none	Cell membrane,Cytoplasm,Cytoskeleton,Membrane,Nucleus	1|5	oneMulti
O95490	Q5JU00	Membrane	Cell projection,Cilium,Cytoplasm,Cytoskeleton,Flagellum	1|5	oneMulti
P41208	Q13555	Cytoplasm,Cytoskeleton,Nuclear pore complex,Nucleus	Membrane,Sarcoplasmic reticulum	4|2	bothMulti
A0A494BZU2	P52298	none	Cytoplasm,Nucleus	1|2	oneMulti
P41567	P55769	Cytoplasm	Nucleus,Spliceosome	1|2	oneMulti
P78317	Q6EEV6	Cytoplasm,Nucleus	none	2|1	oneMulti
A0A2R8Y422	P62851	none	Cytoplasm	1|1	bothSingle
O95478	P49207	Nucleus	Cytoplasm,Endoplasmic reticulum	1|2	oneMulti
O15539	P30679	Cytoplasm,Membrane	none	2|1	oneMulti
P28066	Q5JS54	Cytoplasm,Nucleus,Proteasome	none	3|1	oneMulti
Q5VV42	Q86VZ6	Endoplasmic reticulum,Membrane	Nucleus	2|1	oneMulti
O60927	P36873	none	Centromere,Chromosome,Cytoplasm,Cytoskeleton,Kinetochore,Mitochondrion,Nucleus	1|7	oneMulti
A0FGR9	O14578	Cell membrane,Endoplasmic reticulum,Membrane	Cytoplasm	3|1	oneMulti
P05114	Q08426	Cytoplasm,Nucleus	Peroxisome	2|1	oneMulti
Q8N3H0	Q9Y274	Cytoplasm,Nucleus	Golgi apparatus,Membrane	2|2	bothMulti
P51668	Q16763	Cytoplasm	none	1|1	bothSingle
Q9BZX2	Q9NWZ5	none	Cytoplasm,Nucleus	1|2	oneMulti
Q08334	Q8IZJ0	Membrane	Secreted	1|1	bothSingle
P30050	Q8NHW5	Cytoplasm	none	1|1	bothSingle
B2RXH8	Q86SE5	Nucleus	none	1|1	bothSingle
P04626	Q9ULV8	Cell membrane,Cell projection,Cytoplasm,Endosome,Membrane,Nucleus	none	6|1	oneMulti
O75084	P41221	Cell membrane,Endosome,Membrane	Extracellular matrix,Secreted	3|2	bothMulti
P04629	P54105	Cell membrane,Endosome,Membrane	Cytoplasm,Cytoskeleton,Nucleus	3|3	bothMulti
Q03989	Q8N8Y2	Nucleus	none	1|1	bothSingle
P61968	Q93062	none	Cytoplasm,Nucleus	1|2	oneMulti
P62847	Q8TD47	Cytoplasm,Nucleus	none	2|1	oneMulti
Q4V339	Q969T3	Nucleus	Cytoplasmic vesicle,Endosome,Membrane	1|3	oneMulti
Q99836	Q9NR96	Cytoplasm,Nucleus	Cytoplasmic vesicle,Endoplasmic reticulum,Endosome,Lysosome,Membrane	2|5	bothMulti
A0A075B767	Q6P4F2	Cytoplasm	Mitochondrion	1|1	bothSingle
P62140	Q6NXS1	Cytoplasm,Nucleus	none	2|1	oneMulti
P00441	P01034	Cytoplasm,Nucleus	Amyloid,Secreted	2|2	bothMulti
P51684	P78556	Cell membrane,Membrane	Secreted	2|1	oneMulti
P61086	Q7L0R7	Cytoplasm	none	1|1	bothSingle
P56192	Q9UBC5	Cytoplasm,Nucleus	none	2|1	oneMulti
A8MT70	Q92673	none	Cell membrane,Cytoplasmic vesicle,Endoplasmic reticulum,Endosome,Golgi apparatus,Membrane,Secreted	1|7	oneMulti
P55201	Q6RI45	Chromosome,Cytoplasm,Nucleus	none	3|1	oneMulti
O95861	P41002	none	Cytoplasm,Cytoskeleton,Nucleus	1|3	oneMulti
P08246	P19652	Cytoplasmic vesicle	Secreted	1|1	bothSingle
Q00535	Q8NFV5	Cell membrane,Cell projection,Cytoplasm,Membrane,Nucleus,Synapse	none	6|1	oneMulti
Q96EX1	Q9Y324	Membrane	Nucleus	1|1	bothSingle
O15455	Q149N8	Endoplasmic reticulum,Endosome,Membrane	none	3|1	oneMulti
Q8IUY3	Q96HH9	Cell membrane,Endoplasmic reticulum,Membrane	none	3|1	oneMulti
P62993	Q9H706	Cytoplasm,Endosome,Golgi apparatus,Nucleus	none	4|1	oneMulti
P50150	P62873	Cell membrane,Membrane	none	2|1	oneMulti
O60927	Q15435	none	Nucleus	1|1	bothSingle
P61225	Q9NQW6	Endosome,Membrane	Cell projection,Cytoplasm,Cytoskeleton,Nucleus	2|4	bothMulti
O75791	Q8WWW8	Cytoplasm,Endosome,Nucleus	none	3|1	oneMulti
P12544	P25024	Secreted	Cell membrane,Membrane	1|2	oneMulti
P08708	Q9Y291	Cytoplasm,Nucleus	Mitochondrion	2|1	oneMulti
O00212	Q99819	Cell membrane,Endosome,Membrane	Cytoplasm	3|1	oneMulti
Q02045	Q9UKX3	none	Cytoplasm,Thick filament	1|2	oneMulti
Q14247	Q9C0K3	Cell junction,Cell membrane,Cell projection,Coated pit,Cytoplasm,Cytoskeleton,Endoplasmic reticulum,Membrane,Synapse	none	9|1	oneMulti
P62256	Q9Y508	none	Cytoplasm,Nucleus	1|2	oneMulti
Q10567	Q9NSY1	Cytoplasmic vesicle,Golgi apparatus,Membrane	Nucleus	3|1	oneMulti
P53634	Q9Y5Y6	Lysosome	Membrane	1|1	bothSingle
P19087	P62879	Cell projection	Cell membrane,Cytoplasm,Membrane	1|3	oneMulti
O14593	Q13084	Cytoplasm,Nucleus	Mitochondrion	2|1	oneMulti
Q96J02	Q96LR5	Cell membrane,Cytoplasm,Endosome,Membrane,Nucleus	none	5|1	oneMulti
Q64LD2	Q8IWK6	none	Membrane	1|1	bothSingle
Q6UWT4	Q96KR6	Secreted	Membrane,Mitochondrion,Mitochondrion outer membrane	1|3	oneMulti
O95478	Q9NX20	Nucleus	Mitochondrion	1|1	bothSingle
P05386	P68400	none	Nucleus	1|1	bothSingle
O14815	Q96L46	none	Cell membrane,Cytoplasm,Membrane	1|3	oneMulti
